2026-03-24T07:35:06.154Z|0x19b8c|[Licensing::Module] Trying to connect to existing licensing client channel...
2026-03-24T07:35:06.154Z|0xc5c0|Built from '6000.3/staging' branch; Version is '6000.3.8f1 (1c7db571dde0) revision 1867189'; Using compiler version '194234433'; Build Type 'Release'
2026-03-24T07:35:06.154Z|0xc5c0|OS: 'Windows 11  (10.0.26100) CoreSingleLanguage' Language: 'en' Physical Memory: 23983 MB
2026-03-24T07:35:06.154Z|0x19b8c|[Licensing::IpcConnector] Successfully connected to: "LicenseClient-Rajat" at "2026-03-24T07:35:06.1548462Z"
2026-03-24T07:35:06.154Z|0xc5c0|BatchMode: 1, IsHumanControllingUs: 0, StartBugReporterOnCrash: 0, Is64bit: 1
2026-03-24T07:35:06.155Z|0xc5c0|System  architecture: x64
2026-03-24T07:35:06.155Z|0xc5c0|Process architecture: x64
2026-03-24T07:35:06.155Z|0xc5c0|Date: 2026-03-24T07:35:06Z
2026-03-24T07:35:06.402Z|0xc5c0|
COMMAND LINE ARGUMENTS:
2026-03-24T07:35:06.402Z|0xc5c0|C:\Program Files\Unity\Hub\Editor\6000.3.8f1\Editor\Unity.exe
2026-03-24T07:35:06.402Z|0xc5c0|-adb2
2026-03-24T07:35:06.402Z|0xc5c0|-batchMode
2026-03-24T07:35:06.402Z|0xc5c0|-noUpm
2026-03-24T07:35:06.402Z|0xc5c0|-name
2026-03-24T07:35:06.402Z|0xc5c0|AssetImportWorker6
2026-03-24T07:35:06.402Z|0xc5c0|-projectPath
2026-03-24T07:35:06.402Z|0xc5c0|D:/Work/rigidbody-fps-controller-tutorial
2026-03-24T07:35:06.402Z|0xc5c0|-logFile
2026-03-24T07:35:06.402Z|0xc5c0|Logs/AssetImportWorker6.log
2026-03-24T07:35:06.402Z|0xc5c0|-srvPort
2026-03-24T07:35:06.402Z|0xc5c0|57329
2026-03-24T07:35:06.402Z|0xc5c0|-licensingIpc
2026-03-24T07:35:06.402Z|0xc5c0|LicenseClient-Rajat
2026-03-24T07:35:06.402Z|0xc5c0|-job-worker-count
2026-03-24T07:35:06.402Z|0xc5c0|7
2026-03-24T07:35:06.402Z|0xc5c0|-background-job-worker-count
2026-03-24T07:35:06.402Z|0xc5c0|8
2026-03-24T07:35:06.402Z|0xc5c0|-gc-helper-count
2026-03-24T07:35:06.402Z|0xc5c0|1
2026-03-24T07:35:06.402Z|0xc5c0|-name
2026-03-24T07:35:06.402Z|0xc5c0|AssetImport
2026-03-24T07:35:06.402Z|0xc5c0|Successfully changed project path to: D:/Work/rigidbody-fps-controller-tutorial
2026-03-24T07:35:06.403Z|0xc5c0|D:/Work/rigidbody-fps-controller-tutorial
2026-03-24T07:35:06.404Z|0xc5c0|[UnityMemory] Configuration Parameters - Can be set up in boot.config
2026-03-24T07:35:06.404Z|0xc5c0|    "memorysetup-temp-allocator-size-nav-mesh-worker=65536"
2026-03-24T07:35:06.404Z|0xc5c0|    "memorysetup-temp-allocator-size-audio-worker=65536"
2026-03-24T07:35:06.404Z|0xc5c0|    "memorysetup-temp-allocator-size-gfx=262144"
2026-03-24T07:35:06.404Z|0xc5c0|    "memorysetup-allocator-temp-initial-block-size-main=262144"
2026-03-24T07:35:06.404Z|0xc5c0|    "memorysetup-allocator-temp-initial-block-size-worker=262144"
2026-03-24T07:35:06.404Z|0xc5c0|    "memorysetup-temp-allocator-size-background-worker=32768"
2026-03-24T07:35:06.404Z|0xc5c0|    "memorysetup-temp-allocator-size-job-worker=262144"
2026-03-24T07:35:06.404Z|0xc5c0|    "memorysetup-temp-allocator-size-preload-manager=33554432"
2026-03-24T07:35:06.404Z|0xc5c0|    "memorysetup-temp-allocator-size-gi-baking-worker=262144"
2026-03-24T07:35:06.404Z|0xc5c0|    "memorysetup-temp-allocator-size-gi-baking-worker=262144"
2026-03-24T07:35:06.404Z|0xc5c0|    "memorysetup-temp-allocator-size-gi-baking-worker=262144"
2026-03-24T07:35:06.404Z|0xc5c0|    "memorysetup-temp-allocator-size-gi-baking-worker=262144"
2026-03-24T07:35:06.404Z|0xc5c0|    "memorysetup-temp-allocator-size-gi-baking-worker=262144"
2026-03-24T07:35:06.404Z|0xc5c0|    "memorysetup-bucket-allocator-granularity=16"
2026-03-24T07:35:06.404Z|0xc5c0|    "memorysetup-bucket-allocator-bucket-count=8"
2026-03-24T07:35:06.404Z|0xc5c0|    "memorysetup-bucket-allocator-block-size=33554432"
2026-03-24T07:35:06.404Z|0xc5c0|    "memorysetup-bucket-allocator-block-count=8"
2026-03-24T07:35:06.404Z|0xc5c0|    "memorysetup-main-allocator-block-size=16777216"
2026-03-24T07:35:06.404Z|0xc5c0|    "memorysetup-thread-allocator-block-size=16777216"
2026-03-24T07:35:06.404Z|0xc5c0|    "memorysetup-gfx-main-allocator-block-size=16777216"
2026-03-24T07:35:06.404Z|0xc5c0|    "memorysetup-gfx-thread-allocator-block-size=16777216"
2026-03-24T07:35:06.404Z|0xc5c0|    "memorysetup-cache-allocator-block-size=4194304"
2026-03-24T07:35:06.404Z|0xc5c0|    "memorysetup-typetree-allocator-block-size=2097152"
2026-03-24T07:35:06.404Z|0xc5c0|    "memorysetup-profiler-bucket-allocator-granularity=16"
2026-03-24T07:35:06.404Z|0xc5c0|    "memorysetup-profiler-bucket-allocator-bucket-count=8"
2026-03-24T07:35:06.404Z|0xc5c0|    "memorysetup-profiler-bucket-allocator-block-size=33554432"
2026-03-24T07:35:06.404Z|0xc5c0|    "memorysetup-profiler-bucket-allocator-block-count=8"
2026-03-24T07:35:06.404Z|0xc5c0|    "memorysetup-profiler-allocator-block-size=16777216"
2026-03-24T07:35:06.404Z|0xc5c0|    "memorysetup-profiler-editor-allocator-block-size=1048576"
2026-03-24T07:35:06.404Z|0xc5c0|    "memorysetup-temp-allocator-size-main=16777216"
2026-03-24T07:35:06.404Z|0xc5c0|    "memorysetup-job-temp-allocator-block-size=2097152"
2026-03-24T07:35:06.404Z|0xc5c0|    "memorysetup-job-temp-allocator-block-size-background=1048576"
2026-03-24T07:35:06.404Z|0xc5c0|    "memorysetup-job-temp-allocator-reduction-small-platforms=262144"
2026-03-24T07:35:06.404Z|0xc5c0|    "memorysetup-temp-allocator-size-cloud-worker=32768"
2026-03-24T07:35:06.414Z|0xc5c0|Player connection [50624]  Target information:

2026-03-24T07:35:06.414Z|0xc5c0|Player connection [50624]  * "[IP] 192.168.3.130 [Port] 0 [Flags] 2 [Guid] 168312766 [EditorId] 168312766 [Version] 1048832 [Id] WindowsEditor(7,Rajat) [Debug] 1 [PackageName] WindowsEditor [ProjectName] Editor" 

2026-03-24T07:35:06.416Z|0xc5c0|Player connection [50624] Host joined multi-casting on [225.0.0.222:54997]...
2026-03-24T07:35:06.416Z|0xc5c0|Player connection [50624] Host joined alternative multi-casting on [225.0.0.222:34997]...
2026-03-24T07:35:06.417Z|0xc5c0|JobSystem: Creating JobQueue using job-worker-count value 7
2026-03-24T07:35:06.422Z|0xc5c0|Input System module state changed to: Initialized.
2026-03-24T07:35:06.424Z|0xc5c0|[Physics::Module] Initialized fallback backend.
2026-03-24T07:35:06.424Z|0xc5c0|[Physics::Module] Id: 0xdecafbad
2026-03-24T07:35:06.471Z|0xc5c0|Library Redirect Path: Library/
2026-03-24T07:35:06.510Z|0xc5c0|[Physics::Module] Selected backend.
2026-03-24T07:35:06.510Z|0xc5c0|[Physics::Module] Name: PhysX
2026-03-24T07:35:06.510Z|0xc5c0|[Physics::Module] Id: 0xf2b8ea05
2026-03-24T07:35:06.510Z|0xc5c0|[Physics::Module] SDK Version: 4.1.2
2026-03-24T07:35:06.510Z|0xc5c0|[Physics::Module] Integration Version: 1.0.0
2026-03-24T07:35:06.511Z|0xc5c0|[Physics::Module] Threading Mode: Multi-Threaded
2026-03-24T07:35:06.519Z|0xc5c0|Refreshing native plugins compatible for Editor in 0.98 ms, found 2 plugins.
2026-03-24T07:35:06.519Z|0xc5c0|Preloading 0 native plugins for Editor in 0.00 ms.
2026-03-24T07:35:06.520Z|0xc5c0|Initialize engine version: 6000.3.8f1 (1c7db571dde0)
2026-03-24T07:35:06.520Z|0xc5c0|[Subsystems] Discovering subsystems at path C:/Program Files/Unity/Hub/Editor/6000.3.8f1/Editor/Data/Resources/UnitySubsystems
2026-03-24T07:35:06.520Z|0xc5c0|[Subsystems] Discovering subsystems at path D:/Work/rigidbody-fps-controller-tutorial/Assets
2026-03-24T07:35:06.521Z|0xc5c0|GfxDevice: creating device client; kGfxThreadingModeNonThreaded
2026-03-24T07:35:06.754Z|0xc5c0|Direct3D:
2026-03-24T07:35:06.754Z|0xc5c0|    Version:  Direct3D 11.0 [level 11.1]
2026-03-24T07:35:06.754Z|0xc5c0|    Renderer: NVIDIA GeForce GTX 1650 (ID=0x1f9d)
2026-03-24T07:35:06.754Z|0xc5c0|    Vendor:   NVIDIA
2026-03-24T07:35:06.754Z|0xc5c0|    VRAM:     3937 MB
2026-03-24T07:35:06.754Z|0xc5c0|    Driver:   32.0.15.7700
2026-03-24T07:35:06.896Z|0xc5c0|Initialize mono
2026-03-24T07:35:06.896Z|0xc5c0|Mono path[0] = 'C:/Program Files/Unity/Hub/Editor/6000.3.8f1/Editor/Data/Managed'
2026-03-24T07:35:06.896Z|0xc5c0|Mono path[1] = 'C:/Program Files/Unity/Hub/Editor/6000.3.8f1/Editor/Data/MonoBleedingEdge/lib/mono/unityjit-win32'
2026-03-24T07:35:06.896Z|0xc5c0|Mono config path = 'C:/Program Files/Unity/Hub/Editor/6000.3.8f1/Editor/Data/MonoBleedingEdge/etc'
2026-03-24T07:35:06.896Z|0xc5c0|Using monoOptions --debugger-agent=transport=dt_socket,embedding=1,server=y,suspend=n,address=127.0.0.1:56496
2026-03-24T07:35:06.953Z|0xc5c0|Begin MonoManager ReloadAssembly
2026-03-24T07:35:07.221Z|0xc5c0|Registering precompiled unity dll's ...
2026-03-24T07:35:07.222Z|0xc5c0|Register platform support module: C:/Program Files/Unity/Hub/Editor/6000.3.8f1/Editor/Data/PlaybackEngines/WebGLSupport/UnityEditor.WebGL.Extensions.dll
2026-03-24T07:35:07.223Z|0xc5c0|Register platform support module: C:/Program Files/Unity/Hub/Editor/6000.3.8f1/Editor/Data/PlaybackEngines/WindowsStandaloneSupport/UnityEditor.WindowsStandalone.Extensions.dll
2026-03-24T07:35:07.224Z|0xc5c0|[Licensing::Module] Licensing is not yet initialized.
2026-03-24T07:35:07.277Z|0x19b8c|[Licensing::Client] Handshaking with LicensingClient:
  Version:                 1.17.4+4293ba1
  Session Id:              b931ed259ef64dabac5eb23686dd7886
  Correlation Id:          5b8ead10a56030e887729f7244401493
  External correlation Id: 3604782794384959593
  Machine Id:              bZLnVjDChyW3KAMtcXptXTvD4Rw=
2026-03-24T07:35:07.277Z|0x19b8c|[Licensing::Module] Successfully connected to LicensingClient on channel: "LicenseClient-Rajat" (connect: 0.00s, validation: 0.00s, handshake: 1.12s)
2026-03-24T07:35:07.277Z|0x19b8c|[Licensing::IpcConnector] Successfully connected to: "LicenseClient-Rajat-notifications" at "2026-03-24T07:35:07.2777841Z"
2026-03-24T07:35:07.277Z|0x19b8c|[Licensing::Module] Licensing Background thread has ended after 1.12s
2026-03-24T07:35:07.277Z|0xc5c0|[Licensing::Module] Licensing is initialized (took 0.05s).
2026-03-24T07:35:07.281Z|0xc5c0|[Licensing::Client] Successfully resolved entitlement details
2026-03-24T07:35:07.281Z|0xc5c0|[Licensing::Module] License group:
  Id: 13469681201219-rendered-ideas-softgame-pvt-ltd-UnitXXXX
  Product: Unity Pro
  Type: Assigned
  Expiration: 2026-04-07T00:00:00Z
2026-03-24T07:35:07.281Z|0xc5c0|Register platform support module: C:/Program Files/Unity/Hub/Editor/6000.3.8f1/Editor/Data/PlaybackEngines/AndroidPlayer/UnityEditor.Android.Extensions.dll
2026-03-24T07:35:07.282Z|0xc5c0|Registered in 0.061489 seconds.
2026-03-24T07:35:07.548Z|0xc5c0|- Loaded All Assemblies, in  0.596 seconds
2026-03-24T07:35:07.653Z|0xc5c0|Native extension for Android target not found
2026-03-24T07:35:07.964Z|0xc5c0|Android Extension - Scanning For ADB Devices 264 ms
Native extension for WindowsStandalone target not found
2026-03-24T07:35:07.966Z|0xc5c0|Native extension for WebGL target not found
2026-03-24T07:35:08.380Z|0xc5c0|ScheduleIndexationOnStartup MainProcess:False IndexOnStartup:True
Mono: successfully reloaded assembly
2026-03-24T07:35:08.424Z|0xc5c0|- Finished resetting the current domain, in  0.876 seconds
2026-03-24T07:35:08.425Z|0xc5c0|Domain Reload Profiling: 1470ms
	BeginReloadAssembly (167ms)
		ExecutionOrderSort (0ms)
		DisableScriptedObjects (0ms)
		BackupInstance (0ms)
		ReleaseScriptingObjects (0ms)
		CreateAndSetChildDomain (1ms)
	RebuildCommonClasses (53ms)
	RebuildNativeTypeToScriptingClass (22ms)
	initialDomainReloadingComplete (121ms)
	LoadAllAssembliesAndSetupDomain (229ms)
		LoadAssemblies (166ms)
		RebuildTransferFunctionScriptingTraits (0ms)
		AnalyzeDomain (223ms)
			TypeCache.Refresh (220ms)
				TypeCache.ScanAssembly (204ms)
			BuildScriptInfoCaches (0ms)
			ResolveRequiredComponents (1ms)
	FinalizeReload (877ms)
		ReleaseScriptCaches (0ms)
		RebuildScriptCaches (0ms)
		SetupLoadedEditorAssemblies (822ms)
			LogAssemblyErrors (0ms)
			InitializePlatformSupportModulesInManaged (384ms)
			SetLoadedEditorAssemblies (5ms)
			BeforeProcessingInitializeOnLoad (121ms)
			ProcessInitializeOnLoadAttributes (215ms)
			ProcessInitializeOnLoadMethodAttributes (97ms)
			AfterProcessingInitializeOnLoad (0ms)
			EditorAssembliesLoaded (0ms)
		ExecutionOrderSort2 (0ms)
		AwakeInstancesAfterBackupRestoration (0ms)
2026-03-24T07:35:08.558Z|0xc5c0|Assembly reference Packages/com.unity.cinemachine/Editor/Samples/ExposeHDRPInternals/HDRP-Editor-ref.asmref has no target assembly definition
========================================================================
2026-03-24T07:35:08.639Z|0xc5c0|Worker process is ready to serve import requests
2026-03-24T07:35:08.641Z|0xc5c0|Import Worker Mode flag is 0x00
2026-03-24T07:35:08.707Z|0xc5c0|Assembly reference Packages/com.unity.cinemachine/Editor/Samples/ExposeHDRPInternals/HDRP-Editor-ref.asmref has no target assembly definition
Assembly reference Packages/com.unity.cinemachine/Editor/Samples/ExposeHDRPInternals/HDRP-Editor-ref.asmref has no target assembly definition
Begin MonoManager ReloadAssembly
2026-03-24T07:35:08.892Z|0xc5c0|[Licensing::Client] Successfully resolved entitlement details
2026-03-24T07:35:09.930Z|0xc5c0|- Loaded All Assemblies, in  1.041 seconds
2026-03-24T07:35:10.094Z|0xc5c0|Assembly reference Packages/com.unity.cinemachine/Editor/Samples/ExposeHDRPInternals/HDRP-Editor-ref.asmref has no target assembly definition
'Packages/com.unity.cinemachine/Editor/Obsolete/CinemachineVirtualCameraBaseEditor.cs' contains partial class of Unity.Object, exactly 1 of the partial classes needs to be in a file with the same filename. This is to know the one that can be referenced from ie. GameObjects
2026-03-24T07:35:10.223Z|0xc5c0|'Packages/com.unity.cinemachine/Editor/Editors/CinemachineVirtualCameraBaseEditor.cs' contains partial class of Unity.Object, exactly 1 of the partial classes needs to be in a file with the same filename. This is to know the one that can be referenced from ie. GameObjects
2026-03-24T07:35:10.257Z|0xc5c0|Refreshing native plugins compatible for Editor in 0.49 ms, found 2 plugins.
2026-03-24T07:35:10.480Z|0xc5c0|Native extension for Android target not found
2026-03-24T07:35:10.489Z|0xc5c0|Native extension for WindowsStandalone target not found
2026-03-24T07:35:10.489Z|0xc5c0|Native extension for WebGL target not found
2026-03-24T07:35:10.674Z|0xc5c0|Assembly reference Packages/com.unity.cinemachine/Editor/Samples/ExposeHDRPInternals/HDRP-Editor-ref.asmref has no target assembly definition
Package Manager log level set to [2]
2026-03-24T07:35:10.954Z|0xc5c0|[Package Manager] Failed to launch server process. Reason: Unity was launched with the -noUpm command-line argument
2026-03-24T07:35:10.954Z|0xc5c0|[Package Manager] Unable to send message (not connected to server process).
2026-03-24T07:35:10.954Z|0xc5c0|[Package Manager] Cannot connect to Unity Package Manager local server
2026-03-24T07:35:10.969Z|0xc5c0|[Package Manager] Failed to launch server process. Reason: Unity was launched with the -noUpm command-line argument
2026-03-24T07:35:10.969Z|0xc5c0|[Package Manager] Unable to send message (not connected to server process).
2026-03-24T07:35:10.969Z|0xc5c0|[Package Manager] Cannot connect to Unity Package Manager local server
2026-03-24T07:35:11.311Z|0xc5c0|ScheduleIndexationOnStartup MainProcess:False IndexOnStartup:True
Mono: successfully reloaded assembly
2026-03-24T07:35:11.372Z|0xc5c0|- Finished resetting the current domain, in  1.114 seconds
2026-03-24T07:35:11.373Z|0xc5c0|Domain Reload Profiling: 2153ms
	BeginReloadAssembly (252ms)
		ExecutionOrderSort (0ms)
		DisableScriptedObjects (11ms)
		BackupInstance (0ms)
		ReleaseScriptingObjects (0ms)
		CreateAndSetChildDomain (49ms)
	RebuildCommonClasses (48ms)
	RebuildNativeTypeToScriptingClass (15ms)
	initialDomainReloadingComplete (48ms)
	LoadAllAssembliesAndSetupDomain (675ms)
		LoadAssemblies (479ms)
		RebuildTransferFunctionScriptingTraits (0ms)
		AnalyzeDomain (332ms)
			TypeCache.Refresh (246ms)
				TypeCache.ScanAssembly (225ms)
			BuildScriptInfoCaches (67ms)
			ResolveRequiredComponents (13ms)
	FinalizeReload (1114ms)
		ReleaseScriptCaches (0ms)
		RebuildScriptCaches (0ms)
		SetupLoadedEditorAssemblies (859ms)
			LogAssemblyErrors (0ms)
			InitializePlatformSupportModulesInManaged (13ms)
			SetLoadedEditorAssemblies (7ms)
			BeforeProcessingInitializeOnLoad (248ms)
			ProcessInitializeOnLoadAttributes (477ms)
			ProcessInitializeOnLoadMethodAttributes (108ms)
			AfterProcessingInitializeOnLoad (6ms)
			EditorAssembliesLoaded (0ms)
		ExecutionOrderSort2 (0ms)
		AwakeInstancesAfterBackupRestoration (6ms)
2026-03-24T07:35:11.563Z|0xc5c0|Launched and connected shader compiler UnityShaderCompiler.exe after 0.01 seconds
2026-03-24T07:35:11.900Z|0xc5c0|Refreshing native plugins compatible for Editor in 0.91 ms, found 2 plugins.
2026-03-24T07:35:11.900Z|0xc5c0|Preloading 0 native plugins for Editor in 0.00 ms.
2026-03-24T07:35:11.904Z|0x1fb0|Unloading 17 Unused Serialized files (Serialized files now loaded: 0)
2026-03-24T07:35:11.930Z|0xc5c0|Unloading 4704 unused Assets / (4.4 MB). Loaded Objects now: 5506.
Memory consumption went from 130.9 MB to 126.5 MB.
2026-03-24T07:35:11.930Z|0xc5c0|Total: 25.501600 ms (FindLiveObjects: 1.682500 ms CreateObjectMapping: 2.508000 ms MarkObjects: 14.603900 ms  DeleteObjects: 6.703700 ms)

2026-03-24T07:39:30.727Z|0xc5c0|========================================================================
2026-03-24T07:39:30.727Z|0xc5c0|Received Prepare
2026-03-24T07:39:30.829Z|0xc5c0|Assembly reference Packages/com.unity.cinemachine/Editor/Samples/ExposeHDRPInternals/HDRP-Editor-ref.asmref has no target assembly definition
Assembly reference Packages/com.unity.cinemachine/Editor/Samples/ExposeHDRPInternals/HDRP-Editor-ref.asmref has no target assembly definition
Begin MonoManager ReloadAssembly
2026-03-24T07:39:31.067Z|0xc5c0|[Licensing::Client] Successfully resolved entitlement details
2026-03-24T07:39:32.282Z|0xc5c0|- Loaded All Assemblies, in  1.218 seconds
2026-03-24T07:39:32.515Z|0xc5c0|Assembly reference Packages/com.unity.cinemachine/Editor/Samples/ExposeHDRPInternals/HDRP-Editor-ref.asmref has no target assembly definition
'Packages/com.unity.cinemachine/Editor/Obsolete/CinemachineVirtualCameraBaseEditor.cs' contains partial class of Unity.Object, exactly 1 of the partial classes needs to be in a file with the same filename. This is to know the one that can be referenced from ie. GameObjects
2026-03-24T07:39:32.690Z|0xc5c0|'Packages/com.unity.cinemachine/Editor/Editors/CinemachineVirtualCameraBaseEditor.cs' contains partial class of Unity.Object, exactly 1 of the partial classes needs to be in a file with the same filename. This is to know the one that can be referenced from ie. GameObjects
2026-03-24T07:39:32.735Z|0xc5c0|Refreshing native plugins compatible for Editor in 0.61 ms, found 2 plugins.
2026-03-24T07:39:32.945Z|0xc5c0|Native extension for Android target not found
2026-03-24T07:39:32.958Z|0xc5c0|Native extension for WindowsStandalone target not found
2026-03-24T07:39:32.958Z|0xc5c0|Native extension for WebGL target not found
2026-03-24T07:39:33.210Z|0xc5c0|Assembly reference Packages/com.unity.cinemachine/Editor/Samples/ExposeHDRPInternals/HDRP-Editor-ref.asmref has no target assembly definition
[Package Manager] Failed to launch server process. Reason: Unity was launched with the -noUpm command-line argument
2026-03-24T07:39:33.585Z|0xc5c0|[Package Manager] Unable to send message (not connected to server process).
2026-03-24T07:39:33.585Z|0xc5c0|[Package Manager] Cannot connect to Unity Package Manager local server
2026-03-24T07:39:33.601Z|0xc5c0|[Package Manager] Failed to launch server process. Reason: Unity was launched with the -noUpm command-line argument
2026-03-24T07:39:33.601Z|0xc5c0|[Package Manager] Unable to send message (not connected to server process).
2026-03-24T07:39:33.601Z|0xc5c0|[Package Manager] Cannot connect to Unity Package Manager local server
2026-03-24T07:39:33.978Z|0xc5c0|ScheduleIndexationOnStartup MainProcess:False IndexOnStartup:True
Mono: successfully reloaded assembly
2026-03-24T07:39:34.057Z|0xc5c0|- Finished resetting the current domain, in  1.321 seconds
2026-03-24T07:39:34.058Z|0xc5c0|Domain Reload Profiling: 2540ms
	BeginReloadAssembly (345ms)
		ExecutionOrderSort (0ms)
		DisableScriptedObjects (11ms)
		BackupInstance (0ms)
		ReleaseScriptingObjects (0ms)
		CreateAndSetChildDomain (76ms)
	RebuildCommonClasses (58ms)
	RebuildNativeTypeToScriptingClass (30ms)
	initialDomainReloadingComplete (51ms)
	LoadAllAssembliesAndSetupDomain (734ms)
		LoadAssemblies (605ms)
		RebuildTransferFunctionScriptingTraits (0ms)
		AnalyzeDomain (302ms)
			TypeCache.Refresh (12ms)
				TypeCache.ScanAssembly (1ms)
			BuildScriptInfoCaches (272ms)
			ResolveRequiredComponents (11ms)
	FinalizeReload (1323ms)
		ReleaseScriptCaches (0ms)
		RebuildScriptCaches (0ms)
		SetupLoadedEditorAssemblies (1058ms)
			LogAssemblyErrors (0ms)
			InitializePlatformSupportModulesInManaged (17ms)
			SetLoadedEditorAssemblies (9ms)
			BeforeProcessingInitializeOnLoad (334ms)
			ProcessInitializeOnLoadAttributes (611ms)
			ProcessInitializeOnLoadMethodAttributes (81ms)
			AfterProcessingInitializeOnLoad (6ms)
			EditorAssembliesLoaded (0ms)
		ExecutionOrderSort2 (0ms)
		AwakeInstancesAfterBackupRestoration (25ms)
2026-03-24T07:39:34.645Z|0xc5c0|Refreshing native plugins compatible for Editor in 1.03 ms, found 2 plugins.
2026-03-24T07:39:34.645Z|0xc5c0|Preloading 0 native plugins for Editor in 0.00 ms.
2026-03-24T07:39:34.648Z|0x84d8|Unloading 17 Unused Serialized files (Serialized files now loaded: 0)
2026-03-24T07:39:34.671Z|0xc5c0|Unloading 4702 unused Assets / (4.0 MB). Loaded Objects now: 5521.
Memory consumption went from 136.9 MB to 132.9 MB.
2026-03-24T07:39:34.671Z|0xc5c0|Total: 23.010700 ms (FindLiveObjects: 1.634400 ms CreateObjectMapping: 1.822500 ms MarkObjects: 14.150500 ms  DeleteObjects: 5.398700 ms)

2026-03-24T07:39:34.671Z|0xc5c0|Prepare: number of updated asset objects reloaded= 0
2026-03-24T07:40:03.442Z|0xc5c0|========================================================================
Received Import Request.
  Time since last request: 2400406.450605 seconds.
  path: Assets/Prefabs/Bullets/Bullet_Assault.prefab
  artifactKey: Guid(97961d6b05c1b6c48b53dd6b1bf6ef30) Importer(815301076,1909f56bfc062723c751e8b465ee728b)
2026-03-24T07:40:03.454Z|0xc5c0|Start importing Assets/Prefabs/Bullets/Bullet_Assault.prefab using Guid(97961d6b05c1b6c48b53dd6b1bf6ef30) Importer(815301076,1909f56bfc062723c751e8b465ee728b) (PreviewImporter) -> (artifact id: '43f8a00e2f8e1f31c3b8532b648d3f0e') in 0.5340233 seconds
2026-03-24T07:40:04.021Z|0xc5c0|Number of updated asset objects reloaded before import = 0Number of asset objects unloaded after import = 14

2026-03-24T07:40:04.472Z|0xc5c0|========================================================================
Received Import Request.
  Time since last request: 0.449358 seconds.
  path: Assets/Prefabs/Bullets/Bullet_Shotgun.prefab
  artifactKey: Guid(193ce499e005cb845bc57bc826163852) Importer(815301076,1909f56bfc062723c751e8b465ee728b)
2026-03-24T07:40:04.483Z|0xc5c0|Start importing Assets/Prefabs/Bullets/Bullet_Shotgun.prefab using Guid(193ce499e005cb845bc57bc826163852) Importer(815301076,1909f56bfc062723c751e8b465ee728b) (PreviewImporter) -> (artifact id: '8874a921affbfb8822a40cbd72d545a5') in 0.0140417 seconds
2026-03-24T07:40:04.525Z|0xc5c0|Number of updated asset objects reloaded before import = 0Number of asset objects unloaded after import = 13

2026-03-24T07:40:06.861Z|0xc5c0|========================================================================
Received Import Request.
  Time since last request: 2.336254 seconds.
  path: ProjectSettings/TagManager.asset
  artifactKey: Guid(00000000000000003000000000000000) Importer(815301076,1909f56bfc062723c751e8b465ee728b)
2026-03-24T07:40:06.872Z|0xc5c0|Start importing ProjectSettings/TagManager.asset using Guid(00000000000000003000000000000000) Importer(815301076,1909f56bfc062723c751e8b465ee728b) (PreviewImporter) -> (artifact id: '23c51b40012fab9114f20e8ebf978635') in 0.0015146 seconds
2026-03-24T07:40:06.897Z|0xc5c0|Number of updated asset objects reloaded before import = 0Number of asset objects unloaded after import = 0

2026-03-24T07:40:15.430Z|0xc5c0|========================================================================
Received Import Request.
  Time since last request: 8.533872 seconds.
  path: Assets/Prefabs/Target.prefab
  artifactKey: Guid(792d3acc9b2a8a64d9c9b99ff8988d84) Importer(815301076,1909f56bfc062723c751e8b465ee728b)
2026-03-24T07:40:15.441Z|0xc5c0|Start importing Assets/Prefabs/Target.prefab using Guid(792d3acc9b2a8a64d9c9b99ff8988d84) Importer(815301076,1909f56bfc062723c751e8b465ee728b) (PreviewImporter) -> (artifact id: 'c861b54b80ff3e630cd239299b923b3a') in 0.0184061 seconds
2026-03-24T07:40:15.483Z|0xc5c0|Number of updated asset objects reloaded before import = 0Number of asset objects unloaded after import = 11

2026-03-24T07:40:21.810Z|0xc5c0|========================================================================
Received Import Request.
  Time since last request: 6.326700 seconds.
  path: Assets/Prefabs/Bullets/Bullet_Assault.prefab
  artifactKey: Guid(97961d6b05c1b6c48b53dd6b1bf6ef30) Importer(815301076,1909f56bfc062723c751e8b465ee728b)
2026-03-24T07:40:21.821Z|0xc5c0|Start importing Assets/Prefabs/Bullets/Bullet_Assault.prefab using Guid(97961d6b05c1b6c48b53dd6b1bf6ef30) Importer(815301076,1909f56bfc062723c751e8b465ee728b) (PreviewImporter) -> (artifact id: 'b8e227e7e988626d135b3f182485c3e5') in 0.0138989 seconds
2026-03-24T07:40:21.867Z|0xc5c0|Number of updated asset objects reloaded before import = 0Number of asset objects unloaded after import = 13

2026-03-24T07:42:18.798Z|0xc5c0|========================================================================
2026-03-24T07:42:18.798Z|0xc5c0|Received Prepare
2026-03-24T07:42:18.871Z|0xc5c0|Assembly reference Packages/com.unity.cinemachine/Editor/Samples/ExposeHDRPInternals/HDRP-Editor-ref.asmref has no target assembly definition
Assembly reference Packages/com.unity.cinemachine/Editor/Samples/ExposeHDRPInternals/HDRP-Editor-ref.asmref has no target assembly definition
Begin MonoManager ReloadAssembly
2026-03-24T07:42:19.064Z|0xc5c0|[Licensing::Client] Successfully resolved entitlement details
2026-03-24T07:42:20.001Z|0xc5c0|- Loaded All Assemblies, in  0.940 seconds
2026-03-24T07:42:20.175Z|0xc5c0|Assembly reference Packages/com.unity.cinemachine/Editor/Samples/ExposeHDRPInternals/HDRP-Editor-ref.asmref has no target assembly definition
'Packages/com.unity.cinemachine/Editor/Obsolete/CinemachineVirtualCameraBaseEditor.cs' contains partial class of Unity.Object, exactly 1 of the partial classes needs to be in a file with the same filename. This is to know the one that can be referenced from ie. GameObjects
2026-03-24T07:42:20.306Z|0xc5c0|'Packages/com.unity.cinemachine/Editor/Editors/CinemachineVirtualCameraBaseEditor.cs' contains partial class of Unity.Object, exactly 1 of the partial classes needs to be in a file with the same filename. This is to know the one that can be referenced from ie. GameObjects
2026-03-24T07:42:20.336Z|0xc5c0|Refreshing native plugins compatible for Editor in 0.40 ms, found 2 plugins.
2026-03-24T07:42:20.488Z|0xc5c0|Native extension for Android target not found
2026-03-24T07:42:20.496Z|0xc5c0|Native extension for WindowsStandalone target not found
2026-03-24T07:42:20.497Z|0xc5c0|Native extension for WebGL target not found
2026-03-24T07:42:20.661Z|0xc5c0|Assembly reference Packages/com.unity.cinemachine/Editor/Samples/ExposeHDRPInternals/HDRP-Editor-ref.asmref has no target assembly definition
[Package Manager] Failed to launch server process. Reason: Unity was launched with the -noUpm command-line argument
2026-03-24T07:42:20.953Z|0xc5c0|[Package Manager] Unable to send message (not connected to server process).
2026-03-24T07:42:20.953Z|0xc5c0|[Package Manager] Cannot connect to Unity Package Manager local server
2026-03-24T07:42:20.968Z|0xc5c0|[Package Manager] Failed to launch server process. Reason: Unity was launched with the -noUpm command-line argument
2026-03-24T07:42:20.968Z|0xc5c0|[Package Manager] Unable to send message (not connected to server process).
2026-03-24T07:42:20.968Z|0xc5c0|[Package Manager] Cannot connect to Unity Package Manager local server
2026-03-24T07:42:21.302Z|0xc5c0|ScheduleIndexationOnStartup MainProcess:False IndexOnStartup:True
Mono: successfully reloaded assembly
2026-03-24T07:42:21.382Z|0xc5c0|- Finished resetting the current domain, in  1.045 seconds
2026-03-24T07:42:21.383Z|0xc5c0|Domain Reload Profiling: 1986ms
	BeginReloadAssembly (290ms)
		ExecutionOrderSort (0ms)
		DisableScriptedObjects (26ms)
		BackupInstance (0ms)
		ReleaseScriptingObjects (0ms)
		CreateAndSetChildDomain (89ms)
	RebuildCommonClasses (44ms)
	RebuildNativeTypeToScriptingClass (15ms)
	initialDomainReloadingComplete (48ms)
	LoadAllAssembliesAndSetupDomain (542ms)
		LoadAssemblies (435ms)
		RebuildTransferFunctionScriptingTraits (0ms)
		AnalyzeDomain (222ms)
			TypeCache.Refresh (10ms)
				TypeCache.ScanAssembly (0ms)
			BuildScriptInfoCaches (195ms)
			ResolveRequiredComponents (11ms)
	FinalizeReload (1046ms)
		ReleaseScriptCaches (0ms)
		RebuildScriptCaches (0ms)
		SetupLoadedEditorAssemblies (845ms)
			LogAssemblyErrors (0ms)
			InitializePlatformSupportModulesInManaged (12ms)
			SetLoadedEditorAssemblies (6ms)
			BeforeProcessingInitializeOnLoad (241ms)
			ProcessInitializeOnLoadAttributes (484ms)
			ProcessInitializeOnLoadMethodAttributes (94ms)
			AfterProcessingInitializeOnLoad (6ms)
			EditorAssembliesLoaded (0ms)
		ExecutionOrderSort2 (0ms)
		AwakeInstancesAfterBackupRestoration (19ms)
2026-03-24T07:42:22.120Z|0xc5c0|Refreshing native plugins compatible for Editor in 1.17 ms, found 2 plugins.
2026-03-24T07:42:22.120Z|0xc5c0|Preloading 0 native plugins for Editor in 0.00 ms.
2026-03-24T07:42:22.122Z|0x16ab8|Unloading 17 Unused Serialized files (Serialized files now loaded: 0)
2026-03-24T07:42:22.144Z|0xc5c0|Unloading 4705 unused Assets / (4.0 MB). Loaded Objects now: 5557.
Memory consumption went from 139.4 MB to 135.4 MB.
2026-03-24T07:42:22.144Z|0xc5c0|Total: 21.691000 ms (FindLiveObjects: 1.338500 ms CreateObjectMapping: 1.854000 ms MarkObjects: 13.380200 ms  DeleteObjects: 5.115200 ms)

2026-03-24T07:42:22.144Z|0xc5c0|Prepare: number of updated asset objects reloaded= 0
2026-03-24T07:42:28.713Z|0xc5c0|========================================================================
Received Import Request.
  Time since last request: 126.849372 seconds.
  path: Assets/Scripts/Scriptable Objects/Gun Objects
  artifactKey: Guid(f12545ddbf0681a4e8b9405cd00073e7) Importer(815301076,1909f56bfc062723c751e8b465ee728b)
2026-03-24T07:42:28.725Z|0xc5c0|Start importing Assets/Scripts/Scriptable Objects/Gun Objects using Guid(f12545ddbf0681a4e8b9405cd00073e7) Importer(815301076,1909f56bfc062723c751e8b465ee728b) (PreviewImporter) -> (artifact id: 'a633d78ab4cf98250995493a93620fd5') in 0.008021 seconds
2026-03-24T07:42:28.758Z|0xc5c0|Number of updated asset objects reloaded before import = 0Number of asset objects unloaded after import = 0

2026-03-24T07:42:29.924Z|0xc5c0|========================================================================
Received Import Request.
  Time since last request: 1.166077 seconds.
  path: Assets/Scripts/Scriptable Objects/Gun Objects/AR
  artifactKey: Guid(79a8f6d8196857b4297dd2f6d88e454b) Importer(815301076,1909f56bfc062723c751e8b465ee728b)
2026-03-24T07:42:29.936Z|0xc5c0|Start importing Assets/Scripts/Scriptable Objects/Gun Objects/AR using Guid(79a8f6d8196857b4297dd2f6d88e454b) Importer(815301076,1909f56bfc062723c751e8b465ee728b) (PreviewImporter) -> (artifact id: 'c2ef5460d1205bcb72adbb5fdc76f806') in 0.0006485 seconds
2026-03-24T07:42:29.972Z|0xc5c0|Number of updated asset objects reloaded before import = 0Number of asset objects unloaded after import = 0

2026-03-24T07:42:30.844Z|0xc5c0|========================================================================
Received Import Request.
  Time since last request: 0.871867 seconds.
  path: Assets/Scripts/Scriptable Objects/Gun Objects/AR/Assault Rifle.prefab
  artifactKey: Guid(751df1de820c9a2438ff77c7ed9bb2e4) Importer(815301076,1909f56bfc062723c751e8b465ee728b)
2026-03-24T07:42:30.855Z|0xc5c0|Start importing Assets/Scripts/Scriptable Objects/Gun Objects/AR/Assault Rifle.prefab using Guid(751df1de820c9a2438ff77c7ed9bb2e4) Importer(815301076,1909f56bfc062723c751e8b465ee728b) (PreviewImporter) -> (artifact id: 'ec7cc854e42f8fc5dfd69052ba02b561') in 0.5398245 seconds
2026-03-24T07:42:31.419Z|0xc5c0|Number of updated asset objects reloaded before import = 0Number of asset objects unloaded after import = 31

2026-03-24T07:42:53.415Z|0xc5c0|========================================================================
Received Import Request.
  Time since last request: 21.995701 seconds.
  path: Assets/Scripts/Scriptable Objects/Gun Objects/AR/Assault Rifle.prefab
  artifactKey: Guid(751df1de820c9a2438ff77c7ed9bb2e4) Importer(815301076,1909f56bfc062723c751e8b465ee728b)
2026-03-24T07:42:53.431Z|0xc5c0|Start importing Assets/Scripts/Scriptable Objects/Gun Objects/AR/Assault Rifle.prefab using Guid(751df1de820c9a2438ff77c7ed9bb2e4) Importer(815301076,1909f56bfc062723c751e8b465ee728b) (PreviewImporter) -> (artifact id: 'f4214cebdad951e2b202fc923ac53154') in 0.0166074 seconds
2026-03-24T07:42:53.483Z|0xc5c0|Number of updated asset objects reloaded before import = 0Number of asset objects unloaded after import = 30

2026-03-24T07:43:43.840Z|0xc5c0|========================================================================
Received Import Request.
  Time since last request: 50.358504 seconds.
  path: Assets/Scripts/Scriptable Objects/Gun Objects/Pistol
  artifactKey: Guid(274f61dd8cb6b5441bcccb16e92d3df6) Importer(815301076,1909f56bfc062723c751e8b465ee728b)
2026-03-24T07:43:43.851Z|0xc5c0|Start importing Assets/Scripts/Scriptable Objects/Gun Objects/Pistol using Guid(274f61dd8cb6b5441bcccb16e92d3df6) Importer(815301076,1909f56bfc062723c751e8b465ee728b) (PreviewImporter) -> (artifact id: 'acd88d3ae697fc1c28bd834c5e556fc7') in 0.0006697 seconds
2026-03-24T07:43:43.873Z|0xc5c0|Number of updated asset objects reloaded before import = 0Number of asset objects unloaded after import = 0

2026-03-24T07:43:46.480Z|0xc5c0|========================================================================
Received Import Request.
  Time since last request: 2.607015 seconds.
  path: Assets/Scripts/Scriptable Objects/Gun Objects/Pistol/Pistol.prefab
  artifactKey: Guid(65e3efb9133cdaa4aaeddaf2a8065183) Importer(815301076,1909f56bfc062723c751e8b465ee728b)
2026-03-24T07:43:46.491Z|0xc5c0|Start importing Assets/Scripts/Scriptable Objects/Gun Objects/Pistol/Pistol.prefab using Guid(65e3efb9133cdaa4aaeddaf2a8065183) Importer(815301076,1909f56bfc062723c751e8b465ee728b) (PreviewImporter) -> (artifact id: '83918eb21bab9e45639d2d9109768a7e') in 0.0944761 seconds
2026-03-24T07:43:46.610Z|0xc5c0|Number of updated asset objects reloaded before import = 0Number of asset objects unloaded after import = 54

2026-03-24T07:45:31.407Z|0xc5c0|========================================================================
2026-03-24T07:45:31.407Z|0xc5c0|Received Prepare
2026-03-24T07:45:31.480Z|0xc5c0|Assembly reference Packages/com.unity.cinemachine/Editor/Samples/ExposeHDRPInternals/HDRP-Editor-ref.asmref has no target assembly definition
Assembly reference Packages/com.unity.cinemachine/Editor/Samples/ExposeHDRPInternals/HDRP-Editor-ref.asmref has no target assembly definition
Begin MonoManager ReloadAssembly
2026-03-24T07:45:31.655Z|0xc5c0|[Licensing::Client] Successfully resolved entitlement details
2026-03-24T07:45:32.578Z|0xc5c0|- Loaded All Assemblies, in  0.926 seconds
2026-03-24T07:45:32.740Z|0xc5c0|Assembly reference Packages/com.unity.cinemachine/Editor/Samples/ExposeHDRPInternals/HDRP-Editor-ref.asmref has no target assembly definition
'Packages/com.unity.cinemachine/Editor/Obsolete/CinemachineVirtualCameraBaseEditor.cs' contains partial class of Unity.Object, exactly 1 of the partial classes needs to be in a file with the same filename. This is to know the one that can be referenced from ie. GameObjects
2026-03-24T07:45:32.866Z|0xc5c0|'Packages/com.unity.cinemachine/Editor/Editors/CinemachineVirtualCameraBaseEditor.cs' contains partial class of Unity.Object, exactly 1 of the partial classes needs to be in a file with the same filename. This is to know the one that can be referenced from ie. GameObjects
2026-03-24T07:45:32.897Z|0xc5c0|Refreshing native plugins compatible for Editor in 0.38 ms, found 2 plugins.
2026-03-24T07:45:33.049Z|0xc5c0|Native extension for Android target not found
2026-03-24T07:45:33.061Z|0xc5c0|Native extension for WindowsStandalone target not found
2026-03-24T07:45:33.062Z|0xc5c0|Native extension for WebGL target not found
2026-03-24T07:45:33.230Z|0xc5c0|Assembly reference Packages/com.unity.cinemachine/Editor/Samples/ExposeHDRPInternals/HDRP-Editor-ref.asmref has no target assembly definition
[Package Manager] Failed to launch server process. Reason: Unity was launched with the -noUpm command-line argument
2026-03-24T07:45:33.486Z|0xc5c0|[Package Manager] Unable to send message (not connected to server process).
2026-03-24T07:45:33.486Z|0xc5c0|[Package Manager] Cannot connect to Unity Package Manager local server
2026-03-24T07:45:33.500Z|0xc5c0|[Package Manager] Failed to launch server process. Reason: Unity was launched with the -noUpm command-line argument
2026-03-24T07:45:33.500Z|0xc5c0|[Package Manager] Unable to send message (not connected to server process).
2026-03-24T07:45:33.500Z|0xc5c0|[Package Manager] Cannot connect to Unity Package Manager local server
2026-03-24T07:45:33.795Z|0xc5c0|ScheduleIndexationOnStartup MainProcess:False IndexOnStartup:True
Mono: successfully reloaded assembly
2026-03-24T07:45:33.880Z|0xc5c0|- Finished resetting the current domain, in  0.982 seconds
2026-03-24T07:45:33.881Z|0xc5c0|Domain Reload Profiling: 1909ms
	BeginReloadAssembly (275ms)
		ExecutionOrderSort (0ms)
		DisableScriptedObjects (28ms)
		BackupInstance (0ms)
		ReleaseScriptingObjects (0ms)
		CreateAndSetChildDomain (77ms)
	RebuildCommonClasses (45ms)
	RebuildNativeTypeToScriptingClass (16ms)
	initialDomainReloadingComplete (39ms)
	LoadAllAssembliesAndSetupDomain (552ms)
		LoadAssemblies (440ms)
		RebuildTransferFunctionScriptingTraits (0ms)
		AnalyzeDomain (221ms)
			TypeCache.Refresh (9ms)
				TypeCache.ScanAssembly (0ms)
			BuildScriptInfoCaches (196ms)
			ResolveRequiredComponents (11ms)
	FinalizeReload (983ms)
		ReleaseScriptCaches (0ms)
		RebuildScriptCaches (0ms)
		SetupLoadedEditorAssemblies (775ms)
			LogAssemblyErrors (0ms)
			InitializePlatformSupportModulesInManaged (18ms)
			SetLoadedEditorAssemblies (9ms)
			BeforeProcessingInitializeOnLoad (226ms)
			ProcessInitializeOnLoadAttributes (425ms)
			ProcessInitializeOnLoadMethodAttributes (90ms)
			AfterProcessingInitializeOnLoad (6ms)
			EditorAssembliesLoaded (0ms)
		ExecutionOrderSort2 (0ms)
		AwakeInstancesAfterBackupRestoration (25ms)
2026-03-24T07:45:34.515Z|0xc5c0|Refreshing native plugins compatible for Editor in 1.14 ms, found 2 plugins.
2026-03-24T07:45:34.515Z|0xc5c0|Preloading 0 native plugins for Editor in 0.00 ms.
2026-03-24T07:45:34.517Z|0x9058|Unloading 17 Unused Serialized files (Serialized files now loaded: 0)
2026-03-24T07:45:34.539Z|0xc5c0|Unloading 4704 unused Assets / (3.9 MB). Loaded Objects now: 5580.
Memory consumption went from 139.5 MB to 135.6 MB.
2026-03-24T07:45:34.539Z|0xc5c0|Total: 21.541300 ms (FindLiveObjects: 1.423900 ms CreateObjectMapping: 1.796700 ms MarkObjects: 13.060000 ms  DeleteObjects: 5.257600 ms)

2026-03-24T07:45:34.539Z|0xc5c0|Prepare: number of updated asset objects reloaded= 0
2026-03-24T07:45:54.259Z|0xc5c0|========================================================================
Received Import Request.
  Time since last request: 127.651181 seconds.
  path: Assets/Prefabs/Bullets/Bullet_Assault.prefab
  artifactKey: Guid(97961d6b05c1b6c48b53dd6b1bf6ef30) Importer(815301076,1909f56bfc062723c751e8b465ee728b)
2026-03-24T07:45:54.271Z|0xc5c0|Start importing Assets/Prefabs/Bullets/Bullet_Assault.prefab using Guid(97961d6b05c1b6c48b53dd6b1bf6ef30) Importer(815301076,1909f56bfc062723c751e8b465ee728b) (PreviewImporter) -> (artifact id: 'f72ffa9f1a68953409600d18215b6099') in 0.4818093 seconds
2026-03-24T07:45:54.775Z|0xc5c0|Number of updated asset objects reloaded before import = 0Number of asset objects unloaded after import = 14

2026-03-24T07:46:09.457Z|0xc5c0|========================================================================
Received Import Request.
  Time since last request: 14.681921 seconds.
  path: Assets/Prefabs/Bullets/Bullet_Assault.prefab
  artifactKey: Guid(97961d6b05c1b6c48b53dd6b1bf6ef30) Importer(815301076,1909f56bfc062723c751e8b465ee728b)
2026-03-24T07:46:09.468Z|0xc5c0|Start importing Assets/Prefabs/Bullets/Bullet_Assault.prefab using Guid(97961d6b05c1b6c48b53dd6b1bf6ef30) Importer(815301076,1909f56bfc062723c751e8b465ee728b) (PreviewImporter) -> (artifact id: '2526500e4cd29c488056b96c9af2fc58') in 0.0160011 seconds
2026-03-24T07:46:09.509Z|0xc5c0|Number of updated asset objects reloaded before import = 0Number of asset objects unloaded after import = 13

2026-03-24T07:46:44.901Z|0xc5c0|========================================================================
Received Import Request.
  Time since last request: 35.392815 seconds.
  path: Assets/Prefabs/Bullets/Bullet_Shotgun.prefab
  artifactKey: Guid(193ce499e005cb845bc57bc826163852) Importer(815301076,1909f56bfc062723c751e8b465ee728b)
2026-03-24T07:46:44.912Z|0xc5c0|Start importing Assets/Prefabs/Bullets/Bullet_Shotgun.prefab using Guid(193ce499e005cb845bc57bc826163852) Importer(815301076,1909f56bfc062723c751e8b465ee728b) (PreviewImporter) -> (artifact id: '135719e91f0053bb34cee8eb3b0c41e5') in 0.0127937 seconds
2026-03-24T07:46:44.951Z|0xc5c0|Number of updated asset objects reloaded before import = 0Number of asset objects unloaded after import = 13

2026-03-24T07:46:44.968Z|0xc5c0|========================================================================
Received Import Request.
  Time since last request: 0.016563 seconds.
  path: Assets/Prefabs/Bullets/Bullet_Assault.prefab
  artifactKey: Guid(97961d6b05c1b6c48b53dd6b1bf6ef30) Importer(815301076,1909f56bfc062723c751e8b465ee728b)
2026-03-24T07:46:44.979Z|0xc5c0|Start importing Assets/Prefabs/Bullets/Bullet_Assault.prefab using Guid(97961d6b05c1b6c48b53dd6b1bf6ef30) Importer(815301076,1909f56bfc062723c751e8b465ee728b) (PreviewImporter) -> (artifact id: '1ecfc22e7bb4df3e3b01612d3a4b1c97') in 0.0117979 seconds
2026-03-24T07:46:45.010Z|0xc5c0|Number of updated asset objects reloaded before import = 0Number of asset objects unloaded after import = 13

2026-03-24T07:47:12.141Z|0xc5c0|========================================================================
Received Import Request.
  Time since last request: 27.131557 seconds.
  path: Assets/Scripts/Scriptable Objects/Gun Objects/AR/Assault Rifle.prefab
  artifactKey: Guid(751df1de820c9a2438ff77c7ed9bb2e4) Importer(815301076,1909f56bfc062723c751e8b465ee728b)
2026-03-24T07:47:12.152Z|0xc5c0|Start importing Assets/Scripts/Scriptable Objects/Gun Objects/AR/Assault Rifle.prefab using Guid(751df1de820c9a2438ff77c7ed9bb2e4) Importer(815301076,1909f56bfc062723c751e8b465ee728b) (PreviewImporter) -> (artifact id: 'e7abf3a281f9d58ab21a991a7f545041') in 0.0369303 seconds
2026-03-24T07:47:12.212Z|0xc5c0|Number of updated asset objects reloaded before import = 0Number of asset objects unloaded after import = 47

2026-03-24T07:47:37.332Z|0xc5c0|========================================================================
Received Import Request.
  Time since last request: 25.119559 seconds.
  path: Assets/Scripts/Scriptable Objects/Gun Objects/AR/Assault Rifle.prefab
  artifactKey: Guid(751df1de820c9a2438ff77c7ed9bb2e4) Importer(815301076,1909f56bfc062723c751e8b465ee728b)
2026-03-24T07:47:37.342Z|0xc5c0|Start importing Assets/Scripts/Scriptable Objects/Gun Objects/AR/Assault Rifle.prefab using Guid(751df1de820c9a2438ff77c7ed9bb2e4) Importer(815301076,1909f56bfc062723c751e8b465ee728b) (PreviewImporter) -> (artifact id: '0c9119a620ffc8d82bd33bc25ed2409e') in 0.0141058 seconds
2026-03-24T07:47:37.379Z|0xc5c0|Number of updated asset objects reloaded before import = 0Number of asset objects unloaded after import = 49

2026-03-24T07:47:41.999Z|0xc5c0|========================================================================
Received Import Request.
  Time since last request: 4.619143 seconds.
  path: Assets/Scripts/Scriptable Objects/Gun Objects/Pistol/Pistol.prefab
  artifactKey: Guid(65e3efb9133cdaa4aaeddaf2a8065183) Importer(815301076,1909f56bfc062723c751e8b465ee728b)
2026-03-24T07:47:42.009Z|0xc5c0|Start importing Assets/Scripts/Scriptable Objects/Gun Objects/Pistol/Pistol.prefab using Guid(65e3efb9133cdaa4aaeddaf2a8065183) Importer(815301076,1909f56bfc062723c751e8b465ee728b) (PreviewImporter) -> (artifact id: '77d719518264457006276847f0c62262') in 0.0142006 seconds
2026-03-24T07:47:42.046Z|0xc5c0|Number of updated asset objects reloaded before import = 0Number of asset objects unloaded after import = 54

2026-03-24T07:47:54.834Z|0xc5c0|========================================================================
Received Import Request.
  Time since last request: 12.788483 seconds.
  path: Assets/Scripts/Scriptable Objects/Gun Objects/Pistol/Pistol.overrideController
  artifactKey: Guid(4a2ca1d84bfa3154f97a12ede106b674) Importer(815301076,1909f56bfc062723c751e8b465ee728b)
2026-03-24T07:47:54.846Z|0xc5c0|Start importing Assets/Scripts/Scriptable Objects/Gun Objects/Pistol/Pistol.overrideController using Guid(4a2ca1d84bfa3154f97a12ede106b674) Importer(815301076,1909f56bfc062723c751e8b465ee728b) (PreviewImporter) -> (artifact id: 'c92d9144269944f5cc0fa1f6c2bcb270') in 0.0029121 seconds
2026-03-24T07:47:54.872Z|0xc5c0|Number of updated asset objects reloaded before import = 0Number of asset objects unloaded after import = 16

2026-03-24T07:49:07.087Z|0xc5c0|========================================================================
2026-03-24T07:49:07.087Z|0xc5c0|Received Prepare
2026-03-24T07:49:07.153Z|0xc5c0|'Packages/com.unity.cinemachine/Editor/Obsolete/CinemachineVirtualCameraBaseEditor.cs' contains partial class of Unity.Object, exactly 1 of the partial classes needs to be in a file with the same filename. This is to know the one that can be referenced from ie. GameObjects
2026-03-24T07:49:07.171Z|0xc5c0|'Packages/com.unity.cinemachine/Editor/Editors/CinemachineVirtualCameraBaseEditor.cs' contains partial class of Unity.Object, exactly 1 of the partial classes needs to be in a file with the same filename. This is to know the one that can be referenced from ie. GameObjects
2026-03-24T07:49:07.759Z|0xc5c0|Refreshing native plugins compatible for Editor in 1.55 ms, found 2 plugins.
2026-03-24T07:49:07.760Z|0xc5c0|Preloading 0 native plugins for Editor in 0.00 ms.
2026-03-24T07:49:07.760Z|0x9058|Unloading 17 Unused Serialized files (Serialized files now loaded: 0)
2026-03-24T07:49:07.788Z|0xc5c0|Unloading 4701 unused Assets / (4.1 MB). Loaded Objects now: 5684.
Memory consumption went from 140.3 MB to 136.2 MB.
2026-03-24T07:49:07.788Z|0xc5c0|Total: 27.469500 ms (FindLiveObjects: 1.488100 ms CreateObjectMapping: 1.859800 ms MarkObjects: 17.686700 ms  DeleteObjects: 6.430500 ms)

2026-03-24T07:49:07.788Z|0xc5c0|Prepare: number of updated asset objects reloaded= 0
2026-03-24T07:49:14.563Z|0xc5c0|========================================================================
2026-03-24T07:49:14.563Z|0xc5c0|Received Prepare
2026-03-24T07:49:14.630Z|0xc5c0|Assembly reference Packages/com.unity.cinemachine/Editor/Samples/ExposeHDRPInternals/HDRP-Editor-ref.asmref has no target assembly definition
Assembly reference Packages/com.unity.cinemachine/Editor/Samples/ExposeHDRPInternals/HDRP-Editor-ref.asmref has no target assembly definition
Begin MonoManager ReloadAssembly
2026-03-24T07:49:14.810Z|0xc5c0|[Licensing::Client] Successfully resolved entitlement details
2026-03-24T07:49:15.691Z|0xc5c0|- Loaded All Assemblies, in  0.883 seconds
2026-03-24T07:49:15.853Z|0xc5c0|Assembly reference Packages/com.unity.cinemachine/Editor/Samples/ExposeHDRPInternals/HDRP-Editor-ref.asmref has no target assembly definition
'Packages/com.unity.cinemachine/Editor/Obsolete/CinemachineVirtualCameraBaseEditor.cs' contains partial class of Unity.Object, exactly 1 of the partial classes needs to be in a file with the same filename. This is to know the one that can be referenced from ie. GameObjects
2026-03-24T07:49:15.982Z|0xc5c0|'Packages/com.unity.cinemachine/Editor/Editors/CinemachineVirtualCameraBaseEditor.cs' contains partial class of Unity.Object, exactly 1 of the partial classes needs to be in a file with the same filename. This is to know the one that can be referenced from ie. GameObjects
2026-03-24T07:49:16.013Z|0xc5c0|Refreshing native plugins compatible for Editor in 0.41 ms, found 2 plugins.
2026-03-24T07:49:16.153Z|0xc5c0|Native extension for Android target not found
2026-03-24T07:49:16.161Z|0xc5c0|Native extension for WindowsStandalone target not found
2026-03-24T07:49:16.162Z|0xc5c0|Native extension for WebGL target not found
2026-03-24T07:49:16.330Z|0xc5c0|Assembly reference Packages/com.unity.cinemachine/Editor/Samples/ExposeHDRPInternals/HDRP-Editor-ref.asmref has no target assembly definition
[Package Manager] Failed to launch server process. Reason: Unity was launched with the -noUpm command-line argument
2026-03-24T07:49:16.585Z|0xc5c0|[Package Manager] Unable to send message (not connected to server process).
2026-03-24T07:49:16.585Z|0xc5c0|[Package Manager] Cannot connect to Unity Package Manager local server
2026-03-24T07:49:16.599Z|0xc5c0|[Package Manager] Failed to launch server process. Reason: Unity was launched with the -noUpm command-line argument
2026-03-24T07:49:16.599Z|0xc5c0|[Package Manager] Unable to send message (not connected to server process).
2026-03-24T07:49:16.599Z|0xc5c0|[Package Manager] Cannot connect to Unity Package Manager local server
2026-03-24T07:49:16.887Z|0xc5c0|ScheduleIndexationOnStartup MainProcess:False IndexOnStartup:True
Mono: successfully reloaded assembly
2026-03-24T07:49:16.959Z|0xc5c0|- Finished resetting the current domain, in  0.945 seconds
2026-03-24T07:49:16.959Z|0xc5c0|Domain Reload Profiling: 1829ms
	BeginReloadAssembly (270ms)
		ExecutionOrderSort (0ms)
		DisableScriptedObjects (26ms)
		BackupInstance (0ms)
		ReleaseScriptingObjects (0ms)
		CreateAndSetChildDomain (71ms)
	RebuildCommonClasses (44ms)
	RebuildNativeTypeToScriptingClass (16ms)
	initialDomainReloadingComplete (32ms)
	LoadAllAssembliesAndSetupDomain (521ms)
		LoadAssemblies (416ms)
		RebuildTransferFunctionScriptingTraits (0ms)
		AnalyzeDomain (216ms)
			TypeCache.Refresh (10ms)
				TypeCache.ScanAssembly (0ms)
			BuildScriptInfoCaches (189ms)
			ResolveRequiredComponents (12ms)
	FinalizeReload (946ms)
		ReleaseScriptCaches (0ms)
		RebuildScriptCaches (0ms)
		SetupLoadedEditorAssemblies (763ms)
			LogAssemblyErrors (0ms)
			InitializePlatformSupportModulesInManaged (12ms)
			SetLoadedEditorAssemblies (6ms)
			BeforeProcessingInitializeOnLoad (234ms)
			ProcessInitializeOnLoadAttributes (423ms)
			ProcessInitializeOnLoadMethodAttributes (82ms)
			AfterProcessingInitializeOnLoad (6ms)
			EditorAssembliesLoaded (0ms)
		ExecutionOrderSort2 (0ms)
		AwakeInstancesAfterBackupRestoration (18ms)
2026-03-24T07:49:17.537Z|0xc5c0|Refreshing native plugins compatible for Editor in 1.48 ms, found 2 plugins.
2026-03-24T07:49:17.537Z|0xc5c0|Preloading 0 native plugins for Editor in 0.00 ms.
2026-03-24T07:49:17.539Z|0x131b4|Unloading 17 Unused Serialized files (Serialized files now loaded: 0)
2026-03-24T07:49:17.565Z|0xc5c0|Unloading 4702 unused Assets / (3.9 MB). Loaded Objects now: 5603.
Memory consumption went from 139.6 MB to 135.6 MB.
2026-03-24T07:49:17.565Z|0xc5c0|Total: 25.697000 ms (FindLiveObjects: 1.426100 ms CreateObjectMapping: 1.994000 ms MarkObjects: 15.921500 ms  DeleteObjects: 6.351400 ms)

2026-03-24T07:49:17.565Z|0xc5c0|Prepare: number of updated asset objects reloaded= 0
2026-03-24T07:50:25.179Z|0xc5c0|========================================================================
Received Import Request.
  Time since last request: 150.310438 seconds.
  path: Assets/Prefabs/Bullets/Bullet_Assault.prefab
  artifactKey: Guid(97961d6b05c1b6c48b53dd6b1bf6ef30) Importer(815301076,1909f56bfc062723c751e8b465ee728b)
2026-03-24T07:50:25.191Z|0xc5c0|Start importing Assets/Prefabs/Bullets/Bullet_Assault.prefab using Guid(97961d6b05c1b6c48b53dd6b1bf6ef30) Importer(815301076,1909f56bfc062723c751e8b465ee728b) (PreviewImporter) -> (artifact id: 'dc09d470bed84e46c0896e7e6c41f399') in 0.4910287 seconds
2026-03-24T07:50:25.706Z|0xc5c0|Number of updated asset objects reloaded before import = 0Number of asset objects unloaded after import = 14

2026-03-24T07:50:58.854Z|0xc5c0|========================================================================
2026-03-24T07:50:58.854Z|0xc5c0|Received Prepare
2026-03-24T07:50:58.918Z|0xc5c0|'Packages/com.unity.cinemachine/Editor/Obsolete/CinemachineVirtualCameraBaseEditor.cs' contains partial class of Unity.Object, exactly 1 of the partial classes needs to be in a file with the same filename. This is to know the one that can be referenced from ie. GameObjects
2026-03-24T07:50:58.936Z|0xc5c0|'Packages/com.unity.cinemachine/Editor/Editors/CinemachineVirtualCameraBaseEditor.cs' contains partial class of Unity.Object, exactly 1 of the partial classes needs to be in a file with the same filename. This is to know the one that can be referenced from ie. GameObjects
2026-03-24T07:50:59.559Z|0xc5c0|Refreshing native plugins compatible for Editor in 1.20 ms, found 2 plugins.
2026-03-24T07:50:59.559Z|0xc5c0|Preloading 0 native plugins for Editor in 0.00 ms.
2026-03-24T07:50:59.560Z|0x131b4|Unloading 17 Unused Serialized files (Serialized files now loaded: 0)
2026-03-24T07:50:59.590Z|0xc5c0|Unloading 4701 unused Assets / (3.9 MB). Loaded Objects now: 5707.
Memory consumption went from 140.3 MB to 136.4 MB.
2026-03-24T07:50:59.590Z|0xc5c0|Total: 29.198100 ms (FindLiveObjects: 1.684700 ms CreateObjectMapping: 1.956600 ms MarkObjects: 18.505500 ms  DeleteObjects: 7.048400 ms)

2026-03-24T07:50:59.590Z|0xc5c0|Prepare: number of updated asset objects reloaded= 0
2026-03-24T07:51:05.789Z|0xc5c0|========================================================================
2026-03-24T07:51:05.789Z|0xc5c0|Received Prepare
2026-03-24T07:51:05.855Z|0xc5c0|Assembly reference Packages/com.unity.cinemachine/Editor/Samples/ExposeHDRPInternals/HDRP-Editor-ref.asmref has no target assembly definition
Assembly reference Packages/com.unity.cinemachine/Editor/Samples/ExposeHDRPInternals/HDRP-Editor-ref.asmref has no target assembly definition
Begin MonoManager ReloadAssembly
2026-03-24T07:51:06.035Z|0xc5c0|[Licensing::Client] Successfully resolved entitlement details
2026-03-24T07:51:06.932Z|0xc5c0|- Loaded All Assemblies, in  0.902 seconds
2026-03-24T07:51:07.094Z|0xc5c0|Assembly reference Packages/com.unity.cinemachine/Editor/Samples/ExposeHDRPInternals/HDRP-Editor-ref.asmref has no target assembly definition
'Packages/com.unity.cinemachine/Editor/Obsolete/CinemachineVirtualCameraBaseEditor.cs' contains partial class of Unity.Object, exactly 1 of the partial classes needs to be in a file with the same filename. This is to know the one that can be referenced from ie. GameObjects
2026-03-24T07:51:07.220Z|0xc5c0|'Packages/com.unity.cinemachine/Editor/Editors/CinemachineVirtualCameraBaseEditor.cs' contains partial class of Unity.Object, exactly 1 of the partial classes needs to be in a file with the same filename. This is to know the one that can be referenced from ie. GameObjects
2026-03-24T07:51:07.249Z|0xc5c0|Refreshing native plugins compatible for Editor in 0.44 ms, found 2 plugins.
2026-03-24T07:51:07.380Z|0xc5c0|Native extension for Android target not found
2026-03-24T07:51:07.389Z|0xc5c0|Native extension for WindowsStandalone target not found
2026-03-24T07:51:07.389Z|0xc5c0|Native extension for WebGL target not found
2026-03-24T07:51:07.555Z|0xc5c0|Assembly reference Packages/com.unity.cinemachine/Editor/Samples/ExposeHDRPInternals/HDRP-Editor-ref.asmref has no target assembly definition
[Package Manager] Failed to launch server process. Reason: Unity was launched with the -noUpm command-line argument
2026-03-24T07:51:07.832Z|0xc5c0|[Package Manager] Unable to send message (not connected to server process).
2026-03-24T07:51:07.832Z|0xc5c0|[Package Manager] Cannot connect to Unity Package Manager local server
2026-03-24T07:51:07.849Z|0xc5c0|[Package Manager] Failed to launch server process. Reason: Unity was launched with the -noUpm command-line argument
2026-03-24T07:51:07.850Z|0xc5c0|[Package Manager] Unable to send message (not connected to server process).
2026-03-24T07:51:07.850Z|0xc5c0|[Package Manager] Cannot connect to Unity Package Manager local server
2026-03-24T07:51:08.166Z|0xc5c0|ScheduleIndexationOnStartup MainProcess:False IndexOnStartup:True
Mono: successfully reloaded assembly
2026-03-24T07:51:08.242Z|0xc5c0|- Finished resetting the current domain, in  0.992 seconds
2026-03-24T07:51:08.242Z|0xc5c0|Domain Reload Profiling: 1895ms
	BeginReloadAssembly (282ms)
		ExecutionOrderSort (0ms)
		DisableScriptedObjects (28ms)
		BackupInstance (0ms)
		ReleaseScriptingObjects (0ms)
		CreateAndSetChildDomain (80ms)
	RebuildCommonClasses (46ms)
	RebuildNativeTypeToScriptingClass (16ms)
	initialDomainReloadingComplete (33ms)
	LoadAllAssembliesAndSetupDomain (526ms)
		LoadAssemblies (422ms)
		RebuildTransferFunctionScriptingTraits (0ms)
		AnalyzeDomain (212ms)
			TypeCache.Refresh (10ms)
				TypeCache.ScanAssembly (0ms)
			BuildScriptInfoCaches (186ms)
			ResolveRequiredComponents (11ms)
	FinalizeReload (993ms)
		ReleaseScriptCaches (0ms)
		RebuildScriptCaches (0ms)
		SetupLoadedEditorAssemblies (816ms)
			LogAssemblyErrors (0ms)
			InitializePlatformSupportModulesInManaged (13ms)
			SetLoadedEditorAssemblies (6ms)
			BeforeProcessingInitializeOnLoad (239ms)
			ProcessInitializeOnLoadAttributes (462ms)
			ProcessInitializeOnLoadMethodAttributes (89ms)
			AfterProcessingInitializeOnLoad (7ms)
			EditorAssembliesLoaded (0ms)
		ExecutionOrderSort2 (0ms)
		AwakeInstancesAfterBackupRestoration (20ms)
2026-03-24T07:51:08.780Z|0xc5c0|Refreshing native plugins compatible for Editor in 1.16 ms, found 2 plugins.
2026-03-24T07:51:08.780Z|0xc5c0|Preloading 0 native plugins for Editor in 0.00 ms.
2026-03-24T07:51:08.782Z|0x9c90|Unloading 17 Unused Serialized files (Serialized files now loaded: 0)
2026-03-24T07:51:08.805Z|0xc5c0|Unloading 4702 unused Assets / (4.0 MB). Loaded Objects now: 5626.
Memory consumption went from 139.6 MB to 135.6 MB.
2026-03-24T07:51:08.805Z|0xc5c0|Total: 23.103900 ms (FindLiveObjects: 1.424300 ms CreateObjectMapping: 1.806600 ms MarkObjects: 13.897300 ms  DeleteObjects: 5.973300 ms)

2026-03-24T07:51:08.805Z|0xc5c0|Prepare: number of updated asset objects reloaded= 0
2026-03-24T08:09:19.123Z|0xc5c0|========================================================================
2026-03-24T08:09:19.123Z|0xc5c0|Received Prepare
2026-03-24T08:09:19.189Z|0xc5c0|'Packages/com.unity.cinemachine/Editor/Obsolete/CinemachineVirtualCameraBaseEditor.cs' contains partial class of Unity.Object, exactly 1 of the partial classes needs to be in a file with the same filename. This is to know the one that can be referenced from ie. GameObjects
2026-03-24T08:09:19.208Z|0xc5c0|'Packages/com.unity.cinemachine/Editor/Editors/CinemachineVirtualCameraBaseEditor.cs' contains partial class of Unity.Object, exactly 1 of the partial classes needs to be in a file with the same filename. This is to know the one that can be referenced from ie. GameObjects
2026-03-24T08:09:19.896Z|0xc5c0|Refreshing native plugins compatible for Editor in 3.07 ms, found 2 plugins.
2026-03-24T08:09:19.897Z|0xc5c0|Preloading 0 native plugins for Editor in 0.00 ms.
2026-03-24T08:09:19.897Z|0x9c90|Unloading 17 Unused Serialized files (Serialized files now loaded: 0)
2026-03-24T08:09:19.932Z|0xc5c0|Unloading 4699 unused Assets / (4.8 MB). Loaded Objects now: 5626.
Memory consumption went from 139.6 MB to 134.8 MB.
2026-03-24T08:09:19.932Z|0xc5c0|Total: 34.477600 ms (FindLiveObjects: 1.520400 ms CreateObjectMapping: 1.734100 ms MarkObjects: 19.983800 ms  DeleteObjects: 11.236000 ms)

2026-03-24T08:09:19.932Z|0xc5c0|Prepare: number of updated asset objects reloaded= 0
2026-03-24T08:09:39.518Z|0xc5c0|========================================================================
2026-03-24T08:09:39.518Z|0xc5c0|Received Prepare
2026-03-24T08:09:39.582Z|0xc5c0|Assembly reference Packages/com.unity.cinemachine/Editor/Samples/ExposeHDRPInternals/HDRP-Editor-ref.asmref has no target assembly definition
Assembly reference Packages/com.unity.cinemachine/Editor/Samples/ExposeHDRPInternals/HDRP-Editor-ref.asmref has no target assembly definition
Begin MonoManager ReloadAssembly
2026-03-24T08:09:39.765Z|0xc5c0|[Licensing::Client] Successfully resolved entitlement details
2026-03-24T08:09:40.687Z|0xc5c0|- Loaded All Assemblies, in  0.924 seconds
2026-03-24T08:09:40.851Z|0xc5c0|Assembly reference Packages/com.unity.cinemachine/Editor/Samples/ExposeHDRPInternals/HDRP-Editor-ref.asmref has no target assembly definition
'Packages/com.unity.cinemachine/Editor/Obsolete/CinemachineVirtualCameraBaseEditor.cs' contains partial class of Unity.Object, exactly 1 of the partial classes needs to be in a file with the same filename. This is to know the one that can be referenced from ie. GameObjects
2026-03-24T08:09:40.981Z|0xc5c0|'Packages/com.unity.cinemachine/Editor/Editors/CinemachineVirtualCameraBaseEditor.cs' contains partial class of Unity.Object, exactly 1 of the partial classes needs to be in a file with the same filename. This is to know the one that can be referenced from ie. GameObjects
2026-03-24T08:09:41.014Z|0xc5c0|Refreshing native plugins compatible for Editor in 0.40 ms, found 2 plugins.
2026-03-24T08:09:41.151Z|0xc5c0|Native extension for Android target not found
2026-03-24T08:09:41.159Z|0xc5c0|Native extension for WindowsStandalone target not found
2026-03-24T08:09:41.159Z|0xc5c0|Native extension for WebGL target not found
2026-03-24T08:09:41.330Z|0xc5c0|Assembly reference Packages/com.unity.cinemachine/Editor/Samples/ExposeHDRPInternals/HDRP-Editor-ref.asmref has no target assembly definition
[Package Manager] Failed to launch server process. Reason: Unity was launched with the -noUpm command-line argument
2026-03-24T08:09:41.615Z|0xc5c0|[Package Manager] Unable to send message (not connected to server process).
2026-03-24T08:09:41.615Z|0xc5c0|[Package Manager] Cannot connect to Unity Package Manager local server
2026-03-24T08:09:41.630Z|0xc5c0|[Package Manager] Failed to launch server process. Reason: Unity was launched with the -noUpm command-line argument
2026-03-24T08:09:41.630Z|0xc5c0|[Package Manager] Unable to send message (not connected to server process).
2026-03-24T08:09:41.630Z|0xc5c0|[Package Manager] Cannot connect to Unity Package Manager local server
2026-03-24T08:09:41.938Z|0xc5c0|ScheduleIndexationOnStartup MainProcess:False IndexOnStartup:True
Mono: successfully reloaded assembly
2026-03-24T08:09:42.017Z|0xc5c0|- Finished resetting the current domain, in  1.002 seconds
2026-03-24T08:09:42.017Z|0xc5c0|Domain Reload Profiling: 1927ms
	BeginReloadAssembly (253ms)
		ExecutionOrderSort (0ms)
		DisableScriptedObjects (8ms)
		BackupInstance (0ms)
		ReleaseScriptingObjects (0ms)
		CreateAndSetChildDomain (61ms)
	RebuildCommonClasses (44ms)
	RebuildNativeTypeToScriptingClass (16ms)
	initialDomainReloadingComplete (33ms)
	LoadAllAssembliesAndSetupDomain (579ms)
		LoadAssemblies (491ms)
		RebuildTransferFunctionScriptingTraits (0ms)
		AnalyzeDomain (213ms)
			TypeCache.Refresh (10ms)
				TypeCache.ScanAssembly (0ms)
			BuildScriptInfoCaches (187ms)
			ResolveRequiredComponents (11ms)
	FinalizeReload (1002ms)
		ReleaseScriptCaches (0ms)
		RebuildScriptCaches (0ms)
		SetupLoadedEditorAssemblies (816ms)
			LogAssemblyErrors (0ms)
			InitializePlatformSupportModulesInManaged (12ms)
			SetLoadedEditorAssemblies (6ms)
			BeforeProcessingInitializeOnLoad (245ms)
			ProcessInitializeOnLoadAttributes (456ms)
			ProcessInitializeOnLoadMethodAttributes (90ms)
			AfterProcessingInitializeOnLoad (6ms)
			EditorAssembliesLoaded (0ms)
		ExecutionOrderSort2 (0ms)
		AwakeInstancesAfterBackupRestoration (22ms)
2026-03-24T08:09:42.516Z|0xc5c0|Refreshing native plugins compatible for Editor in 0.94 ms, found 2 plugins.
2026-03-24T08:09:42.516Z|0xc5c0|Preloading 0 native plugins for Editor in 0.00 ms.
2026-03-24T08:09:42.518Z|0x9cf0|Unloading 17 Unused Serialized files (Serialized files now loaded: 0)
2026-03-24T08:09:42.543Z|0xc5c0|Unloading 4702 unused Assets / (4.0 MB). Loaded Objects now: 5629.
Memory consumption went from 139.5 MB to 135.5 MB.
2026-03-24T08:09:42.543Z|0xc5c0|Total: 24.424900 ms (FindLiveObjects: 1.631900 ms CreateObjectMapping: 1.829300 ms MarkObjects: 14.699400 ms  DeleteObjects: 6.261500 ms)

2026-03-24T08:09:42.543Z|0xc5c0|Prepare: number of updated asset objects reloaded= 0
2026-03-24T08:11:38.541Z|0xc5c0|========================================================================
Received Import Request.
  Time since last request: 1272.860850 seconds.
  path: Assets/Prefabs/Bullets/Bullet_Assault.prefab
  artifactKey: Guid(97961d6b05c1b6c48b53dd6b1bf6ef30) Importer(815301076,1909f56bfc062723c751e8b465ee728b)
2026-03-24T08:11:38.553Z|0xc5c0|Start importing Assets/Prefabs/Bullets/Bullet_Assault.prefab using Guid(97961d6b05c1b6c48b53dd6b1bf6ef30) Importer(815301076,1909f56bfc062723c751e8b465ee728b) (PreviewImporter) -> (artifact id: '2ed6dcd79dc0eafd76d82192750ccb93') in 0.5381192 seconds
2026-03-24T08:11:39.119Z|0xc5c0|Number of updated asset objects reloaded before import = 0Number of asset objects unloaded after import = 14

2026-03-24T08:11:44.524Z|0xc5c0|========================================================================
Received Import Request.
  Time since last request: 5.404682 seconds.
  path: Assets/Prefabs/Bullets/Bullet_Assault.prefab
  artifactKey: Guid(97961d6b05c1b6c48b53dd6b1bf6ef30) Importer(815301076,1909f56bfc062723c751e8b465ee728b)
2026-03-24T08:11:44.535Z|0xc5c0|Start importing Assets/Prefabs/Bullets/Bullet_Assault.prefab using Guid(97961d6b05c1b6c48b53dd6b1bf6ef30) Importer(815301076,1909f56bfc062723c751e8b465ee728b) (PreviewImporter) -> (artifact id: 'dc81ec0831111295b44f9bd61f9c07f2') in 0.0146685 seconds
2026-03-24T08:11:44.575Z|0xc5c0|Number of updated asset objects reloaded before import = 0Number of asset objects unloaded after import = 13

2026-03-24T08:13:52.166Z|0xc5c0|========================================================================
2026-03-24T08:13:52.166Z|0xc5c0|Received Prepare
2026-03-24T08:13:52.241Z|0xc5c0|Assembly reference Packages/com.unity.cinemachine/Editor/Samples/ExposeHDRPInternals/HDRP-Editor-ref.asmref has no target assembly definition
Assembly reference Packages/com.unity.cinemachine/Editor/Samples/ExposeHDRPInternals/HDRP-Editor-ref.asmref has no target assembly definition
Begin MonoManager ReloadAssembly
2026-03-24T08:13:52.419Z|0xc5c0|[Licensing::Client] Successfully resolved entitlement details
2026-03-24T08:13:53.347Z|0xc5c0|- Loaded All Assemblies, in  0.931 seconds
2026-03-24T08:13:53.509Z|0xc5c0|Assembly reference Packages/com.unity.cinemachine/Editor/Samples/ExposeHDRPInternals/HDRP-Editor-ref.asmref has no target assembly definition
'Packages/com.unity.cinemachine/Editor/Obsolete/CinemachineVirtualCameraBaseEditor.cs' contains partial class of Unity.Object, exactly 1 of the partial classes needs to be in a file with the same filename. This is to know the one that can be referenced from ie. GameObjects
2026-03-24T08:13:53.637Z|0xc5c0|'Packages/com.unity.cinemachine/Editor/Editors/CinemachineVirtualCameraBaseEditor.cs' contains partial class of Unity.Object, exactly 1 of the partial classes needs to be in a file with the same filename. This is to know the one that can be referenced from ie. GameObjects
2026-03-24T08:13:53.669Z|0xc5c0|Refreshing native plugins compatible for Editor in 0.38 ms, found 2 plugins.
2026-03-24T08:13:53.819Z|0xc5c0|Native extension for Android target not found
2026-03-24T08:13:53.828Z|0xc5c0|Native extension for WindowsStandalone target not found
2026-03-24T08:13:53.829Z|0xc5c0|Native extension for WebGL target not found
2026-03-24T08:13:53.995Z|0xc5c0|Assembly reference Packages/com.unity.cinemachine/Editor/Samples/ExposeHDRPInternals/HDRP-Editor-ref.asmref has no target assembly definition
[Package Manager] Failed to launch server process. Reason: Unity was launched with the -noUpm command-line argument
2026-03-24T08:13:54.258Z|0xc5c0|[Package Manager] Unable to send message (not connected to server process).
2026-03-24T08:13:54.258Z|0xc5c0|[Package Manager] Cannot connect to Unity Package Manager local server
2026-03-24T08:13:54.271Z|0xc5c0|[Package Manager] Failed to launch server process. Reason: Unity was launched with the -noUpm command-line argument
2026-03-24T08:13:54.271Z|0xc5c0|[Package Manager] Unable to send message (not connected to server process).
2026-03-24T08:13:54.272Z|0xc5c0|[Package Manager] Cannot connect to Unity Package Manager local server
2026-03-24T08:13:54.569Z|0xc5c0|ScheduleIndexationOnStartup MainProcess:False IndexOnStartup:True
Mono: successfully reloaded assembly
2026-03-24T08:13:54.643Z|0xc5c0|- Finished resetting the current domain, in  0.974 seconds
2026-03-24T08:13:54.644Z|0xc5c0|Domain Reload Profiling: 1905ms
	BeginReloadAssembly (307ms)
		ExecutionOrderSort (0ms)
		DisableScriptedObjects (28ms)
		BackupInstance (0ms)
		ReleaseScriptingObjects (0ms)
		CreateAndSetChildDomain (94ms)
	RebuildCommonClasses (46ms)
	RebuildNativeTypeToScriptingClass (15ms)
	initialDomainReloadingComplete (32ms)
	LoadAllAssembliesAndSetupDomain (531ms)
		LoadAssemblies (431ms)
		RebuildTransferFunctionScriptingTraits (0ms)
		AnalyzeDomain (223ms)
			TypeCache.Refresh (10ms)
				TypeCache.ScanAssembly (0ms)
			BuildScriptInfoCaches (195ms)
			ResolveRequiredComponents (12ms)
	FinalizeReload (974ms)
		ReleaseScriptCaches (0ms)
		RebuildScriptCaches (0ms)
		SetupLoadedEditorAssemblies (777ms)
			LogAssemblyErrors (0ms)
			InitializePlatformSupportModulesInManaged (13ms)
			SetLoadedEditorAssemblies (7ms)
			BeforeProcessingInitializeOnLoad (233ms)
			ProcessInitializeOnLoadAttributes (434ms)
			ProcessInitializeOnLoadMethodAttributes (84ms)
			AfterProcessingInitializeOnLoad (6ms)
			EditorAssembliesLoaded (0ms)
		ExecutionOrderSort2 (0ms)
		AwakeInstancesAfterBackupRestoration (20ms)
2026-03-24T08:13:55.277Z|0xc5c0|Refreshing native plugins compatible for Editor in 1.17 ms, found 2 plugins.
2026-03-24T08:13:55.277Z|0xc5c0|Preloading 0 native plugins for Editor in 0.00 ms.
2026-03-24T08:13:55.279Z|0x1b090|Unloading 17 Unused Serialized files (Serialized files now loaded: 0)
2026-03-24T08:13:55.303Z|0xc5c0|Unloading 4704 unused Assets / (4.0 MB). Loaded Objects now: 5652.
Memory consumption went from 139.9 MB to 135.8 MB.
2026-03-24T08:13:55.303Z|0xc5c0|Total: 23.166600 ms (FindLiveObjects: 1.701000 ms CreateObjectMapping: 1.976900 ms MarkObjects: 12.981700 ms  DeleteObjects: 6.502800 ms)

2026-03-24T08:13:55.303Z|0xc5c0|Prepare: number of updated asset objects reloaded= 0
2026-03-24T08:14:49.765Z|0xc5c0|========================================================================
2026-03-24T08:14:49.765Z|0xc5c0|Received Prepare
2026-03-24T08:14:49.838Z|0xc5c0|Assembly reference Packages/com.unity.cinemachine/Editor/Samples/ExposeHDRPInternals/HDRP-Editor-ref.asmref has no target assembly definition
Assembly reference Packages/com.unity.cinemachine/Editor/Samples/ExposeHDRPInternals/HDRP-Editor-ref.asmref has no target assembly definition
Begin MonoManager ReloadAssembly
2026-03-24T08:14:50.858Z|0xc5c0|- Loaded All Assemblies, in  0.843 seconds
2026-03-24T08:14:51.016Z|0xc5c0|Assembly reference Packages/com.unity.cinemachine/Editor/Samples/ExposeHDRPInternals/HDRP-Editor-ref.asmref has no target assembly definition
'Packages/com.unity.cinemachine/Editor/Obsolete/CinemachineVirtualCameraBaseEditor.cs' contains partial class of Unity.Object, exactly 1 of the partial classes needs to be in a file with the same filename. This is to know the one that can be referenced from ie. GameObjects
2026-03-24T08:14:51.145Z|0xc5c0|'Packages/com.unity.cinemachine/Editor/Editors/CinemachineVirtualCameraBaseEditor.cs' contains partial class of Unity.Object, exactly 1 of the partial classes needs to be in a file with the same filename. This is to know the one that can be referenced from ie. GameObjects
2026-03-24T08:14:51.177Z|0xc5c0|Refreshing native plugins compatible for Editor in 0.42 ms, found 2 plugins.
2026-03-24T08:14:51.314Z|0xc5c0|Native extension for Android target not found
2026-03-24T08:14:51.322Z|0xc5c0|Native extension for WindowsStandalone target not found
2026-03-24T08:14:51.323Z|0xc5c0|Native extension for WebGL target not found
2026-03-24T08:14:51.487Z|0xc5c0|Assembly reference Packages/com.unity.cinemachine/Editor/Samples/ExposeHDRPInternals/HDRP-Editor-ref.asmref has no target assembly definition
[Package Manager] Failed to launch server process. Reason: Unity was launched with the -noUpm command-line argument
2026-03-24T08:14:51.734Z|0xc5c0|[Package Manager] Unable to send message (not connected to server process).
2026-03-24T08:14:51.734Z|0xc5c0|[Package Manager] Cannot connect to Unity Package Manager local server
2026-03-24T08:14:51.749Z|0xc5c0|[Package Manager] Failed to launch server process. Reason: Unity was launched with the -noUpm command-line argument
2026-03-24T08:14:51.749Z|0xc5c0|[Package Manager] Unable to send message (not connected to server process).
2026-03-24T08:14:51.749Z|0xc5c0|[Package Manager] Cannot connect to Unity Package Manager local server
2026-03-24T08:14:52.062Z|0xc5c0|ScheduleIndexationOnStartup MainProcess:False IndexOnStartup:True
Mono: successfully reloaded assembly
2026-03-24T08:14:52.142Z|0xc5c0|- Finished resetting the current domain, in  0.965 seconds
2026-03-24T08:14:52.143Z|0xc5c0|Domain Reload Profiling: 1809ms
	BeginReloadAssembly (240ms)
		ExecutionOrderSort (0ms)
		DisableScriptedObjects (7ms)
		BackupInstance (0ms)
		ReleaseScriptingObjects (0ms)
		CreateAndSetChildDomain (63ms)
	RebuildCommonClasses (44ms)
	RebuildNativeTypeToScriptingClass (16ms)
	initialDomainReloadingComplete (31ms)
	LoadAllAssembliesAndSetupDomain (513ms)
		LoadAssemblies (416ms)
		RebuildTransferFunctionScriptingTraits (0ms)
		AnalyzeDomain (209ms)
			TypeCache.Refresh (8ms)
				TypeCache.ScanAssembly (0ms)
			BuildScriptInfoCaches (185ms)
			ResolveRequiredComponents (10ms)
	FinalizeReload (966ms)
		ReleaseScriptCaches (0ms)
		RebuildScriptCaches (0ms)
		SetupLoadedEditorAssemblies (780ms)
			LogAssemblyErrors (0ms)
			InitializePlatformSupportModulesInManaged (12ms)
			SetLoadedEditorAssemblies (6ms)
			BeforeProcessingInitializeOnLoad (229ms)
			ProcessInitializeOnLoadAttributes (420ms)
			ProcessInitializeOnLoadMethodAttributes (106ms)
			AfterProcessingInitializeOnLoad (6ms)
			EditorAssembliesLoaded (0ms)
		ExecutionOrderSort2 (0ms)
		AwakeInstancesAfterBackupRestoration (21ms)
2026-03-24T08:14:52.732Z|0xc5c0|Refreshing native plugins compatible for Editor in 1.15 ms, found 2 plugins.
2026-03-24T08:14:52.732Z|0xc5c0|Preloading 0 native plugins for Editor in 0.00 ms.
2026-03-24T08:14:52.733Z|0x6738|Unloading 17 Unused Serialized files (Serialized files now loaded: 0)
2026-03-24T08:14:52.757Z|0xc5c0|Unloading 4702 unused Assets / (4.1 MB). Loaded Objects now: 5655.
Memory consumption went from 139.7 MB to 135.7 MB.
2026-03-24T08:14:52.757Z|0xc5c0|Total: 23.617000 ms (FindLiveObjects: 1.363900 ms CreateObjectMapping: 1.584700 ms MarkObjects: 13.890100 ms  DeleteObjects: 6.775100 ms)

2026-03-24T08:14:52.757Z|0xc5c0|Prepare: number of updated asset objects reloaded= 0
2026-03-24T08:17:59.220Z|0xc5c0|========================================================================
2026-03-24T08:17:59.220Z|0xc5c0|Received Prepare
2026-03-24T08:17:59.296Z|0xc5c0|Assembly reference Packages/com.unity.cinemachine/Editor/Samples/ExposeHDRPInternals/HDRP-Editor-ref.asmref has no target assembly definition
Assembly reference Packages/com.unity.cinemachine/Editor/Samples/ExposeHDRPInternals/HDRP-Editor-ref.asmref has no target assembly definition
Begin MonoManager ReloadAssembly
2026-03-24T08:17:59.482Z|0xc5c0|[Licensing::Client] Successfully resolved entitlement details
2026-03-24T08:18:00.338Z|0xc5c0|- Loaded All Assemblies, in  0.859 seconds
2026-03-24T08:18:00.502Z|0xc5c0|Assembly reference Packages/com.unity.cinemachine/Editor/Samples/ExposeHDRPInternals/HDRP-Editor-ref.asmref has no target assembly definition
'Packages/com.unity.cinemachine/Editor/Obsolete/CinemachineVirtualCameraBaseEditor.cs' contains partial class of Unity.Object, exactly 1 of the partial classes needs to be in a file with the same filename. This is to know the one that can be referenced from ie. GameObjects
2026-03-24T08:18:00.630Z|0xc5c0|'Packages/com.unity.cinemachine/Editor/Editors/CinemachineVirtualCameraBaseEditor.cs' contains partial class of Unity.Object, exactly 1 of the partial classes needs to be in a file with the same filename. This is to know the one that can be referenced from ie. GameObjects
2026-03-24T08:18:00.659Z|0xc5c0|Refreshing native plugins compatible for Editor in 0.51 ms, found 2 plugins.
2026-03-24T08:18:00.795Z|0xc5c0|Native extension for Android target not found
2026-03-24T08:18:00.803Z|0xc5c0|Native extension for WindowsStandalone target not found
2026-03-24T08:18:00.804Z|0xc5c0|Native extension for WebGL target not found
2026-03-24T08:18:00.965Z|0xc5c0|Assembly reference Packages/com.unity.cinemachine/Editor/Samples/ExposeHDRPInternals/HDRP-Editor-ref.asmref has no target assembly definition
[Package Manager] Failed to launch server process. Reason: Unity was launched with the -noUpm command-line argument
2026-03-24T08:18:01.226Z|0xc5c0|[Package Manager] Unable to send message (not connected to server process).
2026-03-24T08:18:01.226Z|0xc5c0|[Package Manager] Cannot connect to Unity Package Manager local server
2026-03-24T08:18:01.242Z|0xc5c0|[Package Manager] Failed to launch server process. Reason: Unity was launched with the -noUpm command-line argument
2026-03-24T08:18:01.242Z|0xc5c0|[Package Manager] Unable to send message (not connected to server process).
2026-03-24T08:18:01.242Z|0xc5c0|[Package Manager] Cannot connect to Unity Package Manager local server
2026-03-24T08:18:01.578Z|0xc5c0|ScheduleIndexationOnStartup MainProcess:False IndexOnStartup:True
Mono: successfully reloaded assembly
2026-03-24T08:18:01.655Z|0xc5c0|- Finished resetting the current domain, in  0.995 seconds
2026-03-24T08:18:01.656Z|0xc5c0|Domain Reload Profiling: 1856ms
	BeginReloadAssembly (244ms)
		ExecutionOrderSort (0ms)
		DisableScriptedObjects (8ms)
		BackupInstance (0ms)
		ReleaseScriptingObjects (0ms)
		CreateAndSetChildDomain (63ms)
	RebuildCommonClasses (44ms)
	RebuildNativeTypeToScriptingClass (16ms)
	initialDomainReloadingComplete (32ms)
	LoadAllAssembliesAndSetupDomain (525ms)
		LoadAssemblies (418ms)
		RebuildTransferFunctionScriptingTraits (0ms)
		AnalyzeDomain (217ms)
			TypeCache.Refresh (11ms)
				TypeCache.ScanAssembly (0ms)
			BuildScriptInfoCaches (192ms)
			ResolveRequiredComponents (10ms)
	FinalizeReload (996ms)
		ReleaseScriptCaches (0ms)
		RebuildScriptCaches (0ms)
		SetupLoadedEditorAssemblies (813ms)
			LogAssemblyErrors (0ms)
			InitializePlatformSupportModulesInManaged (12ms)
			SetLoadedEditorAssemblies (6ms)
			BeforeProcessingInitializeOnLoad (226ms)
			ProcessInitializeOnLoadAttributes (455ms)
			ProcessInitializeOnLoadMethodAttributes (107ms)
			AfterProcessingInitializeOnLoad (7ms)
			EditorAssembliesLoaded (1ms)
		ExecutionOrderSort2 (0ms)
		AwakeInstancesAfterBackupRestoration (20ms)
2026-03-24T08:18:02.205Z|0xc5c0|Refreshing native plugins compatible for Editor in 1.94 ms, found 2 plugins.
2026-03-24T08:18:02.206Z|0xc5c0|Preloading 0 native plugins for Editor in 0.00 ms.
2026-03-24T08:18:02.207Z|0x244c|Unloading 17 Unused Serialized files (Serialized files now loaded: 0)
2026-03-24T08:18:02.234Z|0xc5c0|Unloading 4702 unused Assets / (3.6 MB). Loaded Objects now: 5658.
Memory consumption went from 139.8 MB to 136.2 MB.
2026-03-24T08:18:02.234Z|0xc5c0|Total: 26.985500 ms (FindLiveObjects: 1.723300 ms CreateObjectMapping: 2.090600 ms MarkObjects: 17.645700 ms  DeleteObjects: 5.523100 ms)

2026-03-24T08:18:02.234Z|0xc5c0|Prepare: number of updated asset objects reloaded= 0
2026-03-24T08:18:10.474Z|0xc5c0|========================================================================
2026-03-24T08:18:10.474Z|0xc5c0|Received Prepare
2026-03-24T08:18:10.548Z|0xc5c0|Assembly reference Packages/com.unity.cinemachine/Editor/Samples/ExposeHDRPInternals/HDRP-Editor-ref.asmref has no target assembly definition
Assembly reference Packages/com.unity.cinemachine/Editor/Samples/ExposeHDRPInternals/HDRP-Editor-ref.asmref has no target assembly definition
Begin MonoManager ReloadAssembly
2026-03-24T08:18:11.580Z|0xc5c0|- Loaded All Assemblies, in  0.856 seconds
2026-03-24T08:18:11.742Z|0xc5c0|Assembly reference Packages/com.unity.cinemachine/Editor/Samples/ExposeHDRPInternals/HDRP-Editor-ref.asmref has no target assembly definition
'Packages/com.unity.cinemachine/Editor/Obsolete/CinemachineVirtualCameraBaseEditor.cs' contains partial class of Unity.Object, exactly 1 of the partial classes needs to be in a file with the same filename. This is to know the one that can be referenced from ie. GameObjects
2026-03-24T08:18:11.869Z|0xc5c0|'Packages/com.unity.cinemachine/Editor/Editors/CinemachineVirtualCameraBaseEditor.cs' contains partial class of Unity.Object, exactly 1 of the partial classes needs to be in a file with the same filename. This is to know the one that can be referenced from ie. GameObjects
2026-03-24T08:18:11.901Z|0xc5c0|Refreshing native plugins compatible for Editor in 0.40 ms, found 2 plugins.
2026-03-24T08:18:12.040Z|0xc5c0|Native extension for Android target not found
2026-03-24T08:18:12.048Z|0xc5c0|Native extension for WindowsStandalone target not found
2026-03-24T08:18:12.049Z|0xc5c0|Native extension for WebGL target not found
2026-03-24T08:18:12.213Z|0xc5c0|Assembly reference Packages/com.unity.cinemachine/Editor/Samples/ExposeHDRPInternals/HDRP-Editor-ref.asmref has no target assembly definition
[Package Manager] Failed to launch server process. Reason: Unity was launched with the -noUpm command-line argument
2026-03-24T08:18:12.468Z|0xc5c0|[Package Manager] Unable to send message (not connected to server process).
2026-03-24T08:18:12.468Z|0xc5c0|[Package Manager] Cannot connect to Unity Package Manager local server
2026-03-24T08:18:12.481Z|0xc5c0|[Package Manager] Failed to launch server process. Reason: Unity was launched with the -noUpm command-line argument
2026-03-24T08:18:12.481Z|0xc5c0|[Package Manager] Unable to send message (not connected to server process).
2026-03-24T08:18:12.481Z|0xc5c0|[Package Manager] Cannot connect to Unity Package Manager local server
2026-03-24T08:18:12.787Z|0xc5c0|ScheduleIndexationOnStartup MainProcess:False IndexOnStartup:True
Mono: successfully reloaded assembly
2026-03-24T08:18:12.871Z|0xc5c0|- Finished resetting the current domain, in  0.970 seconds
2026-03-24T08:18:12.871Z|0xc5c0|Domain Reload Profiling: 1827ms
	BeginReloadAssembly (238ms)
		ExecutionOrderSort (0ms)
		DisableScriptedObjects (7ms)
		BackupInstance (0ms)
		ReleaseScriptingObjects (0ms)
		CreateAndSetChildDomain (56ms)
	RebuildCommonClasses (42ms)
	RebuildNativeTypeToScriptingClass (15ms)
	initialDomainReloadingComplete (31ms)
	LoadAllAssembliesAndSetupDomain (531ms)
		LoadAssemblies (434ms)
		RebuildTransferFunctionScriptingTraits (0ms)
		AnalyzeDomain (212ms)
			TypeCache.Refresh (8ms)
				TypeCache.ScanAssembly (0ms)
			BuildScriptInfoCaches (187ms)
			ResolveRequiredComponents (11ms)
	FinalizeReload (970ms)
		ReleaseScriptCaches (0ms)
		RebuildScriptCaches (0ms)
		SetupLoadedEditorAssemblies (779ms)
			LogAssemblyErrors (0ms)
			InitializePlatformSupportModulesInManaged (12ms)
			SetLoadedEditorAssemblies (6ms)
			BeforeProcessingInitializeOnLoad (233ms)
			ProcessInitializeOnLoadAttributes (421ms)
			ProcessInitializeOnLoadMethodAttributes (100ms)
			AfterProcessingInitializeOnLoad (7ms)
			EditorAssembliesLoaded (0ms)
		ExecutionOrderSort2 (0ms)
		AwakeInstancesAfterBackupRestoration (22ms)
2026-03-24T08:18:13.413Z|0xc5c0|Refreshing native plugins compatible for Editor in 1.42 ms, found 2 plugins.
2026-03-24T08:18:13.414Z|0xc5c0|Preloading 0 native plugins for Editor in 0.00 ms.
2026-03-24T08:18:13.415Z|0x14834|Unloading 17 Unused Serialized files (Serialized files now loaded: 0)
2026-03-24T08:18:13.439Z|0xc5c0|Unloading 4702 unused Assets / (4.3 MB). Loaded Objects now: 5661.
Memory consumption went from 139.8 MB to 135.4 MB.
2026-03-24T08:18:13.439Z|0xc5c0|Total: 23.501600 ms (FindLiveObjects: 1.427500 ms CreateObjectMapping: 1.516100 ms MarkObjects: 14.029100 ms  DeleteObjects: 6.525500 ms)

2026-03-24T08:18:13.439Z|0xc5c0|Prepare: number of updated asset objects reloaded= 0
2026-03-24T08:19:07.774Z|0xc5c0|========================================================================
2026-03-24T08:19:07.775Z|0xc5c0|Received Prepare
2026-03-24T08:19:07.849Z|0xc5c0|Assembly reference Packages/com.unity.cinemachine/Editor/Samples/ExposeHDRPInternals/HDRP-Editor-ref.asmref has no target assembly definition
Assembly reference Packages/com.unity.cinemachine/Editor/Samples/ExposeHDRPInternals/HDRP-Editor-ref.asmref has no target assembly definition
Begin MonoManager ReloadAssembly
2026-03-24T08:19:08.033Z|0xc5c0|[Licensing::Client] Successfully resolved entitlement details
2026-03-24T08:19:08.867Z|0xc5c0|- Loaded All Assemblies, in  0.836 seconds
2026-03-24T08:19:09.025Z|0xc5c0|Assembly reference Packages/com.unity.cinemachine/Editor/Samples/ExposeHDRPInternals/HDRP-Editor-ref.asmref has no target assembly definition
'Packages/com.unity.cinemachine/Editor/Obsolete/CinemachineVirtualCameraBaseEditor.cs' contains partial class of Unity.Object, exactly 1 of the partial classes needs to be in a file with the same filename. This is to know the one that can be referenced from ie. GameObjects
2026-03-24T08:19:09.152Z|0xc5c0|'Packages/com.unity.cinemachine/Editor/Editors/CinemachineVirtualCameraBaseEditor.cs' contains partial class of Unity.Object, exactly 1 of the partial classes needs to be in a file with the same filename. This is to know the one that can be referenced from ie. GameObjects
2026-03-24T08:19:09.182Z|0xc5c0|Refreshing native plugins compatible for Editor in 0.36 ms, found 2 plugins.
2026-03-24T08:19:09.317Z|0xc5c0|Native extension for Android target not found
2026-03-24T08:19:09.327Z|0xc5c0|Native extension for WindowsStandalone target not found
2026-03-24T08:19:09.328Z|0xc5c0|Native extension for WebGL target not found
2026-03-24T08:19:09.503Z|0xc5c0|Assembly reference Packages/com.unity.cinemachine/Editor/Samples/ExposeHDRPInternals/HDRP-Editor-ref.asmref has no target assembly definition
[Package Manager] Failed to launch server process. Reason: Unity was launched with the -noUpm command-line argument
2026-03-24T08:19:09.768Z|0xc5c0|[Package Manager] Unable to send message (not connected to server process).
2026-03-24T08:19:09.768Z|0xc5c0|[Package Manager] Cannot connect to Unity Package Manager local server
2026-03-24T08:19:09.782Z|0xc5c0|[Package Manager] Failed to launch server process. Reason: Unity was launched with the -noUpm command-line argument
2026-03-24T08:19:09.783Z|0xc5c0|[Package Manager] Unable to send message (not connected to server process).
2026-03-24T08:19:09.783Z|0xc5c0|[Package Manager] Cannot connect to Unity Package Manager local server
2026-03-24T08:19:10.081Z|0xc5c0|ScheduleIndexationOnStartup MainProcess:False IndexOnStartup:True
Mono: successfully reloaded assembly
2026-03-24T08:19:10.152Z|0xc5c0|- Finished resetting the current domain, in  0.969 seconds
2026-03-24T08:19:10.153Z|0xc5c0|Domain Reload Profiling: 1805ms
	BeginReloadAssembly (241ms)
		ExecutionOrderSort (0ms)
		DisableScriptedObjects (7ms)
		BackupInstance (0ms)
		ReleaseScriptingObjects (0ms)
		CreateAndSetChildDomain (62ms)
	RebuildCommonClasses (43ms)
	RebuildNativeTypeToScriptingClass (16ms)
	initialDomainReloadingComplete (34ms)
	LoadAllAssembliesAndSetupDomain (501ms)
		LoadAssemblies (401ms)
		RebuildTransferFunctionScriptingTraits (0ms)
		AnalyzeDomain (211ms)
			TypeCache.Refresh (10ms)
				TypeCache.ScanAssembly (0ms)
			BuildScriptInfoCaches (184ms)
			ResolveRequiredComponents (12ms)
	FinalizeReload (970ms)
		ReleaseScriptCaches (0ms)
		RebuildScriptCaches (0ms)
		SetupLoadedEditorAssemblies (791ms)
			LogAssemblyErrors (0ms)
			InitializePlatformSupportModulesInManaged (14ms)
			SetLoadedEditorAssemblies (6ms)
			BeforeProcessingInitializeOnLoad (239ms)
			ProcessInitializeOnLoadAttributes (440ms)
			ProcessInitializeOnLoadMethodAttributes (84ms)
			AfterProcessingInitializeOnLoad (6ms)
			EditorAssembliesLoaded (0ms)
		ExecutionOrderSort2 (0ms)
		AwakeInstancesAfterBackupRestoration (18ms)
2026-03-24T08:19:10.594Z|0xc5c0|Refreshing native plugins compatible for Editor in 0.92 ms, found 2 plugins.
2026-03-24T08:19:10.594Z|0xc5c0|Preloading 0 native plugins for Editor in 0.00 ms.
2026-03-24T08:19:10.596Z|0xa240|Unloading 17 Unused Serialized files (Serialized files now loaded: 0)
2026-03-24T08:19:10.619Z|0xc5c0|Unloading 4702 unused Assets / (3.8 MB). Loaded Objects now: 5664.
Memory consumption went from 139.9 MB to 136.0 MB.
2026-03-24T08:19:10.619Z|0xc5c0|Total: 23.079300 ms (FindLiveObjects: 1.912600 ms CreateObjectMapping: 1.848600 ms MarkObjects: 13.672400 ms  DeleteObjects: 5.641900 ms)

2026-03-24T08:19:10.619Z|0xc5c0|Prepare: number of updated asset objects reloaded= 0
2026-03-24T08:19:14.398Z|0xc5c0|========================================================================
2026-03-24T08:19:14.398Z|0xc5c0|Received Prepare
2026-03-24T08:19:14.472Z|0xc5c0|Assembly reference Packages/com.unity.cinemachine/Editor/Samples/ExposeHDRPInternals/HDRP-Editor-ref.asmref has no target assembly definition
Assembly reference Packages/com.unity.cinemachine/Editor/Samples/ExposeHDRPInternals/HDRP-Editor-ref.asmref has no target assembly definition
Begin MonoManager ReloadAssembly
2026-03-24T08:19:15.469Z|0xc5c0|- Loaded All Assemblies, in  0.819 seconds
2026-03-24T08:19:15.630Z|0xc5c0|Assembly reference Packages/com.unity.cinemachine/Editor/Samples/ExposeHDRPInternals/HDRP-Editor-ref.asmref has no target assembly definition
'Packages/com.unity.cinemachine/Editor/Obsolete/CinemachineVirtualCameraBaseEditor.cs' contains partial class of Unity.Object, exactly 1 of the partial classes needs to be in a file with the same filename. This is to know the one that can be referenced from ie. GameObjects
2026-03-24T08:19:15.755Z|0xc5c0|'Packages/com.unity.cinemachine/Editor/Editors/CinemachineVirtualCameraBaseEditor.cs' contains partial class of Unity.Object, exactly 1 of the partial classes needs to be in a file with the same filename. This is to know the one that can be referenced from ie. GameObjects
2026-03-24T08:19:15.789Z|0xc5c0|Refreshing native plugins compatible for Editor in 0.43 ms, found 2 plugins.
2026-03-24T08:19:15.927Z|0xc5c0|Native extension for Android target not found
2026-03-24T08:19:15.935Z|0xc5c0|Native extension for WindowsStandalone target not found
2026-03-24T08:19:15.936Z|0xc5c0|Native extension for WebGL target not found
2026-03-24T08:19:16.099Z|0xc5c0|Assembly reference Packages/com.unity.cinemachine/Editor/Samples/ExposeHDRPInternals/HDRP-Editor-ref.asmref has no target assembly definition
[Package Manager] Failed to launch server process. Reason: Unity was launched with the -noUpm command-line argument
2026-03-24T08:19:16.342Z|0xc5c0|[Package Manager] Unable to send message (not connected to server process).
2026-03-24T08:19:16.342Z|0xc5c0|[Package Manager] Cannot connect to Unity Package Manager local server
2026-03-24T08:19:16.355Z|0xc5c0|[Package Manager] Failed to launch server process. Reason: Unity was launched with the -noUpm command-line argument
2026-03-24T08:19:16.355Z|0xc5c0|[Package Manager] Unable to send message (not connected to server process).
2026-03-24T08:19:16.355Z|0xc5c0|[Package Manager] Cannot connect to Unity Package Manager local server
2026-03-24T08:19:16.643Z|0xc5c0|ScheduleIndexationOnStartup MainProcess:False IndexOnStartup:True
Mono: successfully reloaded assembly
2026-03-24T08:19:16.715Z|0xc5c0|- Finished resetting the current domain, in  0.925 seconds
2026-03-24T08:19:16.715Z|0xc5c0|Domain Reload Profiling: 1745ms
	BeginReloadAssembly (228ms)
		ExecutionOrderSort (0ms)
		DisableScriptedObjects (7ms)
		BackupInstance (0ms)
		ReleaseScriptingObjects (0ms)
		CreateAndSetChildDomain (58ms)
	RebuildCommonClasses (43ms)
	RebuildNativeTypeToScriptingClass (16ms)
	initialDomainReloadingComplete (32ms)
	LoadAllAssembliesAndSetupDomain (501ms)
		LoadAssemblies (397ms)
		RebuildTransferFunctionScriptingTraits (0ms)
		AnalyzeDomain (208ms)
			TypeCache.Refresh (8ms)
				TypeCache.ScanAssembly (0ms)
			BuildScriptInfoCaches (185ms)
			ResolveRequiredComponents (11ms)
	FinalizeReload (926ms)
		ReleaseScriptCaches (0ms)
		RebuildScriptCaches (0ms)
		SetupLoadedEditorAssemblies (744ms)
			LogAssemblyErrors (0ms)
			InitializePlatformSupportModulesInManaged (12ms)
			SetLoadedEditorAssemblies (8ms)
			BeforeProcessingInitializeOnLoad (226ms)
			ProcessInitializeOnLoadAttributes (402ms)
			ProcessInitializeOnLoadMethodAttributes (89ms)
			AfterProcessingInitializeOnLoad (6ms)
			EditorAssembliesLoaded (1ms)
		ExecutionOrderSort2 (0ms)
		AwakeInstancesAfterBackupRestoration (19ms)
2026-03-24T08:19:17.263Z|0xc5c0|Refreshing native plugins compatible for Editor in 0.99 ms, found 2 plugins.
2026-03-24T08:19:17.263Z|0xc5c0|Preloading 0 native plugins for Editor in 0.00 ms.
2026-03-24T08:19:17.264Z|0xa2f8|Unloading 17 Unused Serialized files (Serialized files now loaded: 0)
2026-03-24T08:19:17.287Z|0xc5c0|Unloading 4702 unused Assets / (3.8 MB). Loaded Objects now: 5667.
Memory consumption went from 139.9 MB to 136.1 MB.
2026-03-24T08:19:17.288Z|0xc5c0|Total: 23.222400 ms (FindLiveObjects: 1.619200 ms CreateObjectMapping: 2.695300 ms MarkObjects: 13.467600 ms  DeleteObjects: 5.437200 ms)

2026-03-24T08:19:17.288Z|0xc5c0|Prepare: number of updated asset objects reloaded= 0
2026-03-24T08:20:31.662Z|0xc5c0|========================================================================
2026-03-24T08:20:31.662Z|0xc5c0|Received Prepare
2026-03-24T08:20:31.738Z|0xc5c0|Assembly reference Packages/com.unity.cinemachine/Editor/Samples/ExposeHDRPInternals/HDRP-Editor-ref.asmref has no target assembly definition
Assembly reference Packages/com.unity.cinemachine/Editor/Samples/ExposeHDRPInternals/HDRP-Editor-ref.asmref has no target assembly definition
Begin MonoManager ReloadAssembly
2026-03-24T08:20:31.916Z|0xc5c0|[Licensing::Client] Successfully resolved entitlement details
2026-03-24T08:20:32.754Z|0xc5c0|- Loaded All Assemblies, in  0.840 seconds
2026-03-24T08:20:32.920Z|0xc5c0|Assembly reference Packages/com.unity.cinemachine/Editor/Samples/ExposeHDRPInternals/HDRP-Editor-ref.asmref has no target assembly definition
'Packages/com.unity.cinemachine/Editor/Obsolete/CinemachineVirtualCameraBaseEditor.cs' contains partial class of Unity.Object, exactly 1 of the partial classes needs to be in a file with the same filename. This is to know the one that can be referenced from ie. GameObjects
2026-03-24T08:20:33.049Z|0xc5c0|'Packages/com.unity.cinemachine/Editor/Editors/CinemachineVirtualCameraBaseEditor.cs' contains partial class of Unity.Object, exactly 1 of the partial classes needs to be in a file with the same filename. This is to know the one that can be referenced from ie. GameObjects
2026-03-24T08:20:33.080Z|0xc5c0|Refreshing native plugins compatible for Editor in 0.37 ms, found 2 plugins.
2026-03-24T08:20:33.229Z|0xc5c0|Native extension for Android target not found
2026-03-24T08:20:33.238Z|0xc5c0|Native extension for WindowsStandalone target not found
2026-03-24T08:20:33.239Z|0xc5c0|Native extension for WebGL target not found
2026-03-24T08:20:33.405Z|0xc5c0|Assembly reference Packages/com.unity.cinemachine/Editor/Samples/ExposeHDRPInternals/HDRP-Editor-ref.asmref has no target assembly definition
[Package Manager] Failed to launch server process. Reason: Unity was launched with the -noUpm command-line argument
2026-03-24T08:20:33.678Z|0xc5c0|[Package Manager] Unable to send message (not connected to server process).
2026-03-24T08:20:33.678Z|0xc5c0|[Package Manager] Cannot connect to Unity Package Manager local server
2026-03-24T08:20:33.691Z|0xc5c0|[Package Manager] Failed to launch server process. Reason: Unity was launched with the -noUpm command-line argument
2026-03-24T08:20:33.691Z|0xc5c0|[Package Manager] Unable to send message (not connected to server process).
2026-03-24T08:20:33.691Z|0xc5c0|[Package Manager] Cannot connect to Unity Package Manager local server
2026-03-24T08:20:33.972Z|0xc5c0|ScheduleIndexationOnStartup MainProcess:False IndexOnStartup:True
Mono: successfully reloaded assembly
2026-03-24T08:20:34.041Z|0xc5c0|- Finished resetting the current domain, in  0.961 seconds
2026-03-24T08:20:34.042Z|0xc5c0|Domain Reload Profiling: 1802ms
	BeginReloadAssembly (235ms)
		ExecutionOrderSort (0ms)
		DisableScriptedObjects (7ms)
		BackupInstance (0ms)
		ReleaseScriptingObjects (0ms)
		CreateAndSetChildDomain (60ms)
	RebuildCommonClasses (44ms)
	RebuildNativeTypeToScriptingClass (17ms)
	initialDomainReloadingComplete (33ms)
	LoadAllAssembliesAndSetupDomain (511ms)
		LoadAssemblies (411ms)
		RebuildTransferFunctionScriptingTraits (0ms)
		AnalyzeDomain (207ms)
			TypeCache.Refresh (10ms)
				TypeCache.ScanAssembly (0ms)
			BuildScriptInfoCaches (181ms)
			ResolveRequiredComponents (10ms)
	FinalizeReload (962ms)
		ReleaseScriptCaches (0ms)
		RebuildScriptCaches (0ms)
		SetupLoadedEditorAssemblies (770ms)
			LogAssemblyErrors (0ms)
			InitializePlatformSupportModulesInManaged (13ms)
			SetLoadedEditorAssemblies (6ms)
			BeforeProcessingInitializeOnLoad (232ms)
			ProcessInitializeOnLoadAttributes (434ms)
			ProcessInitializeOnLoadMethodAttributes (78ms)
			AfterProcessingInitializeOnLoad (6ms)
			EditorAssembliesLoaded (0ms)
		ExecutionOrderSort2 (0ms)
		AwakeInstancesAfterBackupRestoration (18ms)
2026-03-24T08:20:34.482Z|0xc5c0|Refreshing native plugins compatible for Editor in 0.87 ms, found 2 plugins.
2026-03-24T08:20:34.482Z|0xc5c0|Preloading 0 native plugins for Editor in 0.00 ms.
2026-03-24T08:20:34.484Z|0x9044|Unloading 17 Unused Serialized files (Serialized files now loaded: 0)
2026-03-24T08:20:34.508Z|0xc5c0|Unloading 4702 unused Assets / (3.9 MB). Loaded Objects now: 5670.
Memory consumption went from 140.0 MB to 136.0 MB.
2026-03-24T08:20:34.509Z|0xc5c0|Total: 24.669000 ms (FindLiveObjects: 1.340700 ms CreateObjectMapping: 1.825400 ms MarkObjects: 14.808300 ms  DeleteObjects: 6.691300 ms)

2026-03-24T08:20:34.509Z|0xc5c0|Prepare: number of updated asset objects reloaded= 0
2026-03-24T08:20:38.213Z|0xc5c0|========================================================================
2026-03-24T08:20:38.213Z|0xc5c0|Received Prepare
2026-03-24T08:20:38.288Z|0xc5c0|Assembly reference Packages/com.unity.cinemachine/Editor/Samples/ExposeHDRPInternals/HDRP-Editor-ref.asmref has no target assembly definition
Assembly reference Packages/com.unity.cinemachine/Editor/Samples/ExposeHDRPInternals/HDRP-Editor-ref.asmref has no target assembly definition
Begin MonoManager ReloadAssembly
2026-03-24T08:20:39.305Z|0xc5c0|- Loaded All Assemblies, in  0.839 seconds
2026-03-24T08:20:39.470Z|0xc5c0|Assembly reference Packages/com.unity.cinemachine/Editor/Samples/ExposeHDRPInternals/HDRP-Editor-ref.asmref has no target assembly definition
'Packages/com.unity.cinemachine/Editor/Obsolete/CinemachineVirtualCameraBaseEditor.cs' contains partial class of Unity.Object, exactly 1 of the partial classes needs to be in a file with the same filename. This is to know the one that can be referenced from ie. GameObjects
2026-03-24T08:20:39.599Z|0xc5c0|'Packages/com.unity.cinemachine/Editor/Editors/CinemachineVirtualCameraBaseEditor.cs' contains partial class of Unity.Object, exactly 1 of the partial classes needs to be in a file with the same filename. This is to know the one that can be referenced from ie. GameObjects
2026-03-24T08:20:39.630Z|0xc5c0|Refreshing native plugins compatible for Editor in 0.32 ms, found 2 plugins.
2026-03-24T08:20:39.766Z|0xc5c0|Native extension for Android target not found
2026-03-24T08:20:39.773Z|0xc5c0|Native extension for WindowsStandalone target not found
2026-03-24T08:20:39.774Z|0xc5c0|Native extension for WebGL target not found
2026-03-24T08:20:39.931Z|0xc5c0|Assembly reference Packages/com.unity.cinemachine/Editor/Samples/ExposeHDRPInternals/HDRP-Editor-ref.asmref has no target assembly definition
[Package Manager] Failed to launch server process. Reason: Unity was launched with the -noUpm command-line argument
2026-03-24T08:20:40.171Z|0xc5c0|[Package Manager] Unable to send message (not connected to server process).
2026-03-24T08:20:40.171Z|0xc5c0|[Package Manager] Cannot connect to Unity Package Manager local server
2026-03-24T08:20:40.186Z|0xc5c0|[Package Manager] Failed to launch server process. Reason: Unity was launched with the -noUpm command-line argument
2026-03-24T08:20:40.186Z|0xc5c0|[Package Manager] Unable to send message (not connected to server process).
2026-03-24T08:20:40.186Z|0xc5c0|[Package Manager] Cannot connect to Unity Package Manager local server
2026-03-24T08:20:40.478Z|0xc5c0|ScheduleIndexationOnStartup MainProcess:False IndexOnStartup:True
Mono: successfully reloaded assembly
2026-03-24T08:20:40.551Z|0xc5c0|- Finished resetting the current domain, in  0.920 seconds
2026-03-24T08:20:40.551Z|0xc5c0|Domain Reload Profiling: 1761ms
	BeginReloadAssembly (234ms)
		ExecutionOrderSort (0ms)
		DisableScriptedObjects (7ms)
		BackupInstance (0ms)
		ReleaseScriptingObjects (0ms)
		CreateAndSetChildDomain (59ms)
	RebuildCommonClasses (43ms)
	RebuildNativeTypeToScriptingClass (16ms)
	initialDomainReloadingComplete (31ms)
	LoadAllAssembliesAndSetupDomain (517ms)
		LoadAssemblies (417ms)
		RebuildTransferFunctionScriptingTraits (0ms)
		AnalyzeDomain (209ms)
			TypeCache.Refresh (8ms)
				TypeCache.ScanAssembly (0ms)
			BuildScriptInfoCaches (184ms)
			ResolveRequiredComponents (11ms)
	FinalizeReload (920ms)
		ReleaseScriptCaches (0ms)
		RebuildScriptCaches (0ms)
		SetupLoadedEditorAssemblies (740ms)
			LogAssemblyErrors (0ms)
			InitializePlatformSupportModulesInManaged (11ms)
			SetLoadedEditorAssemblies (6ms)
			BeforeProcessingInitializeOnLoad (221ms)
			ProcessInitializeOnLoadAttributes (409ms)
			ProcessInitializeOnLoadMethodAttributes (86ms)
			AfterProcessingInitializeOnLoad (6ms)
			EditorAssembliesLoaded (0ms)
		ExecutionOrderSort2 (0ms)
		AwakeInstancesAfterBackupRestoration (19ms)
2026-03-24T08:20:41.076Z|0xc5c0|Refreshing native plugins compatible for Editor in 1.32 ms, found 2 plugins.
2026-03-24T08:20:41.076Z|0xc5c0|Preloading 0 native plugins for Editor in 0.00 ms.
2026-03-24T08:20:41.078Z|0x174a8|Unloading 17 Unused Serialized files (Serialized files now loaded: 0)
2026-03-24T08:20:41.099Z|0xc5c0|Unloading 4702 unused Assets / (4.0 MB). Loaded Objects now: 5673.
Memory consumption went from 140.0 MB to 136.0 MB.
2026-03-24T08:20:41.100Z|0xc5c0|Total: 21.558200 ms (FindLiveObjects: 1.759500 ms CreateObjectMapping: 1.734200 ms MarkObjects: 12.662700 ms  DeleteObjects: 5.398000 ms)

2026-03-24T08:20:41.100Z|0xc5c0|Prepare: number of updated asset objects reloaded= 0
2026-03-24T08:20:52.707Z|0xc5c0|========================================================================
Received Import Request.
  Time since last request: 548.139120 seconds.
  path: Assets/Prefabs/Bullets/Bullet_Assault.prefab
  artifactKey: Guid(97961d6b05c1b6c48b53dd6b1bf6ef30) Importer(815301076,1909f56bfc062723c751e8b465ee728b)
2026-03-24T08:20:52.719Z|0xc5c0|Start importing Assets/Prefabs/Bullets/Bullet_Assault.prefab using Guid(97961d6b05c1b6c48b53dd6b1bf6ef30) Importer(815301076,1909f56bfc062723c751e8b465ee728b) (PreviewImporter) -> (artifact id: 'a0a12d4726bf089eca24283951589337') in 0.5657901 seconds
2026-03-24T08:20:53.310Z|0xc5c0|Number of updated asset objects reloaded before import = 0Number of asset objects unloaded after import = 14

2026-03-24T08:21:23.538Z|0xc5c0|========================================================================
2026-03-24T08:21:23.538Z|0xc5c0|Received Prepare
2026-03-24T08:21:23.609Z|0xc5c0|Assembly reference Packages/com.unity.cinemachine/Editor/Samples/ExposeHDRPInternals/HDRP-Editor-ref.asmref has no target assembly definition
Assembly reference Packages/com.unity.cinemachine/Editor/Samples/ExposeHDRPInternals/HDRP-Editor-ref.asmref has no target assembly definition
Begin MonoManager ReloadAssembly
2026-03-24T08:21:24.697Z|0xc5c0|- Loaded All Assemblies, in  0.914 seconds
2026-03-24T08:21:24.853Z|0xc5c0|Assembly reference Packages/com.unity.cinemachine/Editor/Samples/ExposeHDRPInternals/HDRP-Editor-ref.asmref has no target assembly definition
'Packages/com.unity.cinemachine/Editor/Obsolete/CinemachineVirtualCameraBaseEditor.cs' contains partial class of Unity.Object, exactly 1 of the partial classes needs to be in a file with the same filename. This is to know the one that can be referenced from ie. GameObjects
2026-03-24T08:21:24.981Z|0xc5c0|'Packages/com.unity.cinemachine/Editor/Editors/CinemachineVirtualCameraBaseEditor.cs' contains partial class of Unity.Object, exactly 1 of the partial classes needs to be in a file with the same filename. This is to know the one that can be referenced from ie. GameObjects
2026-03-24T08:21:25.012Z|0xc5c0|Refreshing native plugins compatible for Editor in 0.42 ms, found 2 plugins.
2026-03-24T08:21:25.155Z|0xc5c0|Native extension for Android target not found
2026-03-24T08:21:25.164Z|0xc5c0|Native extension for WindowsStandalone target not found
2026-03-24T08:21:25.165Z|0xc5c0|Native extension for WebGL target not found
2026-03-24T08:21:25.329Z|0xc5c0|Assembly reference Packages/com.unity.cinemachine/Editor/Samples/ExposeHDRPInternals/HDRP-Editor-ref.asmref has no target assembly definition
[Package Manager] Failed to launch server process. Reason: Unity was launched with the -noUpm command-line argument
2026-03-24T08:21:25.578Z|0xc5c0|[Package Manager] Unable to send message (not connected to server process).
2026-03-24T08:21:25.578Z|0xc5c0|[Package Manager] Cannot connect to Unity Package Manager local server
2026-03-24T08:21:25.591Z|0xc5c0|[Package Manager] Failed to launch server process. Reason: Unity was launched with the -noUpm command-line argument
2026-03-24T08:21:25.592Z|0xc5c0|[Package Manager] Unable to send message (not connected to server process).
2026-03-24T08:21:25.592Z|0xc5c0|[Package Manager] Cannot connect to Unity Package Manager local server
2026-03-24T08:21:25.894Z|0xc5c0|ScheduleIndexationOnStartup MainProcess:False IndexOnStartup:True
Mono: successfully reloaded assembly
2026-03-24T08:21:25.968Z|0xc5c0|- Finished resetting the current domain, in  0.955 seconds
2026-03-24T08:21:25.968Z|0xc5c0|Domain Reload Profiling: 1870ms
	BeginReloadAssembly (294ms)
		ExecutionOrderSort (0ms)
		DisableScriptedObjects (28ms)
		BackupInstance (0ms)
		ReleaseScriptingObjects (0ms)
		CreateAndSetChildDomain (89ms)
	RebuildCommonClasses (44ms)
	RebuildNativeTypeToScriptingClass (15ms)
	initialDomainReloadingComplete (33ms)
	LoadAllAssembliesAndSetupDomain (528ms)
		LoadAssemblies (431ms)
		RebuildTransferFunctionScriptingTraits (0ms)
		AnalyzeDomain (215ms)
			TypeCache.Refresh (7ms)
				TypeCache.ScanAssembly (0ms)
			BuildScriptInfoCaches (190ms)
			ResolveRequiredComponents (11ms)
	FinalizeReload (955ms)
		ReleaseScriptCaches (0ms)
		RebuildScriptCaches (0ms)
		SetupLoadedEditorAssemblies (766ms)
			LogAssemblyErrors (0ms)
			InitializePlatformSupportModulesInManaged (13ms)
			SetLoadedEditorAssemblies (6ms)
			BeforeProcessingInitializeOnLoad (227ms)
			ProcessInitializeOnLoadAttributes (427ms)
			ProcessInitializeOnLoadMethodAttributes (88ms)
			AfterProcessingInitializeOnLoad (6ms)
			EditorAssembliesLoaded (0ms)
		ExecutionOrderSort2 (0ms)
		AwakeInstancesAfterBackupRestoration (21ms)
2026-03-24T08:21:26.607Z|0xc5c0|Refreshing native plugins compatible for Editor in 1.24 ms, found 2 plugins.
2026-03-24T08:21:26.607Z|0xc5c0|Preloading 0 native plugins for Editor in 0.00 ms.
2026-03-24T08:21:26.609Z|0xffb4|Unloading 17 Unused Serialized files (Serialized files now loaded: 0)
2026-03-24T08:21:26.632Z|0xc5c0|Unloading 4704 unused Assets / (3.5 MB). Loaded Objects now: 5696.
Memory consumption went from 140.1 MB to 136.6 MB.
2026-03-24T08:21:26.632Z|0xc5c0|Total: 22.631900 ms (FindLiveObjects: 1.321300 ms CreateObjectMapping: 1.534400 ms MarkObjects: 13.072500 ms  DeleteObjects: 6.699800 ms)

2026-03-24T08:21:26.632Z|0xc5c0|Prepare: number of updated asset objects reloaded= 0
2026-03-24T08:21:46.019Z|0xc5c0|========================================================================
Received Import Request.
  Time since last request: 52.709733 seconds.
  path: Assets/Prefabs/Bullets/Bullet_Assault.prefab
  artifactKey: Guid(97961d6b05c1b6c48b53dd6b1bf6ef30) Importer(815301076,1909f56bfc062723c751e8b465ee728b)
2026-03-24T08:21:46.031Z|0xc5c0|Start importing Assets/Prefabs/Bullets/Bullet_Assault.prefab using Guid(97961d6b05c1b6c48b53dd6b1bf6ef30) Importer(815301076,1909f56bfc062723c751e8b465ee728b) (PreviewImporter) -> (artifact id: '05664dc76d7e713f7b49d0ac9bd19b92') in 0.5198498 seconds
2026-03-24T08:21:46.577Z|0xc5c0|Number of updated asset objects reloaded before import = 0Number of asset objects unloaded after import = 14

2026-03-24T08:21:50.057Z|0xc5c0|========================================================================
Received Import Request.
  Time since last request: 3.480153 seconds.
  path: Assets/Prefabs/Bullets/Bullet_Assault.prefab
  artifactKey: Guid(97961d6b05c1b6c48b53dd6b1bf6ef30) Importer(815301076,1909f56bfc062723c751e8b465ee728b)
2026-03-24T08:21:50.069Z|0xc5c0|Start importing Assets/Prefabs/Bullets/Bullet_Assault.prefab using Guid(97961d6b05c1b6c48b53dd6b1bf6ef30) Importer(815301076,1909f56bfc062723c751e8b465ee728b) (PreviewImporter) -> (artifact id: '2139514203511c2dc5c1796af4823e4b') in 0.0152782 seconds
2026-03-24T08:21:50.110Z|0xc5c0|Number of updated asset objects reloaded before import = 0Number of asset objects unloaded after import = 13

2026-03-24T08:21:57.353Z|0xc5c0|========================================================================
2026-03-24T08:21:57.353Z|0xc5c0|Received Prepare
2026-03-24T08:21:57.429Z|0xc5c0|Assembly reference Packages/com.unity.cinemachine/Editor/Samples/ExposeHDRPInternals/HDRP-Editor-ref.asmref has no target assembly definition
Assembly reference Packages/com.unity.cinemachine/Editor/Samples/ExposeHDRPInternals/HDRP-Editor-ref.asmref has no target assembly definition
Begin MonoManager ReloadAssembly
2026-03-24T08:21:57.606Z|0xc5c0|[Licensing::Client] Successfully resolved entitlement details
2026-03-24T08:21:58.497Z|0xc5c0|- Loaded All Assemblies, in  0.894 seconds
2026-03-24T08:21:58.658Z|0xc5c0|Assembly reference Packages/com.unity.cinemachine/Editor/Samples/ExposeHDRPInternals/HDRP-Editor-ref.asmref has no target assembly definition
'Packages/com.unity.cinemachine/Editor/Obsolete/CinemachineVirtualCameraBaseEditor.cs' contains partial class of Unity.Object, exactly 1 of the partial classes needs to be in a file with the same filename. This is to know the one that can be referenced from ie. GameObjects
2026-03-24T08:21:58.785Z|0xc5c0|'Packages/com.unity.cinemachine/Editor/Editors/CinemachineVirtualCameraBaseEditor.cs' contains partial class of Unity.Object, exactly 1 of the partial classes needs to be in a file with the same filename. This is to know the one that can be referenced from ie. GameObjects
2026-03-24T08:21:58.816Z|0xc5c0|Refreshing native plugins compatible for Editor in 0.36 ms, found 2 plugins.
2026-03-24T08:21:58.957Z|0xc5c0|Native extension for Android target not found
2026-03-24T08:21:58.965Z|0xc5c0|Native extension for WindowsStandalone target not found
2026-03-24T08:21:58.966Z|0xc5c0|Native extension for WebGL target not found
2026-03-24T08:21:59.129Z|0xc5c0|Assembly reference Packages/com.unity.cinemachine/Editor/Samples/ExposeHDRPInternals/HDRP-Editor-ref.asmref has no target assembly definition
[Package Manager] Failed to launch server process. Reason: Unity was launched with the -noUpm command-line argument
2026-03-24T08:21:59.374Z|0xc5c0|[Package Manager] Unable to send message (not connected to server process).
2026-03-24T08:21:59.374Z|0xc5c0|[Package Manager] Cannot connect to Unity Package Manager local server
2026-03-24T08:21:59.387Z|0xc5c0|[Package Manager] Failed to launch server process. Reason: Unity was launched with the -noUpm command-line argument
2026-03-24T08:21:59.387Z|0xc5c0|[Package Manager] Unable to send message (not connected to server process).
2026-03-24T08:21:59.387Z|0xc5c0|[Package Manager] Cannot connect to Unity Package Manager local server
2026-03-24T08:21:59.671Z|0xc5c0|ScheduleIndexationOnStartup MainProcess:False IndexOnStartup:True
Mono: successfully reloaded assembly
2026-03-24T08:21:59.744Z|0xc5c0|- Finished resetting the current domain, in  0.927 seconds
2026-03-24T08:21:59.745Z|0xc5c0|Domain Reload Profiling: 1822ms
	BeginReloadAssembly (284ms)
		ExecutionOrderSort (0ms)
		DisableScriptedObjects (29ms)
		BackupInstance (0ms)
		ReleaseScriptingObjects (0ms)
		CreateAndSetChildDomain (83ms)
	RebuildCommonClasses (44ms)
	RebuildNativeTypeToScriptingClass (15ms)
	initialDomainReloadingComplete (32ms)
	LoadAllAssembliesAndSetupDomain (518ms)
		LoadAssemblies (408ms)
		RebuildTransferFunctionScriptingTraits (0ms)
		AnalyzeDomain (220ms)
			TypeCache.Refresh (8ms)
				TypeCache.ScanAssembly (0ms)
			BuildScriptInfoCaches (195ms)
			ResolveRequiredComponents (11ms)
	FinalizeReload (928ms)
		ReleaseScriptCaches (0ms)
		RebuildScriptCaches (0ms)
		SetupLoadedEditorAssemblies (745ms)
			LogAssemblyErrors (0ms)
			InitializePlatformSupportModulesInManaged (12ms)
			SetLoadedEditorAssemblies (6ms)
			BeforeProcessingInitializeOnLoad (227ms)
			ProcessInitializeOnLoadAttributes (414ms)
			ProcessInitializeOnLoadMethodAttributes (78ms)
			AfterProcessingInitializeOnLoad (8ms)
			EditorAssembliesLoaded (1ms)
		ExecutionOrderSort2 (0ms)
		AwakeInstancesAfterBackupRestoration (18ms)
2026-03-24T08:22:00.310Z|0xc5c0|Refreshing native plugins compatible for Editor in 1.00 ms, found 2 plugins.
2026-03-24T08:22:00.310Z|0xc5c0|Preloading 0 native plugins for Editor in 0.00 ms.
2026-03-24T08:22:00.312Z|0x124b8|Unloading 17 Unused Serialized files (Serialized files now loaded: 0)
2026-03-24T08:22:00.334Z|0xc5c0|Unloading 4704 unused Assets / (3.8 MB). Loaded Objects now: 5719.
Memory consumption went from 140.3 MB to 136.5 MB.
2026-03-24T08:22:00.334Z|0xc5c0|Total: 21.654800 ms (FindLiveObjects: 1.482800 ms CreateObjectMapping: 2.169700 ms MarkObjects: 12.864400 ms  DeleteObjects: 5.134900 ms)

2026-03-24T08:22:00.334Z|0xc5c0|Prepare: number of updated asset objects reloaded= 0
2026-03-24T08:22:39.789Z|0xc5c0|========================================================================
Received Import Request.
  Time since last request: 49.679293 seconds.
  path: Assets/Prefabs/Bullets/Bullet_Assault_2.prefab
  artifactKey: Guid(3f0d5a01ac9024c409c895c090c87203) Importer(815301076,1909f56bfc062723c751e8b465ee728b)
2026-03-24T08:22:39.801Z|0xc5c0|Start importing Assets/Prefabs/Bullets/Bullet_Assault_2.prefab using Guid(3f0d5a01ac9024c409c895c090c87203) Importer(815301076,1909f56bfc062723c751e8b465ee728b) (PreviewImporter) -> (artifact id: '9f053c59234d33e4680a0ac4c06d8f44') in 0.5194635 seconds
2026-03-24T08:22:40.344Z|0xc5c0|Number of updated asset objects reloaded before import = 0Number of asset objects unloaded after import = 14

2026-03-24T08:22:59.284Z|0xc5c0|========================================================================
2026-03-24T08:22:59.284Z|0xc5c0|Received Prepare
2026-03-24T08:22:59.376Z|0xc5c0|Assembly reference Packages/com.unity.cinemachine/Editor/Samples/ExposeHDRPInternals/HDRP-Editor-ref.asmref has no target assembly definition
Assembly reference Packages/com.unity.cinemachine/Editor/Samples/ExposeHDRPInternals/HDRP-Editor-ref.asmref has no target assembly definition
Begin MonoManager ReloadAssembly
2026-03-24T08:22:59.551Z|0xc5c0|[Licensing::Client] Successfully resolved entitlement details
2026-03-24T08:23:00.463Z|0xc5c0|- Loaded All Assemblies, in  0.914 seconds
2026-03-24T08:23:00.623Z|0xc5c0|Assembly reference Packages/com.unity.cinemachine/Editor/Samples/ExposeHDRPInternals/HDRP-Editor-ref.asmref has no target assembly definition
'Packages/com.unity.cinemachine/Editor/Obsolete/CinemachineVirtualCameraBaseEditor.cs' contains partial class of Unity.Object, exactly 1 of the partial classes needs to be in a file with the same filename. This is to know the one that can be referenced from ie. GameObjects
2026-03-24T08:23:00.752Z|0xc5c0|'Packages/com.unity.cinemachine/Editor/Editors/CinemachineVirtualCameraBaseEditor.cs' contains partial class of Unity.Object, exactly 1 of the partial classes needs to be in a file with the same filename. This is to know the one that can be referenced from ie. GameObjects
2026-03-24T08:23:00.784Z|0xc5c0|Refreshing native plugins compatible for Editor in 0.45 ms, found 2 plugins.
2026-03-24T08:23:00.933Z|0xc5c0|Native extension for Android target not found
2026-03-24T08:23:00.941Z|0xc5c0|Native extension for WindowsStandalone target not found
2026-03-24T08:23:00.942Z|0xc5c0|Native extension for WebGL target not found
2026-03-24T08:23:01.106Z|0xc5c0|Assembly reference Packages/com.unity.cinemachine/Editor/Samples/ExposeHDRPInternals/HDRP-Editor-ref.asmref has no target assembly definition
[Package Manager] Failed to launch server process. Reason: Unity was launched with the -noUpm command-line argument
2026-03-24T08:23:01.359Z|0xc5c0|[Package Manager] Unable to send message (not connected to server process).
2026-03-24T08:23:01.359Z|0xc5c0|[Package Manager] Cannot connect to Unity Package Manager local server
2026-03-24T08:23:01.373Z|0xc5c0|[Package Manager] Failed to launch server process. Reason: Unity was launched with the -noUpm command-line argument
2026-03-24T08:23:01.373Z|0xc5c0|[Package Manager] Unable to send message (not connected to server process).
2026-03-24T08:23:01.373Z|0xc5c0|[Package Manager] Cannot connect to Unity Package Manager local server
2026-03-24T08:23:01.673Z|0xc5c0|ScheduleIndexationOnStartup MainProcess:False IndexOnStartup:True
Mono: successfully reloaded assembly
2026-03-24T08:23:01.770Z|0xc5c0|- Finished resetting the current domain, in  0.985 seconds
2026-03-24T08:23:01.771Z|0xc5c0|Domain Reload Profiling: 1902ms
	BeginReloadAssembly (284ms)
		ExecutionOrderSort (0ms)
		DisableScriptedObjects (29ms)
		BackupInstance (0ms)
		ReleaseScriptingObjects (0ms)
		CreateAndSetChildDomain (80ms)
	RebuildCommonClasses (44ms)
	RebuildNativeTypeToScriptingClass (15ms)
	initialDomainReloadingComplete (33ms)
	LoadAllAssembliesAndSetupDomain (540ms)
		LoadAssemblies (435ms)
		RebuildTransferFunctionScriptingTraits (0ms)
		AnalyzeDomain (217ms)
			TypeCache.Refresh (8ms)
				TypeCache.ScanAssembly (0ms)
			BuildScriptInfoCaches (193ms)
			ResolveRequiredComponents (11ms)
	FinalizeReload (986ms)
		ReleaseScriptCaches (0ms)
		RebuildScriptCaches (0ms)
		SetupLoadedEditorAssemblies (775ms)
			LogAssemblyErrors (0ms)
			InitializePlatformSupportModulesInManaged (13ms)
			SetLoadedEditorAssemblies (6ms)
			BeforeProcessingInitializeOnLoad (227ms)
			ProcessInitializeOnLoadAttributes (429ms)
			ProcessInitializeOnLoadMethodAttributes (94ms)
			AfterProcessingInitializeOnLoad (6ms)
			EditorAssembliesLoaded (0ms)
		ExecutionOrderSort2 (0ms)
		AwakeInstancesAfterBackupRestoration (22ms)
2026-03-24T08:23:02.403Z|0xc5c0|Refreshing native plugins compatible for Editor in 0.69 ms, found 2 plugins.
2026-03-24T08:23:02.403Z|0xc5c0|Preloading 0 native plugins for Editor in 0.00 ms.
2026-03-24T08:23:02.405Z|0xce48|Unloading 17 Unused Serialized files (Serialized files now loaded: 0)
2026-03-24T08:23:02.425Z|0xc5c0|Unloading 4704 unused Assets / (3.2 MB). Loaded Objects now: 5742.
Memory consumption went from 140.3 MB to 137.2 MB.
2026-03-24T08:23:02.425Z|0xc5c0|Total: 19.992000 ms (FindLiveObjects: 1.223900 ms CreateObjectMapping: 1.506500 ms MarkObjects: 13.275300 ms  DeleteObjects: 3.983400 ms)

2026-03-24T08:23:02.426Z|0xc5c0|Prepare: number of updated asset objects reloaded= 0
2026-03-24T08:23:45.197Z|0xc5c0|========================================================================
2026-03-24T08:23:45.197Z|0xc5c0|Received Prepare
2026-03-24T08:23:45.271Z|0xc5c0|Assembly reference Packages/com.unity.cinemachine/Editor/Samples/ExposeHDRPInternals/HDRP-Editor-ref.asmref has no target assembly definition
Assembly reference Packages/com.unity.cinemachine/Editor/Samples/ExposeHDRPInternals/HDRP-Editor-ref.asmref has no target assembly definition
Begin MonoManager ReloadAssembly
2026-03-24T08:23:46.292Z|0xc5c0|- Loaded All Assemblies, in  0.842 seconds
2026-03-24T08:23:46.452Z|0xc5c0|Assembly reference Packages/com.unity.cinemachine/Editor/Samples/ExposeHDRPInternals/HDRP-Editor-ref.asmref has no target assembly definition
'Packages/com.unity.cinemachine/Editor/Obsolete/CinemachineVirtualCameraBaseEditor.cs' contains partial class of Unity.Object, exactly 1 of the partial classes needs to be in a file with the same filename. This is to know the one that can be referenced from ie. GameObjects
2026-03-24T08:23:46.577Z|0xc5c0|'Packages/com.unity.cinemachine/Editor/Editors/CinemachineVirtualCameraBaseEditor.cs' contains partial class of Unity.Object, exactly 1 of the partial classes needs to be in a file with the same filename. This is to know the one that can be referenced from ie. GameObjects
2026-03-24T08:23:46.610Z|0xc5c0|Refreshing native plugins compatible for Editor in 0.57 ms, found 2 plugins.
2026-03-24T08:23:46.759Z|0xc5c0|Native extension for Android target not found
2026-03-24T08:23:46.767Z|0xc5c0|Native extension for WindowsStandalone target not found
2026-03-24T08:23:46.768Z|0xc5c0|Native extension for WebGL target not found
2026-03-24T08:23:46.933Z|0xc5c0|Assembly reference Packages/com.unity.cinemachine/Editor/Samples/ExposeHDRPInternals/HDRP-Editor-ref.asmref has no target assembly definition
[Package Manager] Failed to launch server process. Reason: Unity was launched with the -noUpm command-line argument
2026-03-24T08:23:47.182Z|0xc5c0|[Package Manager] Unable to send message (not connected to server process).
2026-03-24T08:23:47.182Z|0xc5c0|[Package Manager] Cannot connect to Unity Package Manager local server
2026-03-24T08:23:47.197Z|0xc5c0|[Package Manager] Failed to launch server process. Reason: Unity was launched with the -noUpm command-line argument
2026-03-24T08:23:47.197Z|0xc5c0|[Package Manager] Unable to send message (not connected to server process).
2026-03-24T08:23:47.197Z|0xc5c0|[Package Manager] Cannot connect to Unity Package Manager local server
2026-03-24T08:23:47.489Z|0xc5c0|ScheduleIndexationOnStartup MainProcess:False IndexOnStartup:True
Mono: successfully reloaded assembly
2026-03-24T08:23:47.564Z|0xc5c0|- Finished resetting the current domain, in  0.953 seconds
2026-03-24T08:23:47.564Z|0xc5c0|Domain Reload Profiling: 1795ms
	BeginReloadAssembly (235ms)
		ExecutionOrderSort (0ms)
		DisableScriptedObjects (7ms)
		BackupInstance (0ms)
		ReleaseScriptingObjects (0ms)
		CreateAndSetChildDomain (60ms)
	RebuildCommonClasses (43ms)
	RebuildNativeTypeToScriptingClass (16ms)
	initialDomainReloadingComplete (32ms)
	LoadAllAssembliesAndSetupDomain (517ms)
		LoadAssemblies (415ms)
		RebuildTransferFunctionScriptingTraits (0ms)
		AnalyzeDomain (211ms)
			TypeCache.Refresh (7ms)
				TypeCache.ScanAssembly (0ms)
			BuildScriptInfoCaches (187ms)
			ResolveRequiredComponents (11ms)
	FinalizeReload (953ms)
		ReleaseScriptCaches (0ms)
		RebuildScriptCaches (0ms)
		SetupLoadedEditorAssemblies (758ms)
			LogAssemblyErrors (0ms)
			InitializePlatformSupportModulesInManaged (12ms)
			SetLoadedEditorAssemblies (6ms)
			BeforeProcessingInitializeOnLoad (231ms)
			ProcessInitializeOnLoadAttributes (419ms)
			ProcessInitializeOnLoadMethodAttributes (83ms)
			AfterProcessingInitializeOnLoad (6ms)
			EditorAssembliesLoaded (0ms)
		ExecutionOrderSort2 (0ms)
		AwakeInstancesAfterBackupRestoration (21ms)
2026-03-24T08:23:48.122Z|0xc5c0|Refreshing native plugins compatible for Editor in 1.03 ms, found 2 plugins.
2026-03-24T08:23:48.122Z|0xc5c0|Preloading 0 native plugins for Editor in 0.00 ms.
2026-03-24T08:23:48.124Z|0xf82c|Unloading 17 Unused Serialized files (Serialized files now loaded: 0)
2026-03-24T08:23:48.146Z|0xc5c0|Unloading 4702 unused Assets / (3.9 MB). Loaded Objects now: 5745.
Memory consumption went from 140.2 MB to 136.3 MB.
2026-03-24T08:23:48.146Z|0xc5c0|Total: 22.261600 ms (FindLiveObjects: 1.714500 ms CreateObjectMapping: 1.646500 ms MarkObjects: 12.807600 ms  DeleteObjects: 6.089000 ms)

2026-03-24T08:23:48.146Z|0xc5c0|Prepare: number of updated asset objects reloaded= 0
2026-03-24T08:24:38.237Z|0xc5c0|========================================================================
2026-03-24T08:24:38.237Z|0xc5c0|Received Prepare
2026-03-24T08:24:38.311Z|0xc5c0|Assembly reference Packages/com.unity.cinemachine/Editor/Samples/ExposeHDRPInternals/HDRP-Editor-ref.asmref has no target assembly definition
Assembly reference Packages/com.unity.cinemachine/Editor/Samples/ExposeHDRPInternals/HDRP-Editor-ref.asmref has no target assembly definition
Begin MonoManager ReloadAssembly
2026-03-24T08:24:38.490Z|0xc5c0|[Licensing::Client] Successfully resolved entitlement details
2026-03-24T08:24:39.351Z|0xc5c0|- Loaded All Assemblies, in  0.864 seconds
2026-03-24T08:24:39.512Z|0xc5c0|Assembly reference Packages/com.unity.cinemachine/Editor/Samples/ExposeHDRPInternals/HDRP-Editor-ref.asmref has no target assembly definition
'Packages/com.unity.cinemachine/Editor/Obsolete/CinemachineVirtualCameraBaseEditor.cs' contains partial class of Unity.Object, exactly 1 of the partial classes needs to be in a file with the same filename. This is to know the one that can be referenced from ie. GameObjects
2026-03-24T08:24:39.645Z|0xc5c0|'Packages/com.unity.cinemachine/Editor/Editors/CinemachineVirtualCameraBaseEditor.cs' contains partial class of Unity.Object, exactly 1 of the partial classes needs to be in a file with the same filename. This is to know the one that can be referenced from ie. GameObjects
2026-03-24T08:24:39.677Z|0xc5c0|Refreshing native plugins compatible for Editor in 0.44 ms, found 2 plugins.
2026-03-24T08:24:39.811Z|0xc5c0|Native extension for Android target not found
2026-03-24T08:24:39.818Z|0xc5c0|Native extension for WindowsStandalone target not found
2026-03-24T08:24:39.819Z|0xc5c0|Native extension for WebGL target not found
2026-03-24T08:24:39.982Z|0xc5c0|Assembly reference Packages/com.unity.cinemachine/Editor/Samples/ExposeHDRPInternals/HDRP-Editor-ref.asmref has no target assembly definition
[Package Manager] Failed to launch server process. Reason: Unity was launched with the -noUpm command-line argument
2026-03-24T08:24:40.228Z|0xc5c0|[Package Manager] Unable to send message (not connected to server process).
2026-03-24T08:24:40.228Z|0xc5c0|[Package Manager] Cannot connect to Unity Package Manager local server
2026-03-24T08:24:40.241Z|0xc5c0|[Package Manager] Failed to launch server process. Reason: Unity was launched with the -noUpm command-line argument
2026-03-24T08:24:40.241Z|0xc5c0|[Package Manager] Unable to send message (not connected to server process).
2026-03-24T08:24:40.241Z|0xc5c0|[Package Manager] Cannot connect to Unity Package Manager local server
2026-03-24T08:24:40.530Z|0xc5c0|ScheduleIndexationOnStartup MainProcess:False IndexOnStartup:True
Mono: successfully reloaded assembly
2026-03-24T08:24:40.602Z|0xc5c0|- Finished resetting the current domain, in  0.924 seconds
2026-03-24T08:24:40.603Z|0xc5c0|Domain Reload Profiling: 1789ms
	BeginReloadAssembly (244ms)
		ExecutionOrderSort (0ms)
		DisableScriptedObjects (7ms)
		BackupInstance (0ms)
		ReleaseScriptingObjects (0ms)
		CreateAndSetChildDomain (65ms)
	RebuildCommonClasses (43ms)
	RebuildNativeTypeToScriptingClass (15ms)
	initialDomainReloadingComplete (31ms)
	LoadAllAssembliesAndSetupDomain (531ms)
		LoadAssemblies (422ms)
		RebuildTransferFunctionScriptingTraits (0ms)
		AnalyzeDomain (218ms)
			TypeCache.Refresh (8ms)
				TypeCache.ScanAssembly (0ms)
			BuildScriptInfoCaches (194ms)
			ResolveRequiredComponents (11ms)
	FinalizeReload (925ms)
		ReleaseScriptCaches (0ms)
		RebuildScriptCaches (0ms)
		SetupLoadedEditorAssemblies (746ms)
			LogAssemblyErrors (0ms)
			InitializePlatformSupportModulesInManaged (11ms)
			SetLoadedEditorAssemblies (6ms)
			BeforeProcessingInitializeOnLoad (235ms)
			ProcessInitializeOnLoadAttributes (406ms)
			ProcessInitializeOnLoadMethodAttributes (82ms)
			AfterProcessingInitializeOnLoad (6ms)
			EditorAssembliesLoaded (0ms)
		ExecutionOrderSort2 (0ms)
		AwakeInstancesAfterBackupRestoration (20ms)
2026-03-24T08:24:41.080Z|0xc5c0|Refreshing native plugins compatible for Editor in 0.93 ms, found 2 plugins.
2026-03-24T08:24:41.080Z|0xc5c0|Preloading 0 native plugins for Editor in 0.00 ms.
2026-03-24T08:24:41.082Z|0x18540|Unloading 17 Unused Serialized files (Serialized files now loaded: 0)
2026-03-24T08:24:41.104Z|0xc5c0|Unloading 4702 unused Assets / (3.8 MB). Loaded Objects now: 5748.
Memory consumption went from 140.2 MB to 136.5 MB.
2026-03-24T08:24:41.104Z|0xc5c0|Total: 22.124000 ms (FindLiveObjects: 1.518100 ms CreateObjectMapping: 1.816200 ms MarkObjects: 13.122600 ms  DeleteObjects: 5.663600 ms)

2026-03-24T08:24:41.104Z|0xc5c0|Prepare: number of updated asset objects reloaded= 0
2026-03-24T08:25:06.908Z|0xc5c0|========================================================================
Received Import Request.
  Time since last request: 146.566227 seconds.
  path: Assets/Prefabs/Bullets/Bullet_Assault.prefab
  artifactKey: Guid(97961d6b05c1b6c48b53dd6b1bf6ef30) Importer(815301076,1909f56bfc062723c751e8b465ee728b)
2026-03-24T08:25:06.921Z|0xc5c0|Start importing Assets/Prefabs/Bullets/Bullet_Assault.prefab using Guid(97961d6b05c1b6c48b53dd6b1bf6ef30) Importer(815301076,1909f56bfc062723c751e8b465ee728b) (PreviewImporter) -> (artifact id: '39ae79d1354ba342d6ba324a3f36e3e1') in 0.5384933 seconds
2026-03-24T08:25:07.485Z|0xc5c0|Number of updated asset objects reloaded before import = 0Number of asset objects unloaded after import = 15

2026-03-24T08:25:20.644Z|0xc5c0|========================================================================
2026-03-24T08:25:20.645Z|0xc5c0|Received Prepare
2026-03-24T08:25:20.719Z|0xc5c0|Assembly reference Packages/com.unity.cinemachine/Editor/Samples/ExposeHDRPInternals/HDRP-Editor-ref.asmref has no target assembly definition
Assembly reference Packages/com.unity.cinemachine/Editor/Samples/ExposeHDRPInternals/HDRP-Editor-ref.asmref has no target assembly definition
Begin MonoManager ReloadAssembly
2026-03-24T08:25:21.830Z|0xc5c0|- Loaded All Assemblies, in  0.938 seconds
2026-03-24T08:25:21.996Z|0xc5c0|Assembly reference Packages/com.unity.cinemachine/Editor/Samples/ExposeHDRPInternals/HDRP-Editor-ref.asmref has no target assembly definition
'Packages/com.unity.cinemachine/Editor/Obsolete/CinemachineVirtualCameraBaseEditor.cs' contains partial class of Unity.Object, exactly 1 of the partial classes needs to be in a file with the same filename. This is to know the one that can be referenced from ie. GameObjects
2026-03-24T08:25:22.129Z|0xc5c0|'Packages/com.unity.cinemachine/Editor/Editors/CinemachineVirtualCameraBaseEditor.cs' contains partial class of Unity.Object, exactly 1 of the partial classes needs to be in a file with the same filename. This is to know the one that can be referenced from ie. GameObjects
2026-03-24T08:25:22.161Z|0xc5c0|Refreshing native plugins compatible for Editor in 0.44 ms, found 2 plugins.
2026-03-24T08:25:22.310Z|0xc5c0|Native extension for Android target not found
2026-03-24T08:25:22.319Z|0xc5c0|Native extension for WindowsStandalone target not found
2026-03-24T08:25:22.320Z|0xc5c0|Native extension for WebGL target not found
2026-03-24T08:25:22.488Z|0xc5c0|Assembly reference Packages/com.unity.cinemachine/Editor/Samples/ExposeHDRPInternals/HDRP-Editor-ref.asmref has no target assembly definition
[Package Manager] Failed to launch server process. Reason: Unity was launched with the -noUpm command-line argument
2026-03-24T08:25:22.745Z|0xc5c0|[Package Manager] Unable to send message (not connected to server process).
2026-03-24T08:25:22.745Z|0xc5c0|[Package Manager] Cannot connect to Unity Package Manager local server
2026-03-24T08:25:22.758Z|0xc5c0|[Package Manager] Failed to launch server process. Reason: Unity was launched with the -noUpm command-line argument
2026-03-24T08:25:22.758Z|0xc5c0|[Package Manager] Unable to send message (not connected to server process).
2026-03-24T08:25:22.758Z|0xc5c0|[Package Manager] Cannot connect to Unity Package Manager local server
2026-03-24T08:25:23.053Z|0xc5c0|ScheduleIndexationOnStartup MainProcess:False IndexOnStartup:True
Mono: successfully reloaded assembly
2026-03-24T08:25:23.134Z|0xc5c0|- Finished resetting the current domain, in  0.972 seconds
2026-03-24T08:25:23.136Z|0xc5c0|Domain Reload Profiling: 1912ms
	BeginReloadAssembly (296ms)
		ExecutionOrderSort (0ms)
		DisableScriptedObjects (28ms)
		BackupInstance (0ms)
		ReleaseScriptingObjects (0ms)
		CreateAndSetChildDomain (87ms)
	RebuildCommonClasses (46ms)
	RebuildNativeTypeToScriptingClass (16ms)
	initialDomainReloadingComplete (35ms)
	LoadAllAssembliesAndSetupDomain (544ms)
		LoadAssemblies (451ms)
		RebuildTransferFunctionScriptingTraits (0ms)
		AnalyzeDomain (215ms)
			TypeCache.Refresh (8ms)
				TypeCache.ScanAssembly (0ms)
			BuildScriptInfoCaches (190ms)
			ResolveRequiredComponents (12ms)
	FinalizeReload (974ms)
		ReleaseScriptCaches (0ms)
		RebuildScriptCaches (0ms)
		SetupLoadedEditorAssemblies (770ms)
			LogAssemblyErrors (0ms)
			InitializePlatformSupportModulesInManaged (13ms)
			SetLoadedEditorAssemblies (6ms)
			BeforeProcessingInitializeOnLoad (235ms)
			ProcessInitializeOnLoadAttributes (421ms)
			ProcessInitializeOnLoadMethodAttributes (88ms)
			AfterProcessingInitializeOnLoad (6ms)
			EditorAssembliesLoaded (0ms)
		ExecutionOrderSort2 (0ms)
		AwakeInstancesAfterBackupRestoration (21ms)
2026-03-24T08:25:23.762Z|0xc5c0|Refreshing native plugins compatible for Editor in 1.61 ms, found 2 plugins.
2026-03-24T08:25:23.762Z|0xc5c0|Preloading 0 native plugins for Editor in 0.00 ms.
2026-03-24T08:25:23.764Z|0x409c|Unloading 17 Unused Serialized files (Serialized files now loaded: 0)
2026-03-24T08:25:23.783Z|0xc5c0|Unloading 4704 unused Assets / (3.7 MB). Loaded Objects now: 5771.
Memory consumption went from 140.4 MB to 136.7 MB.
2026-03-24T08:25:23.784Z|0xc5c0|Total: 19.751400 ms (FindLiveObjects: 1.294200 ms CreateObjectMapping: 1.529000 ms MarkObjects: 11.459900 ms  DeleteObjects: 5.465900 ms)

2026-03-24T08:25:23.784Z|0xc5c0|Prepare: number of updated asset objects reloaded= 0
2026-03-24T08:25:57.838Z|0xc5c0|========================================================================
2026-03-24T08:25:57.838Z|0xc5c0|Received Prepare
2026-03-24T08:25:57.912Z|0xc5c0|Assembly reference Packages/com.unity.cinemachine/Editor/Samples/ExposeHDRPInternals/HDRP-Editor-ref.asmref has no target assembly definition
Assembly reference Packages/com.unity.cinemachine/Editor/Samples/ExposeHDRPInternals/HDRP-Editor-ref.asmref has no target assembly definition
Begin MonoManager ReloadAssembly
2026-03-24T08:25:58.090Z|0xc5c0|[Licensing::Client] Successfully resolved entitlement details
2026-03-24T08:25:58.942Z|0xc5c0|- Loaded All Assemblies, in  0.854 seconds
2026-03-24T08:25:59.099Z|0xc5c0|Assembly reference Packages/com.unity.cinemachine/Editor/Samples/ExposeHDRPInternals/HDRP-Editor-ref.asmref has no target assembly definition
'Packages/com.unity.cinemachine/Editor/Obsolete/CinemachineVirtualCameraBaseEditor.cs' contains partial class of Unity.Object, exactly 1 of the partial classes needs to be in a file with the same filename. This is to know the one that can be referenced from ie. GameObjects
2026-03-24T08:25:59.226Z|0xc5c0|'Packages/com.unity.cinemachine/Editor/Editors/CinemachineVirtualCameraBaseEditor.cs' contains partial class of Unity.Object, exactly 1 of the partial classes needs to be in a file with the same filename. This is to know the one that can be referenced from ie. GameObjects
2026-03-24T08:25:59.258Z|0xc5c0|Refreshing native plugins compatible for Editor in 0.43 ms, found 2 plugins.
2026-03-24T08:25:59.403Z|0xc5c0|Native extension for Android target not found
2026-03-24T08:25:59.412Z|0xc5c0|Native extension for WindowsStandalone target not found
2026-03-24T08:25:59.412Z|0xc5c0|Native extension for WebGL target not found
2026-03-24T08:25:59.576Z|0xc5c0|Assembly reference Packages/com.unity.cinemachine/Editor/Samples/ExposeHDRPInternals/HDRP-Editor-ref.asmref has no target assembly definition
[Package Manager] Failed to launch server process. Reason: Unity was launched with the -noUpm command-line argument
2026-03-24T08:25:59.828Z|0xc5c0|[Package Manager] Unable to send message (not connected to server process).
2026-03-24T08:25:59.828Z|0xc5c0|[Package Manager] Cannot connect to Unity Package Manager local server
2026-03-24T08:25:59.842Z|0xc5c0|[Package Manager] Failed to launch server process. Reason: Unity was launched with the -noUpm command-line argument
2026-03-24T08:25:59.842Z|0xc5c0|[Package Manager] Unable to send message (not connected to server process).
2026-03-24T08:25:59.842Z|0xc5c0|[Package Manager] Cannot connect to Unity Package Manager local server
2026-03-24T08:26:00.144Z|0xc5c0|ScheduleIndexationOnStartup MainProcess:False IndexOnStartup:True
Mono: successfully reloaded assembly
2026-03-24T08:26:00.219Z|0xc5c0|- Finished resetting the current domain, in  0.960 seconds
2026-03-24T08:26:00.219Z|0xc5c0|Domain Reload Profiling: 1815ms
	BeginReloadAssembly (239ms)
		ExecutionOrderSort (0ms)
		DisableScriptedObjects (7ms)
		BackupInstance (0ms)
		ReleaseScriptingObjects (0ms)
		CreateAndSetChildDomain (62ms)
	RebuildCommonClasses (42ms)
	RebuildNativeTypeToScriptingClass (15ms)
	initialDomainReloadingComplete (32ms)
	LoadAllAssembliesAndSetupDomain (526ms)
		LoadAssemblies (418ms)
		RebuildTransferFunctionScriptingTraits (0ms)
		AnalyzeDomain (215ms)
			TypeCache.Refresh (7ms)
				TypeCache.ScanAssembly (0ms)
			BuildScriptInfoCaches (189ms)
			ResolveRequiredComponents (12ms)
	FinalizeReload (961ms)
		ReleaseScriptCaches (0ms)
		RebuildScriptCaches (0ms)
		SetupLoadedEditorAssemblies (771ms)
			LogAssemblyErrors (0ms)
			InitializePlatformSupportModulesInManaged (14ms)
			SetLoadedEditorAssemblies (6ms)
			BeforeProcessingInitializeOnLoad (229ms)
			ProcessInitializeOnLoadAttributes (420ms)
			ProcessInitializeOnLoadMethodAttributes (96ms)
			AfterProcessingInitializeOnLoad (6ms)
			EditorAssembliesLoaded (0ms)
		ExecutionOrderSort2 (0ms)
		AwakeInstancesAfterBackupRestoration (20ms)
2026-03-24T08:26:00.794Z|0xc5c0|Refreshing native plugins compatible for Editor in 1.06 ms, found 2 plugins.
2026-03-24T08:26:00.794Z|0xc5c0|Preloading 0 native plugins for Editor in 0.00 ms.
2026-03-24T08:26:00.796Z|0xa160|Unloading 17 Unused Serialized files (Serialized files now loaded: 0)
2026-03-24T08:26:00.818Z|0xc5c0|Unloading 4702 unused Assets / (3.8 MB). Loaded Objects now: 5774.
Memory consumption went from 140.3 MB to 136.6 MB.
2026-03-24T08:26:00.819Z|0xc5c0|Total: 22.286100 ms (FindLiveObjects: 1.464500 ms CreateObjectMapping: 1.679200 ms MarkObjects: 13.550500 ms  DeleteObjects: 5.589000 ms)

2026-03-24T08:26:00.819Z|0xc5c0|Prepare: number of updated asset objects reloaded= 0
2026-03-24T08:26:44.107Z|0xc5c0|========================================================================
2026-03-24T08:26:44.107Z|0xc5c0|Received Prepare
2026-03-24T08:26:44.181Z|0xc5c0|Assembly reference Packages/com.unity.cinemachine/Editor/Samples/ExposeHDRPInternals/HDRP-Editor-ref.asmref has no target assembly definition
Assembly reference Packages/com.unity.cinemachine/Editor/Samples/ExposeHDRPInternals/HDRP-Editor-ref.asmref has no target assembly definition
Begin MonoManager ReloadAssembly
2026-03-24T08:26:45.193Z|0xc5c0|- Loaded All Assemblies, in  0.834 seconds
2026-03-24T08:26:45.347Z|0xc5c0|Assembly reference Packages/com.unity.cinemachine/Editor/Samples/ExposeHDRPInternals/HDRP-Editor-ref.asmref has no target assembly definition
'Packages/com.unity.cinemachine/Editor/Obsolete/CinemachineVirtualCameraBaseEditor.cs' contains partial class of Unity.Object, exactly 1 of the partial classes needs to be in a file with the same filename. This is to know the one that can be referenced from ie. GameObjects
2026-03-24T08:26:45.477Z|0xc5c0|'Packages/com.unity.cinemachine/Editor/Editors/CinemachineVirtualCameraBaseEditor.cs' contains partial class of Unity.Object, exactly 1 of the partial classes needs to be in a file with the same filename. This is to know the one that can be referenced from ie. GameObjects
2026-03-24T08:26:45.509Z|0xc5c0|Refreshing native plugins compatible for Editor in 0.35 ms, found 2 plugins.
2026-03-24T08:26:45.653Z|0xc5c0|Native extension for Android target not found
2026-03-24T08:26:45.661Z|0xc5c0|Native extension for WindowsStandalone target not found
2026-03-24T08:26:45.661Z|0xc5c0|Native extension for WebGL target not found
2026-03-24T08:26:45.828Z|0xc5c0|Assembly reference Packages/com.unity.cinemachine/Editor/Samples/ExposeHDRPInternals/HDRP-Editor-ref.asmref has no target assembly definition
[Package Manager] Failed to launch server process. Reason: Unity was launched with the -noUpm command-line argument
2026-03-24T08:26:46.087Z|0xc5c0|[Package Manager] Unable to send message (not connected to server process).
2026-03-24T08:26:46.087Z|0xc5c0|[Package Manager] Cannot connect to Unity Package Manager local server
2026-03-24T08:26:46.101Z|0xc5c0|[Package Manager] Failed to launch server process. Reason: Unity was launched with the -noUpm command-line argument
2026-03-24T08:26:46.101Z|0xc5c0|[Package Manager] Unable to send message (not connected to server process).
2026-03-24T08:26:46.101Z|0xc5c0|[Package Manager] Cannot connect to Unity Package Manager local server
2026-03-24T08:26:46.431Z|0xc5c0|ScheduleIndexationOnStartup MainProcess:False IndexOnStartup:True
Mono: successfully reloaded assembly
2026-03-24T08:26:46.519Z|0xc5c0|- Finished resetting the current domain, in  1.010 seconds
2026-03-24T08:26:46.520Z|0xc5c0|Domain Reload Profiling: 1845ms
	BeginReloadAssembly (230ms)
		ExecutionOrderSort (0ms)
		DisableScriptedObjects (7ms)
		BackupInstance (0ms)
		ReleaseScriptingObjects (0ms)
		CreateAndSetChildDomain (56ms)
	RebuildCommonClasses (43ms)
	RebuildNativeTypeToScriptingClass (15ms)
	initialDomainReloadingComplete (32ms)
	LoadAllAssembliesAndSetupDomain (515ms)
		LoadAssemblies (413ms)
		RebuildTransferFunctionScriptingTraits (0ms)
		AnalyzeDomain (208ms)
			TypeCache.Refresh (8ms)
				TypeCache.ScanAssembly (0ms)
			BuildScriptInfoCaches (184ms)
			ResolveRequiredComponents (11ms)
	FinalizeReload (1010ms)
		ReleaseScriptCaches (0ms)
		RebuildScriptCaches (0ms)
		SetupLoadedEditorAssemblies (812ms)
			LogAssemblyErrors (0ms)
			InitializePlatformSupportModulesInManaged (12ms)
			SetLoadedEditorAssemblies (6ms)
			BeforeProcessingInitializeOnLoad (237ms)
			ProcessInitializeOnLoadAttributes (447ms)
			ProcessInitializeOnLoadMethodAttributes (103ms)
			AfterProcessingInitializeOnLoad (6ms)
			EditorAssembliesLoaded (0ms)
		ExecutionOrderSort2 (0ms)
		AwakeInstancesAfterBackupRestoration (23ms)
2026-03-24T08:26:47.184Z|0xc5c0|Refreshing native plugins compatible for Editor in 2.11 ms, found 2 plugins.
2026-03-24T08:26:47.184Z|0xc5c0|Preloading 0 native plugins for Editor in 0.00 ms.
2026-03-24T08:26:47.186Z|0xbaf4|Unloading 17 Unused Serialized files (Serialized files now loaded: 0)
2026-03-24T08:26:47.215Z|0xc5c0|Unloading 4702 unused Assets / (4.2 MB). Loaded Objects now: 5777.
Memory consumption went from 140.4 MB to 136.2 MB.
2026-03-24T08:26:47.215Z|0xc5c0|Total: 28.179000 ms (FindLiveObjects: 1.950400 ms CreateObjectMapping: 2.253000 ms MarkObjects: 16.227700 ms  DeleteObjects: 7.745400 ms)

2026-03-24T08:26:47.215Z|0xc5c0|Prepare: number of updated asset objects reloaded= 0
2026-03-24T08:27:53.312Z|0xc5c0|========================================================================
2026-03-24T08:27:53.312Z|0xc5c0|Received Prepare
2026-03-24T08:27:53.388Z|0xc5c0|Assembly reference Packages/com.unity.cinemachine/Editor/Samples/ExposeHDRPInternals/HDRP-Editor-ref.asmref has no target assembly definition
Assembly reference Packages/com.unity.cinemachine/Editor/Samples/ExposeHDRPInternals/HDRP-Editor-ref.asmref has no target assembly definition
Begin MonoManager ReloadAssembly
2026-03-24T08:27:53.566Z|0xc5c0|[Licensing::Client] Successfully resolved entitlement details
2026-03-24T08:27:54.417Z|0xc5c0|- Loaded All Assemblies, in  0.853 seconds
2026-03-24T08:27:54.580Z|0xc5c0|Assembly reference Packages/com.unity.cinemachine/Editor/Samples/ExposeHDRPInternals/HDRP-Editor-ref.asmref has no target assembly definition
'Packages/com.unity.cinemachine/Editor/Obsolete/CinemachineVirtualCameraBaseEditor.cs' contains partial class of Unity.Object, exactly 1 of the partial classes needs to be in a file with the same filename. This is to know the one that can be referenced from ie. GameObjects
2026-03-24T08:27:54.708Z|0xc5c0|'Packages/com.unity.cinemachine/Editor/Editors/CinemachineVirtualCameraBaseEditor.cs' contains partial class of Unity.Object, exactly 1 of the partial classes needs to be in a file with the same filename. This is to know the one that can be referenced from ie. GameObjects
2026-03-24T08:27:54.738Z|0xc5c0|Refreshing native plugins compatible for Editor in 0.33 ms, found 2 plugins.
2026-03-24T08:27:54.872Z|0xc5c0|Native extension for Android target not found
2026-03-24T08:27:54.880Z|0xc5c0|Native extension for WindowsStandalone target not found
2026-03-24T08:27:54.881Z|0xc5c0|Native extension for WebGL target not found
2026-03-24T08:27:55.044Z|0xc5c0|Assembly reference Packages/com.unity.cinemachine/Editor/Samples/ExposeHDRPInternals/HDRP-Editor-ref.asmref has no target assembly definition
[Package Manager] Failed to launch server process. Reason: Unity was launched with the -noUpm command-line argument
2026-03-24T08:27:55.280Z|0xc5c0|[Package Manager] Unable to send message (not connected to server process).
2026-03-24T08:27:55.280Z|0xc5c0|[Package Manager] Cannot connect to Unity Package Manager local server
2026-03-24T08:27:55.294Z|0xc5c0|[Package Manager] Failed to launch server process. Reason: Unity was launched with the -noUpm command-line argument
2026-03-24T08:27:55.294Z|0xc5c0|[Package Manager] Unable to send message (not connected to server process).
2026-03-24T08:27:55.294Z|0xc5c0|[Package Manager] Cannot connect to Unity Package Manager local server
2026-03-24T08:27:55.584Z|0xc5c0|ScheduleIndexationOnStartup MainProcess:False IndexOnStartup:True
Mono: successfully reloaded assembly
2026-03-24T08:27:55.664Z|0xc5c0|- Finished resetting the current domain, in  0.925 seconds
2026-03-24T08:27:55.665Z|0xc5c0|Domain Reload Profiling: 1780ms
	BeginReloadAssembly (233ms)
		ExecutionOrderSort (0ms)
		DisableScriptedObjects (8ms)
		BackupInstance (0ms)
		ReleaseScriptingObjects (0ms)
		CreateAndSetChildDomain (55ms)
	RebuildCommonClasses (44ms)
	RebuildNativeTypeToScriptingClass (16ms)
	initialDomainReloadingComplete (32ms)
	LoadAllAssembliesAndSetupDomain (529ms)
		LoadAssemblies (417ms)
		RebuildTransferFunctionScriptingTraits (0ms)
		AnalyzeDomain (219ms)
			TypeCache.Refresh (8ms)
				TypeCache.ScanAssembly (0ms)
			BuildScriptInfoCaches (194ms)
			ResolveRequiredComponents (11ms)
	FinalizeReload (926ms)
		ReleaseScriptCaches (0ms)
		RebuildScriptCaches (0ms)
		SetupLoadedEditorAssemblies (742ms)
			LogAssemblyErrors (0ms)
			InitializePlatformSupportModulesInManaged (12ms)
			SetLoadedEditorAssemblies (6ms)
			BeforeProcessingInitializeOnLoad (227ms)
			ProcessInitializeOnLoadAttributes (396ms)
			ProcessInitializeOnLoadMethodAttributes (95ms)
			AfterProcessingInitializeOnLoad (6ms)
			EditorAssembliesLoaded (1ms)
		ExecutionOrderSort2 (0ms)
		AwakeInstancesAfterBackupRestoration (22ms)
2026-03-24T08:27:56.203Z|0xc5c0|Refreshing native plugins compatible for Editor in 0.97 ms, found 2 plugins.
2026-03-24T08:27:56.203Z|0xc5c0|Preloading 0 native plugins for Editor in 0.00 ms.
2026-03-24T08:27:56.205Z|0xa33c|Unloading 17 Unused Serialized files (Serialized files now loaded: 0)
2026-03-24T08:27:56.227Z|0xc5c0|Unloading 4702 unused Assets / (4.0 MB). Loaded Objects now: 5780.
Memory consumption went from 140.4 MB to 136.5 MB.
2026-03-24T08:27:56.227Z|0xc5c0|Total: 22.686700 ms (FindLiveObjects: 1.516600 ms CreateObjectMapping: 2.090700 ms MarkObjects: 13.463200 ms  DeleteObjects: 5.613300 ms)

2026-03-24T08:27:56.228Z|0xc5c0|Prepare: number of updated asset objects reloaded= 0
2026-03-24T08:28:43.568Z|0xc5c0|========================================================================
2026-03-24T08:28:43.568Z|0xc5c0|Received Prepare
2026-03-24T08:28:43.642Z|0xc5c0|Assembly reference Packages/com.unity.cinemachine/Editor/Samples/ExposeHDRPInternals/HDRP-Editor-ref.asmref has no target assembly definition
Assembly reference Packages/com.unity.cinemachine/Editor/Samples/ExposeHDRPInternals/HDRP-Editor-ref.asmref has no target assembly definition
Begin MonoManager ReloadAssembly
2026-03-24T08:28:44.630Z|0xc5c0|- Loaded All Assemblies, in  0.812 seconds
2026-03-24T08:28:44.789Z|0xc5c0|Assembly reference Packages/com.unity.cinemachine/Editor/Samples/ExposeHDRPInternals/HDRP-Editor-ref.asmref has no target assembly definition
'Packages/com.unity.cinemachine/Editor/Obsolete/CinemachineVirtualCameraBaseEditor.cs' contains partial class of Unity.Object, exactly 1 of the partial classes needs to be in a file with the same filename. This is to know the one that can be referenced from ie. GameObjects
2026-03-24T08:28:44.916Z|0xc5c0|'Packages/com.unity.cinemachine/Editor/Editors/CinemachineVirtualCameraBaseEditor.cs' contains partial class of Unity.Object, exactly 1 of the partial classes needs to be in a file with the same filename. This is to know the one that can be referenced from ie. GameObjects
2026-03-24T08:28:44.945Z|0xc5c0|Refreshing native plugins compatible for Editor in 0.39 ms, found 2 plugins.
2026-03-24T08:28:45.085Z|0xc5c0|Native extension for Android target not found
2026-03-24T08:28:45.094Z|0xc5c0|Native extension for WindowsStandalone target not found
2026-03-24T08:28:45.094Z|0xc5c0|Native extension for WebGL target not found
2026-03-24T08:28:45.254Z|0xc5c0|Assembly reference Packages/com.unity.cinemachine/Editor/Samples/ExposeHDRPInternals/HDRP-Editor-ref.asmref has no target assembly definition
[Package Manager] Failed to launch server process. Reason: Unity was launched with the -noUpm command-line argument
2026-03-24T08:28:45.494Z|0xc5c0|[Package Manager] Unable to send message (not connected to server process).
2026-03-24T08:28:45.494Z|0xc5c0|[Package Manager] Cannot connect to Unity Package Manager local server
2026-03-24T08:28:45.506Z|0xc5c0|[Package Manager] Failed to launch server process. Reason: Unity was launched with the -noUpm command-line argument
2026-03-24T08:28:45.506Z|0xc5c0|[Package Manager] Unable to send message (not connected to server process).
2026-03-24T08:28:45.506Z|0xc5c0|[Package Manager] Cannot connect to Unity Package Manager local server
2026-03-24T08:28:45.793Z|0xc5c0|ScheduleIndexationOnStartup MainProcess:False IndexOnStartup:True
Mono: successfully reloaded assembly
2026-03-24T08:28:45.862Z|0xc5c0|- Finished resetting the current domain, in  0.917 seconds
2026-03-24T08:28:45.863Z|0xc5c0|Domain Reload Profiling: 1730ms
	BeginReloadAssembly (221ms)
		ExecutionOrderSort (0ms)
		DisableScriptedObjects (7ms)
		BackupInstance (0ms)
		ReleaseScriptingObjects (0ms)
		CreateAndSetChildDomain (54ms)
	RebuildCommonClasses (44ms)
	RebuildNativeTypeToScriptingClass (16ms)
	initialDomainReloadingComplete (31ms)
	LoadAllAssembliesAndSetupDomain (501ms)
		LoadAssemblies (393ms)
		RebuildTransferFunctionScriptingTraits (0ms)
		AnalyzeDomain (209ms)
			TypeCache.Refresh (8ms)
				TypeCache.ScanAssembly (0ms)
			BuildScriptInfoCaches (185ms)
			ResolveRequiredComponents (11ms)
	FinalizeReload (917ms)
		ReleaseScriptCaches (0ms)
		RebuildScriptCaches (0ms)
		SetupLoadedEditorAssemblies (734ms)
			LogAssemblyErrors (0ms)
			InitializePlatformSupportModulesInManaged (12ms)
			SetLoadedEditorAssemblies (6ms)
			BeforeProcessingInitializeOnLoad (222ms)
			ProcessInitializeOnLoadAttributes (409ms)
			ProcessInitializeOnLoadMethodAttributes (78ms)
			AfterProcessingInitializeOnLoad (6ms)
			EditorAssembliesLoaded (0ms)
		ExecutionOrderSort2 (0ms)
		AwakeInstancesAfterBackupRestoration (20ms)
2026-03-24T08:28:46.328Z|0xc5c0|Refreshing native plugins compatible for Editor in 0.66 ms, found 2 plugins.
2026-03-24T08:28:46.328Z|0xc5c0|Preloading 0 native plugins for Editor in 0.00 ms.
2026-03-24T08:28:46.330Z|0x9df0|Unloading 17 Unused Serialized files (Serialized files now loaded: 0)
2026-03-24T08:28:46.352Z|0xc5c0|Unloading 4702 unused Assets / (4.0 MB). Loaded Objects now: 5783.
Memory consumption went from 140.5 MB to 136.5 MB.
2026-03-24T08:28:46.352Z|0xc5c0|Total: 22.562500 ms (FindLiveObjects: 1.492500 ms CreateObjectMapping: 2.093200 ms MarkObjects: 12.089100 ms  DeleteObjects: 6.884900 ms)

2026-03-24T08:28:46.353Z|0xc5c0|Prepare: number of updated asset objects reloaded= 0
2026-03-24T08:29:07.233Z|0xc5c0|========================================================================
Received Import Request.
  Time since last request: 239.750243 seconds.
  path: Assets/Prefabs/Bullets/Bullet_Assault.prefab
  artifactKey: Guid(97961d6b05c1b6c48b53dd6b1bf6ef30) Importer(815301076,1909f56bfc062723c751e8b465ee728b)
2026-03-24T08:29:07.245Z|0xc5c0|Start importing Assets/Prefabs/Bullets/Bullet_Assault.prefab using Guid(97961d6b05c1b6c48b53dd6b1bf6ef30) Importer(815301076,1909f56bfc062723c751e8b465ee728b) (PreviewImporter) -> (artifact id: '217713284eca794d4c44475dbded15f9') in 0.5292667 seconds
2026-03-24T08:29:07.799Z|0xc5c0|Number of updated asset objects reloaded before import = 0Number of asset objects unloaded after import = 15

2026-03-24T08:29:21.290Z|0xc5c0|========================================================================
2026-03-24T08:29:21.290Z|0xc5c0|Received Prepare
2026-03-24T08:29:21.363Z|0xc5c0|Assembly reference Packages/com.unity.cinemachine/Editor/Samples/ExposeHDRPInternals/HDRP-Editor-ref.asmref has no target assembly definition
Assembly reference Packages/com.unity.cinemachine/Editor/Samples/ExposeHDRPInternals/HDRP-Editor-ref.asmref has no target assembly definition
Begin MonoManager ReloadAssembly
2026-03-24T08:29:21.539Z|0xc5c0|[Licensing::Client] Successfully resolved entitlement details
2026-03-24T08:29:22.457Z|0xc5c0|- Loaded All Assemblies, in  0.920 seconds
2026-03-24T08:29:22.623Z|0xc5c0|Assembly reference Packages/com.unity.cinemachine/Editor/Samples/ExposeHDRPInternals/HDRP-Editor-ref.asmref has no target assembly definition
'Packages/com.unity.cinemachine/Editor/Obsolete/CinemachineVirtualCameraBaseEditor.cs' contains partial class of Unity.Object, exactly 1 of the partial classes needs to be in a file with the same filename. This is to know the one that can be referenced from ie. GameObjects
2026-03-24T08:29:22.747Z|0xc5c0|'Packages/com.unity.cinemachine/Editor/Editors/CinemachineVirtualCameraBaseEditor.cs' contains partial class of Unity.Object, exactly 1 of the partial classes needs to be in a file with the same filename. This is to know the one that can be referenced from ie. GameObjects
2026-03-24T08:29:22.777Z|0xc5c0|Refreshing native plugins compatible for Editor in 0.37 ms, found 2 plugins.
2026-03-24T08:29:22.915Z|0xc5c0|Native extension for Android target not found
2026-03-24T08:29:22.923Z|0xc5c0|Native extension for WindowsStandalone target not found
2026-03-24T08:29:22.924Z|0xc5c0|Native extension for WebGL target not found
2026-03-24T08:29:23.087Z|0xc5c0|Assembly reference Packages/com.unity.cinemachine/Editor/Samples/ExposeHDRPInternals/HDRP-Editor-ref.asmref has no target assembly definition
[Package Manager] Failed to launch server process. Reason: Unity was launched with the -noUpm command-line argument
2026-03-24T08:29:23.362Z|0xc5c0|[Package Manager] Unable to send message (not connected to server process).
2026-03-24T08:29:23.362Z|0xc5c0|[Package Manager] Cannot connect to Unity Package Manager local server
2026-03-24T08:29:23.375Z|0xc5c0|[Package Manager] Failed to launch server process. Reason: Unity was launched with the -noUpm command-line argument
2026-03-24T08:29:23.375Z|0xc5c0|[Package Manager] Unable to send message (not connected to server process).
2026-03-24T08:29:23.375Z|0xc5c0|[Package Manager] Cannot connect to Unity Package Manager local server
2026-03-24T08:29:23.676Z|0xc5c0|ScheduleIndexationOnStartup MainProcess:False IndexOnStartup:True
Mono: successfully reloaded assembly
2026-03-24T08:29:23.791Z|0xc5c0|- Finished resetting the current domain, in  1.013 seconds
2026-03-24T08:29:23.792Z|0xc5c0|Domain Reload Profiling: 1936ms
	BeginReloadAssembly (298ms)
		ExecutionOrderSort (0ms)
		DisableScriptedObjects (27ms)
		BackupInstance (0ms)
		ReleaseScriptingObjects (0ms)
		CreateAndSetChildDomain (89ms)
	RebuildCommonClasses (42ms)
	RebuildNativeTypeToScriptingClass (15ms)
	initialDomainReloadingComplete (32ms)
	LoadAllAssembliesAndSetupDomain (534ms)
		LoadAssemblies (436ms)
		RebuildTransferFunctionScriptingTraits (0ms)
		AnalyzeDomain (217ms)
			TypeCache.Refresh (7ms)
				TypeCache.ScanAssembly (0ms)
			BuildScriptInfoCaches (192ms)
			ResolveRequiredComponents (11ms)
	FinalizeReload (1015ms)
		ReleaseScriptCaches (0ms)
		RebuildScriptCaches (0ms)
		SetupLoadedEditorAssemblies (791ms)
			LogAssemblyErrors (0ms)
			InitializePlatformSupportModulesInManaged (13ms)
			SetLoadedEditorAssemblies (6ms)
			BeforeProcessingInitializeOnLoad (230ms)
			ProcessInitializeOnLoadAttributes (438ms)
			ProcessInitializeOnLoadMethodAttributes (97ms)
			AfterProcessingInitializeOnLoad (7ms)
			EditorAssembliesLoaded (1ms)
		ExecutionOrderSort2 (0ms)
		AwakeInstancesAfterBackupRestoration (29ms)
2026-03-24T08:29:24.409Z|0xc5c0|Refreshing native plugins compatible for Editor in 1.25 ms, found 2 plugins.
2026-03-24T08:29:24.410Z|0xc5c0|Preloading 0 native plugins for Editor in 0.00 ms.
2026-03-24T08:29:24.411Z|0x116d4|Unloading 17 Unused Serialized files (Serialized files now loaded: 0)
2026-03-24T08:29:24.431Z|0xc5c0|Unloading 4704 unused Assets / (3.4 MB). Loaded Objects now: 5806.
Memory consumption went from 140.6 MB to 137.2 MB.
2026-03-24T08:29:24.431Z|0xc5c0|Total: 19.044200 ms (FindLiveObjects: 1.293000 ms CreateObjectMapping: 1.376600 ms MarkObjects: 11.734500 ms  DeleteObjects: 4.637500 ms)

2026-03-24T08:29:24.431Z|0xc5c0|Prepare: number of updated asset objects reloaded= 0
2026-03-24T09:23:31.709Z|0xc5c0|========================================================================
2026-03-24T09:23:31.710Z|0xc5c0|Received Prepare
2026-03-24T09:23:31.803Z|0xc5c0|Assembly reference Packages/com.unity.cinemachine/Editor/Samples/ExposeHDRPInternals/HDRP-Editor-ref.asmref has no target assembly definition
Assembly reference Packages/com.unity.cinemachine/Editor/Samples/ExposeHDRPInternals/HDRP-Editor-ref.asmref has no target assembly definition
Begin MonoManager ReloadAssembly
2026-03-24T09:23:31.984Z|0xc5c0|[Licensing::Client] Successfully resolved entitlement details
2026-03-24T09:23:32.985Z|0xc5c0|- Loaded All Assemblies, in  1.004 seconds
2026-03-24T09:23:33.143Z|0xc5c0|Assembly reference Packages/com.unity.cinemachine/Editor/Samples/ExposeHDRPInternals/HDRP-Editor-ref.asmref has no target assembly definition
'Packages/com.unity.cinemachine/Editor/Obsolete/CinemachineVirtualCameraBaseEditor.cs' contains partial class of Unity.Object, exactly 1 of the partial classes needs to be in a file with the same filename. This is to know the one that can be referenced from ie. GameObjects
2026-03-24T09:23:33.277Z|0xc5c0|'Packages/com.unity.cinemachine/Editor/Editors/CinemachineVirtualCameraBaseEditor.cs' contains partial class of Unity.Object, exactly 1 of the partial classes needs to be in a file with the same filename. This is to know the one that can be referenced from ie. GameObjects
2026-03-24T09:23:33.309Z|0xc5c0|Refreshing native plugins compatible for Editor in 0.34 ms, found 2 plugins.
2026-03-24T09:23:33.459Z|0xc5c0|Native extension for Android target not found
2026-03-24T09:23:33.467Z|0xc5c0|Native extension for WindowsStandalone target not found
2026-03-24T09:23:33.468Z|0xc5c0|Native extension for WebGL target not found
2026-03-24T09:23:33.638Z|0xc5c0|Assembly reference Packages/com.unity.cinemachine/Editor/Samples/ExposeHDRPInternals/HDRP-Editor-ref.asmref has no target assembly definition
[Package Manager] Failed to launch server process. Reason: Unity was launched with the -noUpm command-line argument
2026-03-24T09:23:33.924Z|0xc5c0|[Package Manager] Unable to send message (not connected to server process).
2026-03-24T09:23:33.924Z|0xc5c0|[Package Manager] Cannot connect to Unity Package Manager local server
2026-03-24T09:23:33.941Z|0xc5c0|[Package Manager] Failed to launch server process. Reason: Unity was launched with the -noUpm command-line argument
2026-03-24T09:23:33.941Z|0xc5c0|[Package Manager] Unable to send message (not connected to server process).
2026-03-24T09:23:33.941Z|0xc5c0|[Package Manager] Cannot connect to Unity Package Manager local server
2026-03-24T09:23:34.272Z|0xc5c0|ScheduleIndexationOnStartup MainProcess:False IndexOnStartup:True
Mono: successfully reloaded assembly
2026-03-24T09:23:34.359Z|0xc5c0|- Finished resetting the current domain, in  1.049 seconds
2026-03-24T09:23:34.360Z|0xc5c0|Domain Reload Profiling: 2055ms
	BeginReloadAssembly (311ms)
		ExecutionOrderSort (0ms)
		DisableScriptedObjects (10ms)
		BackupInstance (0ms)
		ReleaseScriptingObjects (0ms)
		CreateAndSetChildDomain (88ms)
	RebuildCommonClasses (48ms)
	RebuildNativeTypeToScriptingClass (16ms)
	initialDomainReloadingComplete (35ms)
	LoadAllAssembliesAndSetupDomain (595ms)
		LoadAssemblies (518ms)
		RebuildTransferFunctionScriptingTraits (0ms)
		AnalyzeDomain (217ms)
			TypeCache.Refresh (8ms)
				TypeCache.ScanAssembly (0ms)
			BuildScriptInfoCaches (192ms)
			ResolveRequiredComponents (11ms)
	FinalizeReload (1050ms)
		ReleaseScriptCaches (0ms)
		RebuildScriptCaches (0ms)
		SetupLoadedEditorAssemblies (845ms)
			LogAssemblyErrors (0ms)
			InitializePlatformSupportModulesInManaged (13ms)
			SetLoadedEditorAssemblies (6ms)
			BeforeProcessingInitializeOnLoad (239ms)
			ProcessInitializeOnLoadAttributes (483ms)
			ProcessInitializeOnLoadMethodAttributes (98ms)
			AfterProcessingInitializeOnLoad (6ms)
			EditorAssembliesLoaded (1ms)
		ExecutionOrderSort2 (0ms)
		AwakeInstancesAfterBackupRestoration (25ms)
2026-03-24T09:23:35.045Z|0xc5c0|Refreshing native plugins compatible for Editor in 1.27 ms, found 2 plugins.
2026-03-24T09:23:35.045Z|0xc5c0|Preloading 0 native plugins for Editor in 0.00 ms.
2026-03-24T09:23:35.047Z|0x7c28|Unloading 17 Unused Serialized files (Serialized files now loaded: 0)
2026-03-24T09:23:35.072Z|0xc5c0|Unloading 4702 unused Assets / (4.3 MB). Loaded Objects now: 5809.
Memory consumption went from 140.6 MB to 136.3 MB.
2026-03-24T09:23:35.072Z|0xc5c0|Total: 24.776700 ms (FindLiveObjects: 1.417500 ms CreateObjectMapping: 1.964900 ms MarkObjects: 14.459900 ms  DeleteObjects: 6.930100 ms)

2026-03-24T09:23:35.072Z|0xc5c0|Prepare: number of updated asset objects reloaded= 0
2026-03-24T09:37:36.527Z|0xc5c0|========================================================================
Received Import Request.
  Time since last request: 4108.753308 seconds.
  path: Assets/Scripts/Scriptable Objects/Gun Objects/Pistol/Pistol.prefab
  artifactKey: Guid(65e3efb9133cdaa4aaeddaf2a8065183) Importer(815301076,1909f56bfc062723c751e8b465ee728b)
2026-03-24T09:37:36.540Z|0xc5c0|Start importing Assets/Scripts/Scriptable Objects/Gun Objects/Pistol/Pistol.prefab using Guid(65e3efb9133cdaa4aaeddaf2a8065183) Importer(815301076,1909f56bfc062723c751e8b465ee728b) (PreviewImporter) -> (artifact id: '77e656de02c0532002587bef7e3cec9a') in 0.5565583 seconds
2026-03-24T09:37:37.126Z|0xc5c0|Number of updated asset objects reloaded before import = 0Number of asset objects unloaded after import = 55

2026-03-24T09:39:16.559Z|0xc5c0|========================================================================
Received Import Request.
  Time since last request: 99.432081 seconds.
  path: Assets/Scripts/Scriptable Objects/Gun Objects/AR/Assault Rifle.prefab
  artifactKey: Guid(751df1de820c9a2438ff77c7ed9bb2e4) Importer(815301076,1909f56bfc062723c751e8b465ee728b)
2026-03-24T09:39:16.570Z|0xc5c0|Start importing Assets/Scripts/Scriptable Objects/Gun Objects/AR/Assault Rifle.prefab using Guid(751df1de820c9a2438ff77c7ed9bb2e4) Importer(815301076,1909f56bfc062723c751e8b465ee728b) (PreviewImporter) -> (artifact id: 'd6ade2a20346fac4dbb1fc1c159b19e4') in 0.0177294 seconds
2026-03-24T09:39:16.611Z|0xc5c0|Number of updated asset objects reloaded before import = 0Number of asset objects unloaded after import = 49

2026-03-24T09:39:29.815Z|0xc5c0|========================================================================
2026-03-24T09:39:29.815Z|0xc5c0|Received Prepare
2026-03-24T09:39:29.889Z|0xc5c0|Assembly reference Packages/com.unity.cinemachine/Editor/Samples/ExposeHDRPInternals/HDRP-Editor-ref.asmref has no target assembly definition
Assembly reference Packages/com.unity.cinemachine/Editor/Samples/ExposeHDRPInternals/HDRP-Editor-ref.asmref has no target assembly definition
Begin MonoManager ReloadAssembly
2026-03-24T09:39:30.078Z|0xc5c0|[Licensing::Client] Successfully resolved entitlement details
2026-03-24T09:39:31.100Z|0xc5c0|- Loaded All Assemblies, in  1.025 seconds
2026-03-24T09:39:31.264Z|0xc5c0|Assembly reference Packages/com.unity.cinemachine/Editor/Samples/ExposeHDRPInternals/HDRP-Editor-ref.asmref has no target assembly definition
'Packages/com.unity.cinemachine/Editor/Obsolete/CinemachineVirtualCameraBaseEditor.cs' contains partial class of Unity.Object, exactly 1 of the partial classes needs to be in a file with the same filename. This is to know the one that can be referenced from ie. GameObjects
2026-03-24T09:39:31.390Z|0xc5c0|'Packages/com.unity.cinemachine/Editor/Editors/CinemachineVirtualCameraBaseEditor.cs' contains partial class of Unity.Object, exactly 1 of the partial classes needs to be in a file with the same filename. This is to know the one that can be referenced from ie. GameObjects
2026-03-24T09:39:31.422Z|0xc5c0|Refreshing native plugins compatible for Editor in 0.41 ms, found 2 plugins.
2026-03-24T09:39:31.572Z|0xc5c0|Native extension for Android target not found
2026-03-24T09:39:31.582Z|0xc5c0|Native extension for WindowsStandalone target not found
2026-03-24T09:39:31.583Z|0xc5c0|Native extension for WebGL target not found
2026-03-24T09:39:31.758Z|0xc5c0|Assembly reference Packages/com.unity.cinemachine/Editor/Samples/ExposeHDRPInternals/HDRP-Editor-ref.asmref has no target assembly definition
[Package Manager] Failed to launch server process. Reason: Unity was launched with the -noUpm command-line argument
2026-03-24T09:39:32.028Z|0xc5c0|[Package Manager] Unable to send message (not connected to server process).
2026-03-24T09:39:32.028Z|0xc5c0|[Package Manager] Cannot connect to Unity Package Manager local server
2026-03-24T09:39:32.041Z|0xc5c0|[Package Manager] Failed to launch server process. Reason: Unity was launched with the -noUpm command-line argument
2026-03-24T09:39:32.041Z|0xc5c0|[Package Manager] Unable to send message (not connected to server process).
2026-03-24T09:39:32.041Z|0xc5c0|[Package Manager] Cannot connect to Unity Package Manager local server
2026-03-24T09:39:32.351Z|0xc5c0|ScheduleIndexationOnStartup MainProcess:False IndexOnStartup:True
Mono: successfully reloaded assembly
2026-03-24T09:39:32.428Z|0xc5c0|- Finished resetting the current domain, in  1.005 seconds
2026-03-24T09:39:32.429Z|0xc5c0|Domain Reload Profiling: 2031ms
	BeginReloadAssembly (310ms)
		ExecutionOrderSort (0ms)
		DisableScriptedObjects (29ms)
		BackupInstance (0ms)
		ReleaseScriptingObjects (0ms)
		CreateAndSetChildDomain (92ms)
	RebuildCommonClasses (45ms)
	RebuildNativeTypeToScriptingClass (20ms)
	initialDomainReloadingComplete (34ms)
	LoadAllAssembliesAndSetupDomain (617ms)
		LoadAssemblies (508ms)
		RebuildTransferFunctionScriptingTraits (0ms)
		AnalyzeDomain (235ms)
			TypeCache.Refresh (8ms)
				TypeCache.ScanAssembly (0ms)
			BuildScriptInfoCaches (209ms)
			ResolveRequiredComponents (12ms)
	FinalizeReload (1006ms)
		ReleaseScriptCaches (0ms)
		RebuildScriptCaches (0ms)
		SetupLoadedEditorAssemblies (807ms)
			LogAssemblyErrors (0ms)
			InitializePlatformSupportModulesInManaged (14ms)
			SetLoadedEditorAssemblies (6ms)
			BeforeProcessingInitializeOnLoad (239ms)
			ProcessInitializeOnLoadAttributes (446ms)
			ProcessInitializeOnLoadMethodAttributes (95ms)
			AfterProcessingInitializeOnLoad (6ms)
			EditorAssembliesLoaded (0ms)
		ExecutionOrderSort2 (0ms)
		AwakeInstancesAfterBackupRestoration (22ms)
2026-03-24T09:39:33.104Z|0xc5c0|Refreshing native plugins compatible for Editor in 1.25 ms, found 2 plugins.
2026-03-24T09:39:33.104Z|0xc5c0|Preloading 0 native plugins for Editor in 0.00 ms.
2026-03-24T09:39:33.106Z|0x1fa0|Unloading 17 Unused Serialized files (Serialized files now loaded: 0)
2026-03-24T09:39:33.126Z|0xc5c0|Unloading 4704 unused Assets / (3.6 MB). Loaded Objects now: 5832.
Memory consumption went from 140.8 MB to 137.2 MB.
2026-03-24T09:39:33.127Z|0xc5c0|Total: 20.368300 ms (FindLiveObjects: 1.578100 ms CreateObjectMapping: 1.925800 ms MarkObjects: 12.020100 ms  DeleteObjects: 4.841700 ms)

2026-03-24T09:39:33.127Z|0xc5c0|Prepare: number of updated asset objects reloaded= 0
2026-03-24T09:40:30.068Z|0xc5c0|========================================================================
Received Import Request.
  Time since last request: 73.457252 seconds.
  path: Assets/Prefabs/Bullets/Bullet_Assault.prefab
  artifactKey: Guid(97961d6b05c1b6c48b53dd6b1bf6ef30) Importer(815301076,1909f56bfc062723c751e8b465ee728b)
2026-03-24T09:40:30.080Z|0xc5c0|Start importing Assets/Prefabs/Bullets/Bullet_Assault.prefab using Guid(97961d6b05c1b6c48b53dd6b1bf6ef30) Importer(815301076,1909f56bfc062723c751e8b465ee728b) (PreviewImporter) -> (artifact id: '1da5f0643bcfbe12303bc69b28534a40') in 0.5078755 seconds
2026-03-24T09:40:30.613Z|0xc5c0|Number of updated asset objects reloaded before import = 0Number of asset objects unloaded after import = 15

2026-03-24T09:40:32.255Z|0xc5c0|========================================================================
Received Import Request.
  Time since last request: 1.642181 seconds.
  path: Assets/Prefabs/Bullets/Bullet_Pistol.prefab
  artifactKey: Guid(a067f25cbd1028148beb4f09ba880e8f) Importer(815301076,1909f56bfc062723c751e8b465ee728b)
2026-03-24T09:40:32.266Z|0xc5c0|Start importing Assets/Prefabs/Bullets/Bullet_Pistol.prefab using Guid(a067f25cbd1028148beb4f09ba880e8f) Importer(815301076,1909f56bfc062723c751e8b465ee728b) (PreviewImporter) -> (artifact id: '93161121b07fbfd93cbbc200e3431351') in 0.0178144 seconds
2026-03-24T09:40:32.307Z|0xc5c0|Number of updated asset objects reloaded before import = 0Number of asset objects unloaded after import = 13

2026-03-24T09:41:12.751Z|0xc5c0|========================================================================
2026-03-24T09:41:12.751Z|0xc5c0|Received Prepare
2026-03-24T09:41:12.823Z|0xc5c0|Assembly reference Packages/com.unity.cinemachine/Editor/Samples/ExposeHDRPInternals/HDRP-Editor-ref.asmref has no target assembly definition
Assembly reference Packages/com.unity.cinemachine/Editor/Samples/ExposeHDRPInternals/HDRP-Editor-ref.asmref has no target assembly definition
Begin MonoManager ReloadAssembly
2026-03-24T09:41:12.999Z|0xc5c0|[Licensing::Client] Successfully resolved entitlement details
2026-03-24T09:41:13.883Z|0xc5c0|- Loaded All Assemblies, in  0.886 seconds
2026-03-24T09:41:14.049Z|0xc5c0|Assembly reference Packages/com.unity.cinemachine/Editor/Samples/ExposeHDRPInternals/HDRP-Editor-ref.asmref has no target assembly definition
'Packages/com.unity.cinemachine/Editor/Obsolete/CinemachineVirtualCameraBaseEditor.cs' contains partial class of Unity.Object, exactly 1 of the partial classes needs to be in a file with the same filename. This is to know the one that can be referenced from ie. GameObjects
2026-03-24T09:41:14.178Z|0xc5c0|'Packages/com.unity.cinemachine/Editor/Editors/CinemachineVirtualCameraBaseEditor.cs' contains partial class of Unity.Object, exactly 1 of the partial classes needs to be in a file with the same filename. This is to know the one that can be referenced from ie. GameObjects
2026-03-24T09:41:14.210Z|0xc5c0|Refreshing native plugins compatible for Editor in 0.44 ms, found 2 plugins.
2026-03-24T09:41:14.353Z|0xc5c0|Native extension for Android target not found
2026-03-24T09:41:14.362Z|0xc5c0|Native extension for WindowsStandalone target not found
2026-03-24T09:41:14.362Z|0xc5c0|Native extension for WebGL target not found
2026-03-24T09:41:14.531Z|0xc5c0|Assembly reference Packages/com.unity.cinemachine/Editor/Samples/ExposeHDRPInternals/HDRP-Editor-ref.asmref has no target assembly definition
[Package Manager] Failed to launch server process. Reason: Unity was launched with the -noUpm command-line argument
2026-03-24T09:41:14.783Z|0xc5c0|[Package Manager] Unable to send message (not connected to server process).
2026-03-24T09:41:14.783Z|0xc5c0|[Package Manager] Cannot connect to Unity Package Manager local server
2026-03-24T09:41:14.796Z|0xc5c0|[Package Manager] Failed to launch server process. Reason: Unity was launched with the -noUpm command-line argument
2026-03-24T09:41:14.796Z|0xc5c0|[Package Manager] Unable to send message (not connected to server process).
2026-03-24T09:41:14.797Z|0xc5c0|[Package Manager] Cannot connect to Unity Package Manager local server
2026-03-24T09:41:15.103Z|0xc5c0|ScheduleIndexationOnStartup MainProcess:False IndexOnStartup:True
Mono: successfully reloaded assembly
2026-03-24T09:41:15.230Z|0xc5c0|- Finished resetting the current domain, in  1.019 seconds
2026-03-24T09:41:15.232Z|0xc5c0|Domain Reload Profiling: 1907ms
	BeginReloadAssembly (274ms)
		ExecutionOrderSort (0ms)
		DisableScriptedObjects (27ms)
		BackupInstance (0ms)
		ReleaseScriptingObjects (0ms)
		CreateAndSetChildDomain (79ms)
	RebuildCommonClasses (45ms)
	RebuildNativeTypeToScriptingClass (15ms)
	initialDomainReloadingComplete (33ms)
	LoadAllAssembliesAndSetupDomain (518ms)
		LoadAssemblies (410ms)
		RebuildTransferFunctionScriptingTraits (0ms)
		AnalyzeDomain (215ms)
			TypeCache.Refresh (7ms)
				TypeCache.ScanAssembly (0ms)
			BuildScriptInfoCaches (192ms)
			ResolveRequiredComponents (11ms)
	FinalizeReload (1021ms)
		ReleaseScriptCaches (0ms)
		RebuildScriptCaches (0ms)
		SetupLoadedEditorAssemblies (783ms)
			LogAssemblyErrors (0ms)
			InitializePlatformSupportModulesInManaged (13ms)
			SetLoadedEditorAssemblies (6ms)
			BeforeProcessingInitializeOnLoad (234ms)
			ProcessInitializeOnLoadAttributes (429ms)
			ProcessInitializeOnLoadMethodAttributes (94ms)
			AfterProcessingInitializeOnLoad (6ms)
			EditorAssembliesLoaded (0ms)
		ExecutionOrderSort2 (0ms)
		AwakeInstancesAfterBackupRestoration (32ms)
2026-03-24T09:41:15.869Z|0xc5c0|Refreshing native plugins compatible for Editor in 0.84 ms, found 2 plugins.
2026-03-24T09:41:15.869Z|0xc5c0|Preloading 0 native plugins for Editor in 0.00 ms.
2026-03-24T09:41:15.871Z|0x14b64|Unloading 17 Unused Serialized files (Serialized files now loaded: 0)
2026-03-24T09:41:15.891Z|0xc5c0|Unloading 4704 unused Assets / (3.4 MB). Loaded Objects now: 5855.
Memory consumption went from 140.8 MB to 137.4 MB.
2026-03-24T09:41:15.891Z|0xc5c0|Total: 19.884700 ms (FindLiveObjects: 1.354400 ms CreateObjectMapping: 1.454900 ms MarkObjects: 12.866800 ms  DeleteObjects: 4.205900 ms)

2026-03-24T09:41:15.891Z|0xc5c0|Prepare: number of updated asset objects reloaded= 0
2026-03-24T09:41:41.371Z|0xc5c0|========================================================================
Received Import Request.
  Time since last request: 69.063202 seconds.
  path: Assets/Prefabs/Bullets/Bullet_HalfShotgun.prefab
  artifactKey: Guid(518d5eaa370c0cf4e93b4d03b6df306a) Importer(815301076,1909f56bfc062723c751e8b465ee728b)
2026-03-24T09:41:41.384Z|0xc5c0|Start importing Assets/Prefabs/Bullets/Bullet_HalfShotgun.prefab using Guid(518d5eaa370c0cf4e93b4d03b6df306a) Importer(815301076,1909f56bfc062723c751e8b465ee728b) (PreviewImporter) -> (artifact id: '9bcbb2dffc47a81653e01e7be3dba9f6') in 0.5232632 seconds
2026-03-24T09:41:41.940Z|0xc5c0|Number of updated asset objects reloaded before import = 0Number of asset objects unloaded after import = 14

2026-03-24T09:41:54.052Z|0xc5c0|========================================================================
Received Import Request.
  Time since last request: 12.111522 seconds.
  path: Assets/Prefabs/Bullets/Bullet_Assault.prefab
  artifactKey: Guid(97961d6b05c1b6c48b53dd6b1bf6ef30) Importer(815301076,1909f56bfc062723c751e8b465ee728b)
2026-03-24T09:41:54.063Z|0xc5c0|Start importing Assets/Prefabs/Bullets/Bullet_Assault.prefab using Guid(97961d6b05c1b6c48b53dd6b1bf6ef30) Importer(815301076,1909f56bfc062723c751e8b465ee728b) (PreviewImporter) -> (artifact id: '4c1aa59941d8eca70a5b00c7bb16456e') in 0.0147307 seconds
2026-03-24T09:41:54.101Z|0xc5c0|Number of updated asset objects reloaded before import = 0Number of asset objects unloaded after import = 14

2026-03-24T09:42:00.864Z|0xc5c0|========================================================================
2026-03-24T09:42:00.864Z|0xc5c0|Received Prepare
2026-03-24T09:42:00.981Z|0xc5c0|Assembly reference Packages/com.unity.cinemachine/Editor/Samples/ExposeHDRPInternals/HDRP-Editor-ref.asmref has no target assembly definition
Assembly reference Packages/com.unity.cinemachine/Editor/Samples/ExposeHDRPInternals/HDRP-Editor-ref.asmref has no target assembly definition
Begin MonoManager ReloadAssembly
2026-03-24T09:42:02.514Z|0xc5c0|- Loaded All Assemblies, in  1.268 seconds
2026-03-24T09:42:02.785Z|0xc5c0|Assembly reference Packages/com.unity.cinemachine/Editor/Samples/ExposeHDRPInternals/HDRP-Editor-ref.asmref has no target assembly definition
'Packages/com.unity.cinemachine/Editor/Obsolete/CinemachineVirtualCameraBaseEditor.cs' contains partial class of Unity.Object, exactly 1 of the partial classes needs to be in a file with the same filename. This is to know the one that can be referenced from ie. GameObjects
2026-03-24T09:42:02.945Z|0xc5c0|'Packages/com.unity.cinemachine/Editor/Editors/CinemachineVirtualCameraBaseEditor.cs' contains partial class of Unity.Object, exactly 1 of the partial classes needs to be in a file with the same filename. This is to know the one that can be referenced from ie. GameObjects
2026-03-24T09:42:02.984Z|0xc5c0|Refreshing native plugins compatible for Editor in 0.70 ms, found 2 plugins.
2026-03-24T09:42:03.185Z|0xc5c0|Native extension for Android target not found
2026-03-24T09:42:03.193Z|0xc5c0|Native extension for WindowsStandalone target not found
2026-03-24T09:42:03.193Z|0xc5c0|Native extension for WebGL target not found
2026-03-24T09:42:03.447Z|0xc5c0|Assembly reference Packages/com.unity.cinemachine/Editor/Samples/ExposeHDRPInternals/HDRP-Editor-ref.asmref has no target assembly definition
[Package Manager] Failed to launch server process. Reason: Unity was launched with the -noUpm command-line argument
2026-03-24T09:42:03.860Z|0xc5c0|[Package Manager] Unable to send message (not connected to server process).
2026-03-24T09:42:03.860Z|0xc5c0|[Package Manager] Cannot connect to Unity Package Manager local server
2026-03-24T09:42:03.881Z|0xc5c0|[Package Manager] Failed to launch server process. Reason: Unity was launched with the -noUpm command-line argument
2026-03-24T09:42:03.881Z|0xc5c0|[Package Manager] Unable to send message (not connected to server process).
2026-03-24T09:42:03.881Z|0xc5c0|[Package Manager] Cannot connect to Unity Package Manager local server
2026-03-24T09:42:04.266Z|0xc5c0|ScheduleIndexationOnStartup MainProcess:False IndexOnStartup:True
Mono: successfully reloaded assembly
2026-03-24T09:42:04.429Z|0xc5c0|- Finished resetting the current domain, in  1.443 seconds
2026-03-24T09:42:04.429Z|0xc5c0|Domain Reload Profiling: 2713ms
	BeginReloadAssembly (438ms)
		ExecutionOrderSort (0ms)
		DisableScriptedObjects (43ms)
		BackupInstance (0ms)
		ReleaseScriptingObjects (0ms)
		CreateAndSetChildDomain (126ms)
	RebuildCommonClasses (66ms)
	RebuildNativeTypeToScriptingClass (16ms)
	initialDomainReloadingComplete (39ms)
	LoadAllAssembliesAndSetupDomain (710ms)
		LoadAssemblies (575ms)
		RebuildTransferFunctionScriptingTraits (0ms)
		AnalyzeDomain (316ms)
			TypeCache.Refresh (9ms)
				TypeCache.ScanAssembly (0ms)
			BuildScriptInfoCaches (278ms)
			ResolveRequiredComponents (22ms)
	FinalizeReload (1444ms)
		ReleaseScriptCaches (0ms)
		RebuildScriptCaches (0ms)
		SetupLoadedEditorAssemblies (1134ms)
			LogAssemblyErrors (0ms)
			InitializePlatformSupportModulesInManaged (12ms)
			SetLoadedEditorAssemblies (6ms)
			BeforeProcessingInitializeOnLoad (342ms)
			ProcessInitializeOnLoadAttributes (629ms)
			ProcessInitializeOnLoadMethodAttributes (127ms)
			AfterProcessingInitializeOnLoad (14ms)
			EditorAssembliesLoaded (2ms)
		ExecutionOrderSort2 (8ms)
		AwakeInstancesAfterBackupRestoration (61ms)
2026-03-24T09:42:05.171Z|0xc5c0|Refreshing native plugins compatible for Editor in 1.21 ms, found 2 plugins.
2026-03-24T09:42:05.171Z|0xc5c0|Preloading 0 native plugins for Editor in 0.00 ms.
2026-03-24T09:42:05.172Z|0x5d98|Unloading 17 Unused Serialized files (Serialized files now loaded: 0)
2026-03-24T09:42:05.198Z|0xc5c0|Unloading 4704 unused Assets / (3.9 MB). Loaded Objects now: 5878.
Memory consumption went from 140.9 MB to 137.0 MB.
2026-03-24T09:42:05.198Z|0xc5c0|Total: 24.849700 ms (FindLiveObjects: 1.983400 ms CreateObjectMapping: 1.842500 ms MarkObjects: 14.567900 ms  DeleteObjects: 6.452200 ms)

2026-03-24T09:42:05.198Z|0xc5c0|Prepare: number of updated asset objects reloaded= 0
2026-03-24T09:42:34.543Z|0xc5c0|========================================================================
Received Import Request.
  Time since last request: 40.442052 seconds.
  path: Assets/Prefabs/Bullets/Bullet_Assault.prefab
  artifactKey: Guid(97961d6b05c1b6c48b53dd6b1bf6ef30) Importer(815301076,1909f56bfc062723c751e8b465ee728b)
2026-03-24T09:42:34.556Z|0xc5c0|Start importing Assets/Prefabs/Bullets/Bullet_Assault.prefab using Guid(97961d6b05c1b6c48b53dd6b1bf6ef30) Importer(815301076,1909f56bfc062723c751e8b465ee728b) (PreviewImporter) -> (artifact id: 'bba7b0432a042b11fe8960b390c88735') in 0.5113928 seconds
2026-03-24T09:42:35.091Z|0xc5c0|Number of updated asset objects reloaded before import = 0Number of asset objects unloaded after import = 15

2026-03-24T09:42:36.271Z|0xc5c0|========================================================================
Received Import Request.
  Time since last request: 1.179400 seconds.
  path: Assets/Prefabs/Bullets/Bullet_Assault.prefab
  artifactKey: Guid(97961d6b05c1b6c48b53dd6b1bf6ef30) Importer(815301076,1909f56bfc062723c751e8b465ee728b)
2026-03-24T09:42:36.282Z|0xc5c0|Start importing Assets/Prefabs/Bullets/Bullet_Assault.prefab using Guid(97961d6b05c1b6c48b53dd6b1bf6ef30) Importer(815301076,1909f56bfc062723c751e8b465ee728b) (PreviewImporter) -> (artifact id: 'bba7b0432a042b11fe8960b390c88735') in 0.0139594 seconds
2026-03-24T09:42:36.319Z|0xc5c0|Number of updated asset objects reloaded before import = 0Number of asset objects unloaded after import = 14

2026-03-24T09:44:51.040Z|0xc5c0|========================================================================
2026-03-24T09:44:51.040Z|0xc5c0|Received Prepare
2026-03-24T09:44:51.121Z|0xc5c0|Assembly reference Packages/com.unity.cinemachine/Editor/Samples/ExposeHDRPInternals/HDRP-Editor-ref.asmref has no target assembly definition
Assembly reference Packages/com.unity.cinemachine/Editor/Samples/ExposeHDRPInternals/HDRP-Editor-ref.asmref has no target assembly definition
Begin MonoManager ReloadAssembly
2026-03-24T09:44:51.296Z|0xc5c0|[Licensing::Client] Successfully resolved entitlement details
2026-03-24T09:44:52.234Z|0xc5c0|- Loaded All Assemblies, in  0.941 seconds
2026-03-24T09:44:52.403Z|0xc5c0|Assembly reference Packages/com.unity.cinemachine/Editor/Samples/ExposeHDRPInternals/HDRP-Editor-ref.asmref has no target assembly definition
'Packages/com.unity.cinemachine/Editor/Obsolete/CinemachineVirtualCameraBaseEditor.cs' contains partial class of Unity.Object, exactly 1 of the partial classes needs to be in a file with the same filename. This is to know the one that can be referenced from ie. GameObjects
2026-03-24T09:44:52.532Z|0xc5c0|'Packages/com.unity.cinemachine/Editor/Editors/CinemachineVirtualCameraBaseEditor.cs' contains partial class of Unity.Object, exactly 1 of the partial classes needs to be in a file with the same filename. This is to know the one that can be referenced from ie. GameObjects
2026-03-24T09:44:52.561Z|0xc5c0|Refreshing native plugins compatible for Editor in 0.36 ms, found 2 plugins.
2026-03-24T09:44:52.707Z|0xc5c0|Native extension for Android target not found
2026-03-24T09:44:52.715Z|0xc5c0|Native extension for WindowsStandalone target not found
2026-03-24T09:44:52.716Z|0xc5c0|Native extension for WebGL target not found
2026-03-24T09:44:52.889Z|0xc5c0|Assembly reference Packages/com.unity.cinemachine/Editor/Samples/ExposeHDRPInternals/HDRP-Editor-ref.asmref has no target assembly definition
[Package Manager] Failed to launch server process. Reason: Unity was launched with the -noUpm command-line argument
2026-03-24T09:44:53.152Z|0xc5c0|[Package Manager] Unable to send message (not connected to server process).
2026-03-24T09:44:53.152Z|0xc5c0|[Package Manager] Cannot connect to Unity Package Manager local server
2026-03-24T09:44:53.166Z|0xc5c0|[Package Manager] Failed to launch server process. Reason: Unity was launched with the -noUpm command-line argument
2026-03-24T09:44:53.166Z|0xc5c0|[Package Manager] Unable to send message (not connected to server process).
2026-03-24T09:44:53.166Z|0xc5c0|[Package Manager] Cannot connect to Unity Package Manager local server
2026-03-24T09:44:53.471Z|0xc5c0|ScheduleIndexationOnStartup MainProcess:False IndexOnStartup:True
Mono: successfully reloaded assembly
2026-03-24T09:44:53.554Z|0xc5c0|- Finished resetting the current domain, in  0.993 seconds
2026-03-24T09:44:53.555Z|0xc5c0|Domain Reload Profiling: 1935ms
	BeginReloadAssembly (294ms)
		ExecutionOrderSort (0ms)
		DisableScriptedObjects (27ms)
		BackupInstance (0ms)
		ReleaseScriptingObjects (0ms)
		CreateAndSetChildDomain (78ms)
	RebuildCommonClasses (52ms)
	RebuildNativeTypeToScriptingClass (16ms)
	initialDomainReloadingComplete (32ms)
	LoadAllAssembliesAndSetupDomain (548ms)
		LoadAssemblies (437ms)
		RebuildTransferFunctionScriptingTraits (0ms)
		AnalyzeDomain (229ms)
			TypeCache.Refresh (7ms)
				TypeCache.ScanAssembly (0ms)
			BuildScriptInfoCaches (206ms)
			ResolveRequiredComponents (11ms)
	FinalizeReload (993ms)
		ReleaseScriptCaches (0ms)
		RebuildScriptCaches (0ms)
		SetupLoadedEditorAssemblies (791ms)
			LogAssemblyErrors (0ms)
			InitializePlatformSupportModulesInManaged (12ms)
			SetLoadedEditorAssemblies (6ms)
			BeforeProcessingInitializeOnLoad (238ms)
			ProcessInitializeOnLoadAttributes (439ms)
			ProcessInitializeOnLoadMethodAttributes (90ms)
			AfterProcessingInitializeOnLoad (6ms)
			EditorAssembliesLoaded (0ms)
		ExecutionOrderSort2 (0ms)
		AwakeInstancesAfterBackupRestoration (27ms)
2026-03-24T09:44:54.194Z|0xc5c0|Refreshing native plugins compatible for Editor in 1.20 ms, found 2 plugins.
2026-03-24T09:44:54.195Z|0xc5c0|Preloading 0 native plugins for Editor in 0.00 ms.
2026-03-24T09:44:54.196Z|0x334|Unloading 17 Unused Serialized files (Serialized files now loaded: 0)
2026-03-24T09:44:54.222Z|0xc5c0|Unloading 4704 unused Assets / (4.1 MB). Loaded Objects now: 5901.
Memory consumption went from 140.9 MB to 136.8 MB.
2026-03-24T09:44:54.222Z|0xc5c0|Total: 25.705600 ms (FindLiveObjects: 1.548700 ms CreateObjectMapping: 1.658200 ms MarkObjects: 15.217900 ms  DeleteObjects: 7.275700 ms)

2026-03-24T09:44:54.223Z|0xc5c0|Prepare: number of updated asset objects reloaded= 0
2026-03-24T09:46:23.385Z|0xc5c0|========================================================================
2026-03-24T09:46:23.386Z|0xc5c0|Received Prepare
2026-03-24T09:46:23.459Z|0xc5c0|Assembly reference Packages/com.unity.cinemachine/Editor/Samples/ExposeHDRPInternals/HDRP-Editor-ref.asmref has no target assembly definition
Assembly reference Packages/com.unity.cinemachine/Editor/Samples/ExposeHDRPInternals/HDRP-Editor-ref.asmref has no target assembly definition
Begin MonoManager ReloadAssembly
2026-03-24T09:46:23.642Z|0xc5c0|[Licensing::Client] Successfully resolved entitlement details
2026-03-24T09:46:24.715Z|0xc5c0|- Loaded All Assemblies, in  1.074 seconds
2026-03-24T09:46:24.940Z|0xc5c0|Assembly reference Packages/com.unity.cinemachine/Editor/Samples/ExposeHDRPInternals/HDRP-Editor-ref.asmref has no target assembly definition
'Packages/com.unity.cinemachine/Editor/Obsolete/CinemachineVirtualCameraBaseEditor.cs' contains partial class of Unity.Object, exactly 1 of the partial classes needs to be in a file with the same filename. This is to know the one that can be referenced from ie. GameObjects
2026-03-24T09:46:25.120Z|0xc5c0|'Packages/com.unity.cinemachine/Editor/Editors/CinemachineVirtualCameraBaseEditor.cs' contains partial class of Unity.Object, exactly 1 of the partial classes needs to be in a file with the same filename. This is to know the one that can be referenced from ie. GameObjects
2026-03-24T09:46:25.170Z|0xc5c0|Refreshing native plugins compatible for Editor in 0.57 ms, found 2 plugins.
2026-03-24T09:46:25.397Z|0xc5c0|Native extension for Android target not found
2026-03-24T09:46:25.409Z|0xc5c0|Native extension for WindowsStandalone target not found
2026-03-24T09:46:25.410Z|0xc5c0|Native extension for WebGL target not found
2026-03-24T09:46:25.634Z|0xc5c0|Assembly reference Packages/com.unity.cinemachine/Editor/Samples/ExposeHDRPInternals/HDRP-Editor-ref.asmref has no target assembly definition
[Package Manager] Failed to launch server process. Reason: Unity was launched with the -noUpm command-line argument
2026-03-24T09:46:26.000Z|0xc5c0|[Package Manager] Unable to send message (not connected to server process).
2026-03-24T09:46:26.000Z|0xc5c0|[Package Manager] Cannot connect to Unity Package Manager local server
2026-03-24T09:46:26.021Z|0xc5c0|[Package Manager] Failed to launch server process. Reason: Unity was launched with the -noUpm command-line argument
2026-03-24T09:46:26.021Z|0xc5c0|[Package Manager] Unable to send message (not connected to server process).
2026-03-24T09:46:26.021Z|0xc5c0|[Package Manager] Cannot connect to Unity Package Manager local server
2026-03-24T09:46:26.376Z|0xc5c0|ScheduleIndexationOnStartup MainProcess:False IndexOnStartup:True
Mono: successfully reloaded assembly
2026-03-24T09:46:26.475Z|0xc5c0|- Finished resetting the current domain, in  1.305 seconds
2026-03-24T09:46:26.476Z|0xc5c0|Domain Reload Profiling: 2381ms
	BeginReloadAssembly (248ms)
		ExecutionOrderSort (0ms)
		DisableScriptedObjects (8ms)
		BackupInstance (0ms)
		ReleaseScriptingObjects (0ms)
		CreateAndSetChildDomain (62ms)
	RebuildCommonClasses (47ms)
	RebuildNativeTypeToScriptingClass (22ms)
	initialDomainReloadingComplete (36ms)
	LoadAllAssembliesAndSetupDomain (724ms)
		LoadAssemblies (499ms)
		RebuildTransferFunctionScriptingTraits (0ms)
		AnalyzeDomain (336ms)
			TypeCache.Refresh (17ms)
				TypeCache.ScanAssembly (1ms)
			BuildScriptInfoCaches (292ms)
			ResolveRequiredComponents (19ms)
	FinalizeReload (1306ms)
		ReleaseScriptCaches (0ms)
		RebuildScriptCaches (0ms)
		SetupLoadedEditorAssemblies (1016ms)
			LogAssemblyErrors (0ms)
			InitializePlatformSupportModulesInManaged (19ms)
			SetLoadedEditorAssemblies (9ms)
			BeforeProcessingInitializeOnLoad (307ms)
			ProcessInitializeOnLoadAttributes (573ms)
			ProcessInitializeOnLoadMethodAttributes (100ms)
			AfterProcessingInitializeOnLoad (8ms)
			EditorAssembliesLoaded (1ms)
		ExecutionOrderSort2 (0ms)
		AwakeInstancesAfterBackupRestoration (28ms)
2026-03-24T09:46:27.068Z|0xc5c0|Refreshing native plugins compatible for Editor in 1.18 ms, found 2 plugins.
2026-03-24T09:46:27.068Z|0xc5c0|Preloading 0 native plugins for Editor in 0.00 ms.
2026-03-24T09:46:27.069Z|0x433c|Unloading 17 Unused Serialized files (Serialized files now loaded: 0)
2026-03-24T09:46:27.090Z|0xc5c0|Unloading 4702 unused Assets / (3.8 MB). Loaded Objects now: 5904.
Memory consumption went from 140.8 MB to 137.1 MB.
2026-03-24T09:46:27.090Z|0xc5c0|Total: 20.330800 ms (FindLiveObjects: 1.421700 ms CreateObjectMapping: 1.126700 ms MarkObjects: 12.637900 ms  DeleteObjects: 5.141800 ms)

2026-03-24T09:46:27.090Z|0xc5c0|Prepare: number of updated asset objects reloaded= 0
2026-03-24T09:59:44.004Z|0xc5c0|========================================================================
Received Import Request.
  Time since last request: 1027.679234 seconds.
  path: Assets/Char1@FireGun.FBX
  artifactKey: Guid(4c6bf09fabf749c489528f4b1eb07414) Importer(815301076,1909f56bfc062723c751e8b465ee728b)
2026-03-24T09:59:44.017Z|0xc5c0|Start importing Assets/Char1@FireGun.FBX using Guid(4c6bf09fabf749c489528f4b1eb07414) Importer(815301076,1909f56bfc062723c751e8b465ee728b) (PreviewImporter) -> (artifact id: '687996bad3ffac70174787724a7a8d57') in 0.8502374 seconds
2026-03-24T09:59:44.892Z|0xc5c0|Number of updated asset objects reloaded before import = 0Number of asset objects unloaded after import = 158

2026-03-24T10:01:00.444Z|0xc5c0|========================================================================
Received Import Request.
  Time since last request: 75.548074 seconds.
  path: Assets/Char1@FireGun.FBX
  artifactKey: Guid(4c6bf09fabf749c489528f4b1eb07414) Importer(815301076,1909f56bfc062723c751e8b465ee728b)
2026-03-24T10:01:00.456Z|0xc5c0|Start importing Assets/Char1@FireGun.FBX using Guid(4c6bf09fabf749c489528f4b1eb07414) Importer(815301076,1909f56bfc062723c751e8b465ee728b) (PreviewImporter) -> (artifact id: 'e5e5556521c2e05cf84ac05a47be1aa2') in 0.0489103 seconds
2026-03-24T10:01:00.529Z|0xc5c0|Number of updated asset objects reloaded before import = 0Number of asset objects unloaded after import = 157

2026-03-24T10:01:08.400Z|0xc5c0|========================================================================
2026-03-24T10:01:08.400Z|0xc5c0|Received Prepare
2026-03-24T10:01:08.471Z|0xc5c0|Assembly reference Packages/com.unity.cinemachine/Editor/Samples/ExposeHDRPInternals/HDRP-Editor-ref.asmref has no target assembly definition
Assembly reference Packages/com.unity.cinemachine/Editor/Samples/ExposeHDRPInternals/HDRP-Editor-ref.asmref has no target assembly definition
Begin MonoManager ReloadAssembly
2026-03-24T10:01:08.645Z|0xc5c0|[Licensing::Client] Successfully resolved entitlement details
2026-03-24T10:01:09.525Z|0xc5c0|- Loaded All Assemblies, in  0.883 seconds
2026-03-24T10:01:09.684Z|0xc5c0|Assembly reference Packages/com.unity.cinemachine/Editor/Samples/ExposeHDRPInternals/HDRP-Editor-ref.asmref has no target assembly definition
'Packages/com.unity.cinemachine/Editor/Obsolete/CinemachineVirtualCameraBaseEditor.cs' contains partial class of Unity.Object, exactly 1 of the partial classes needs to be in a file with the same filename. This is to know the one that can be referenced from ie. GameObjects
2026-03-24T10:01:09.811Z|0xc5c0|'Packages/com.unity.cinemachine/Editor/Editors/CinemachineVirtualCameraBaseEditor.cs' contains partial class of Unity.Object, exactly 1 of the partial classes needs to be in a file with the same filename. This is to know the one that can be referenced from ie. GameObjects
2026-03-24T10:01:09.842Z|0xc5c0|Refreshing native plugins compatible for Editor in 0.40 ms, found 2 plugins.
2026-03-24T10:01:09.982Z|0xc5c0|Native extension for Android target not found
2026-03-24T10:01:09.990Z|0xc5c0|Native extension for WindowsStandalone target not found
2026-03-24T10:01:09.990Z|0xc5c0|Native extension for WebGL target not found
2026-03-24T10:01:10.157Z|0xc5c0|Assembly reference Packages/com.unity.cinemachine/Editor/Samples/ExposeHDRPInternals/HDRP-Editor-ref.asmref has no target assembly definition
[Package Manager] Failed to launch server process. Reason: Unity was launched with the -noUpm command-line argument
2026-03-24T10:01:10.410Z|0xc5c0|[Package Manager] Unable to send message (not connected to server process).
2026-03-24T10:01:10.410Z|0xc5c0|[Package Manager] Cannot connect to Unity Package Manager local server
2026-03-24T10:01:10.424Z|0xc5c0|[Package Manager] Failed to launch server process. Reason: Unity was launched with the -noUpm command-line argument
2026-03-24T10:01:10.424Z|0xc5c0|[Package Manager] Unable to send message (not connected to server process).
2026-03-24T10:01:10.424Z|0xc5c0|[Package Manager] Cannot connect to Unity Package Manager local server
2026-03-24T10:01:10.704Z|0xc5c0|ScheduleIndexationOnStartup MainProcess:False IndexOnStartup:True
Mono: successfully reloaded assembly
2026-03-24T10:01:10.784Z|0xc5c0|- Finished resetting the current domain, in  0.941 seconds
2026-03-24T10:01:10.785Z|0xc5c0|Domain Reload Profiling: 1825ms
	BeginReloadAssembly (270ms)
		ExecutionOrderSort (0ms)
		DisableScriptedObjects (26ms)
		BackupInstance (0ms)
		ReleaseScriptingObjects (0ms)
		CreateAndSetChildDomain (73ms)
	RebuildCommonClasses (45ms)
	RebuildNativeTypeToScriptingClass (16ms)
	initialDomainReloadingComplete (34ms)
	LoadAllAssembliesAndSetupDomain (519ms)
		LoadAssemblies (403ms)
		RebuildTransferFunctionScriptingTraits (0ms)
		AnalyzeDomain (223ms)
			TypeCache.Refresh (7ms)
				TypeCache.ScanAssembly (0ms)
			BuildScriptInfoCaches (200ms)
			ResolveRequiredComponents (11ms)
	FinalizeReload (942ms)
		ReleaseScriptCaches (0ms)
		RebuildScriptCaches (0ms)
		SetupLoadedEditorAssemblies (750ms)
			LogAssemblyErrors (0ms)
			InitializePlatformSupportModulesInManaged (12ms)
			SetLoadedEditorAssemblies (6ms)
			BeforeProcessingInitializeOnLoad (227ms)
			ProcessInitializeOnLoadAttributes (417ms)
			ProcessInitializeOnLoadMethodAttributes (82ms)
			AfterProcessingInitializeOnLoad (6ms)
			EditorAssembliesLoaded (1ms)
		ExecutionOrderSort2 (0ms)
		AwakeInstancesAfterBackupRestoration (26ms)
2026-03-24T10:01:11.401Z|0xc5c0|Refreshing native plugins compatible for Editor in 1.19 ms, found 2 plugins.
2026-03-24T10:01:11.401Z|0xc5c0|Preloading 0 native plugins for Editor in 0.00 ms.
2026-03-24T10:01:11.403Z|0xd90c|Unloading 17 Unused Serialized files (Serialized files now loaded: 0)
2026-03-24T10:01:11.426Z|0xc5c0|Unloading 4704 unused Assets / (3.8 MB). Loaded Objects now: 5964.
Memory consumption went from 148.0 MB to 144.1 MB.
2026-03-24T10:01:11.426Z|0xc5c0|Total: 22.865600 ms (FindLiveObjects: 1.759400 ms CreateObjectMapping: 2.028500 ms MarkObjects: 13.054900 ms  DeleteObjects: 6.019900 ms)

2026-03-24T10:01:11.426Z|0xc5c0|Prepare: number of updated asset objects reloaded= 0
2026-03-24T10:03:21.542Z|0xc5c0|========================================================================
2026-03-24T10:03:21.542Z|0xc5c0|Received Prepare
2026-03-24T10:03:21.687Z|0xc5c0|Assembly reference Packages/com.unity.cinemachine/Editor/Samples/ExposeHDRPInternals/HDRP-Editor-ref.asmref has no target assembly definition
Assembly reference Packages/com.unity.cinemachine/Editor/Samples/ExposeHDRPInternals/HDRP-Editor-ref.asmref has no target assembly definition
Begin MonoManager ReloadAssembly
2026-03-24T10:03:21.968Z|0xc5c0|[Licensing::Client] Successfully resolved entitlement details
2026-03-24T10:03:23.564Z|0xc5c0|- Loaded All Assemblies, in  1.600 seconds
2026-03-24T10:03:23.841Z|0xc5c0|Assembly reference Packages/com.unity.cinemachine/Editor/Samples/ExposeHDRPInternals/HDRP-Editor-ref.asmref has no target assembly definition
'Packages/com.unity.cinemachine/Editor/Obsolete/CinemachineVirtualCameraBaseEditor.cs' contains partial class of Unity.Object, exactly 1 of the partial classes needs to be in a file with the same filename. This is to know the one that can be referenced from ie. GameObjects
2026-03-24T10:03:24.031Z|0xc5c0|'Packages/com.unity.cinemachine/Editor/Editors/CinemachineVirtualCameraBaseEditor.cs' contains partial class of Unity.Object, exactly 1 of the partial classes needs to be in a file with the same filename. This is to know the one that can be referenced from ie. GameObjects
2026-03-24T10:03:24.095Z|0xc5c0|Refreshing native plugins compatible for Editor in 0.96 ms, found 2 plugins.
2026-03-24T10:03:24.362Z|0xc5c0|Native extension for Android target not found
2026-03-24T10:03:24.376Z|0xc5c0|Native extension for WindowsStandalone target not found
2026-03-24T10:03:24.376Z|0xc5c0|Native extension for WebGL target not found
2026-03-24T10:03:24.674Z|0xc5c0|Assembly reference Packages/com.unity.cinemachine/Editor/Samples/ExposeHDRPInternals/HDRP-Editor-ref.asmref has no target assembly definition
[MODES] ModeService[none].Initialize
[MODES] ModeService[none].LoadModes
[MODES] Loading mode Default (0) for mode-current-id-tutorial
[Package Manager] Failed to launch server process. Reason: Unity was launched with the -noUpm command-line argument
2026-03-24T10:03:25.313Z|0xc5c0|[Package Manager] Unable to send message (not connected to server process).
2026-03-24T10:03:25.313Z|0xc5c0|[Package Manager] Cannot connect to Unity Package Manager local server
2026-03-24T10:03:25.336Z|0xc5c0|[Package Manager] Failed to launch server process. Reason: Unity was launched with the -noUpm command-line argument
2026-03-24T10:03:25.336Z|0xc5c0|[Package Manager] Unable to send message (not connected to server process).
2026-03-24T10:03:25.336Z|0xc5c0|[Package Manager] Cannot connect to Unity Package Manager local server
2026-03-24T10:03:25.814Z|0xc5c0|ScheduleIndexationOnStartup MainProcess:False IndexOnStartup:True
Mono: successfully reloaded assembly
2026-03-24T10:03:25.936Z|0xc5c0|- Finished resetting the current domain, in  1.841 seconds
2026-03-24T10:03:25.937Z|0xc5c0|Domain Reload Profiling: 3444ms
	BeginReloadAssembly (437ms)
		ExecutionOrderSort (0ms)
		DisableScriptedObjects (24ms)
		BackupInstance (0ms)
		ReleaseScriptingObjects (0ms)
		CreateAndSetChildDomain (106ms)
	RebuildCommonClasses (74ms)
	RebuildNativeTypeToScriptingClass (25ms)
	initialDomainReloadingComplete (58ms)
	LoadAllAssembliesAndSetupDomain (1008ms)
		LoadAssemblies (809ms)
		RebuildTransferFunctionScriptingTraits (0ms)
		AnalyzeDomain (394ms)
			TypeCache.Refresh (23ms)
				TypeCache.ScanAssembly (5ms)
			BuildScriptInfoCaches (339ms)
			ResolveRequiredComponents (22ms)
	FinalizeReload (1842ms)
		ReleaseScriptCaches (0ms)
		RebuildScriptCaches (0ms)
		SetupLoadedEditorAssemblies (1500ms)
			LogAssemblyErrors (0ms)
			InitializePlatformSupportModulesInManaged (21ms)
			SetLoadedEditorAssemblies (10ms)
			BeforeProcessingInitializeOnLoad (378ms)
			ProcessInitializeOnLoadAttributes (929ms)
			ProcessInitializeOnLoadMethodAttributes (152ms)
			AfterProcessingInitializeOnLoad (9ms)
			EditorAssembliesLoaded (1ms)
		ExecutionOrderSort2 (0ms)
		AwakeInstancesAfterBackupRestoration (37ms)
2026-03-24T10:03:26.626Z|0xc5c0|Refreshing native plugins compatible for Editor in 0.96 ms, found 2 plugins.
2026-03-24T10:03:26.626Z|0xc5c0|Preloading 0 native plugins for Editor in 0.00 ms.
2026-03-24T10:03:26.628Z|0x16d2c|Unloading 19 Unused Serialized files (Serialized files now loaded: 0)
2026-03-24T10:03:26.656Z|0xc5c0|Unloading 4821 unused Assets / (4.2 MB). Loaded Objects now: 6091.
Memory consumption went from 149.1 MB to 144.9 MB.
2026-03-24T10:03:26.656Z|0xc5c0|Total: 27.775600 ms (FindLiveObjects: 1.743400 ms CreateObjectMapping: 2.038900 ms MarkObjects: 17.085500 ms  DeleteObjects: 6.903900 ms)

2026-03-24T10:03:26.656Z|0xc5c0|Prepare: number of updated asset objects reloaded= 0
2026-03-24T10:04:04.992Z|0xc5c0|========================================================================
Received Import Request.
  Time since last request: 184.458796 seconds.
  path: Assets
  artifactKey: Guid(00000000000000001000000000000000) Importer(815301076,1909f56bfc062723c751e8b465ee728b)
2026-03-24T10:04:05.005Z|0xc5c0|Start importing Assets using Guid(00000000000000001000000000000000) Importer(815301076,1909f56bfc062723c751e8b465ee728b) (PreviewImporter) -> (artifact id: 'c391582d739b6e62a5220f35cbb167ac') in 0.0129708 seconds
2026-03-24T10:04:05.043Z|0xc5c0|Number of updated asset objects reloaded before import = 0Number of asset objects unloaded after import = 0

2026-03-24T10:04:06.652Z|0xc5c0|========================================================================
Received Import Request.
  Time since last request: 1.608124 seconds.
  path: Assets/Scripts/Bullet/Bullet.cs
  artifactKey: Guid(c108ca25d40582141bbdec277e729941) Importer(2089858483,b0f066a214c2f5e87bad3c948f4d605d)
2026-03-24T10:04:06.669Z|0xc5c0|Start importing Assets/Scripts/Bullet/Bullet.cs using Guid(c108ca25d40582141bbdec277e729941) Importer(2089858483,b0f066a214c2f5e87bad3c948f4d605d) (ScriptedImporter) -> (artifact id: '6693cdc3bea5cb6b9dca3a86e9fce1c1') in 0.1414471 seconds
2026-03-24T10:04:06.858Z|0xc5c0|Number of updated asset objects reloaded before import = 0Number of asset objects unloaded after import = 0

2026-03-24T10:04:06.859Z|0xc5c0|========================================================================
Received Import Request.
  Time since last request: 0.000060 seconds.
  path: Assets/Prefabs/Bullets/Bullet_Assault_3.prefab
  artifactKey: Guid(1ec94633e9285b142841a733a59163a9) Importer(2089858483,b0f066a214c2f5e87bad3c948f4d605d)
2026-03-24T10:04:06.877Z|0xc5c0|Start importing Assets/Prefabs/Bullets/Bullet_Assault_3.prefab using Guid(1ec94633e9285b142841a733a59163a9) Importer(2089858483,b0f066a214c2f5e87bad3c948f4d605d) (ScriptedImporter) -> (artifact id: '0a54559aa7e1f6b094a6817bde31baf2') in 0.0996908 seconds
2026-03-24T10:04:07.010Z|0xc5c0|Number of updated asset objects reloaded before import = 0Number of asset objects unloaded after import = 11

2026-03-24T10:04:07.010Z|0xc5c0|========================================================================
Received Import Request.
  Time since last request: 0.000055 seconds.
  path: Assets/Char1@FireGun.FBX
  artifactKey: Guid(4c6bf09fabf749c489528f4b1eb07414) Importer(2089858483,b0f066a214c2f5e87bad3c948f4d605d)
2026-03-24T10:04:07.026Z|0xc5c0|Start importing Assets/Char1@FireGun.FBX using Guid(4c6bf09fabf749c489528f4b1eb07414) Importer(2089858483,b0f066a214c2f5e87bad3c948f4d605d) (ScriptedImporter) -> (artifact id: 'dba4aab9277ecfc2c4da520d8e53068d') in 0.1329604 seconds
2026-03-24T10:04:07.187Z|0xc5c0|Number of updated asset objects reloaded before import = 0Number of asset objects unloaded after import = 157

2026-03-24T10:04:07.187Z|0xc5c0|========================================================================
Received Import Request.
  Time since last request: 0.000024 seconds.
  path: Assets/Scripts/Scriptable Objects/Gun Objects/Pistol/Pistol.prefab
  artifactKey: Guid(65e3efb9133cdaa4aaeddaf2a8065183) Importer(2089858483,b0f066a214c2f5e87bad3c948f4d605d)
2026-03-24T10:04:07.201Z|0xc5c0|Start importing Assets/Scripts/Scriptable Objects/Gun Objects/Pistol/Pistol.prefab using Guid(65e3efb9133cdaa4aaeddaf2a8065183) Importer(2089858483,b0f066a214c2f5e87bad3c948f4d605d) (ScriptedImporter) -> (artifact id: 'eacf48d9638083498161279830019bd3') in 0.0577891 seconds
2026-03-24T10:04:07.288Z|0xc5c0|Number of updated asset objects reloaded before import = 0Number of asset objects unloaded after import = 54

2026-03-24T10:04:07.288Z|0xc5c0|========================================================================
Received Import Request.
  Time since last request: 0.000031 seconds.
  path: Assets/Prefabs/Bullets/Bullet_Assault_2.prefab
  artifactKey: Guid(3f0d5a01ac9024c409c895c090c87203) Importer(2089858483,b0f066a214c2f5e87bad3c948f4d605d)
2026-03-24T10:04:07.302Z|0xc5c0|Start importing Assets/Prefabs/Bullets/Bullet_Assault_2.prefab using Guid(3f0d5a01ac9024c409c895c090c87203) Importer(2089858483,b0f066a214c2f5e87bad3c948f4d605d) (ScriptedImporter) -> (artifact id: '277108afcc96ffe9d1acb4ae32294785') in 0.0208995 seconds
2026-03-24T10:04:07.349Z|0xc5c0|Number of updated asset objects reloaded before import = 0Number of asset objects unloaded after import = 11

2026-03-24T10:04:07.349Z|0xc5c0|========================================================================
Received Import Request.
  Time since last request: 0.000054 seconds.
  path: Assets/Scripts/Scriptable Objects/Gun Objects/AR/Assault Rifle.prefab
  artifactKey: Guid(751df1de820c9a2438ff77c7ed9bb2e4) Importer(2089858483,b0f066a214c2f5e87bad3c948f4d605d)
2026-03-24T10:04:07.364Z|0xc5c0|Start importing Assets/Scripts/Scriptable Objects/Gun Objects/AR/Assault Rifle.prefab using Guid(751df1de820c9a2438ff77c7ed9bb2e4) Importer(2089858483,b0f066a214c2f5e87bad3c948f4d605d) (ScriptedImporter) -> (artifact id: '16582c4f4cfd379f57045939ac507c36') in 0.035167 seconds
2026-03-24T10:04:07.423Z|0xc5c0|Number of updated asset objects reloaded before import = 0Number of asset objects unloaded after import = 47

2026-03-24T10:04:07.423Z|0xc5c0|========================================================================
Received Import Request.
  Time since last request: 0.000032 seconds.
  path: Assets/Prefabs/Bullets/Bullet_Pistol.prefab
  artifactKey: Guid(a067f25cbd1028148beb4f09ba880e8f) Importer(2089858483,b0f066a214c2f5e87bad3c948f4d605d)
2026-03-24T10:04:07.442Z|0xc5c0|Start importing Assets/Prefabs/Bullets/Bullet_Pistol.prefab using Guid(a067f25cbd1028148beb4f09ba880e8f) Importer(2089858483,b0f066a214c2f5e87bad3c948f4d605d) (ScriptedImporter) -> (artifact id: 'e45ab5b1b89e9ba703e4a68908552ee1') in 0.0249012 seconds
2026-03-24T10:04:07.496Z|0xc5c0|Number of updated asset objects reloaded before import = 0Number of asset objects unloaded after import = 11

2026-03-24T10:04:07.496Z|0xc5c0|========================================================================
Received Import Request.
  Time since last request: 0.000046 seconds.
  path: Assets/Char1@FireGun.controller
  artifactKey: Guid(8db70ad76d1241844bfe0161d372080e) Importer(2089858483,b0f066a214c2f5e87bad3c948f4d605d)
2026-03-24T10:04:07.508Z|0xc5c0|Start importing Assets/Char1@FireGun.controller using Guid(8db70ad76d1241844bfe0161d372080e) Importer(2089858483,b0f066a214c2f5e87bad3c948f4d605d) (ScriptedImporter) -> (artifact id: 'e7c17428872c5d3b64ee7cafb48c0f95') in 0.0177729 seconds
2026-03-24T10:04:07.547Z|0xc5c0|Number of updated asset objects reloaded before import = 0Number of asset objects unloaded after import = 4

2026-03-24T10:04:11.399Z|0xc5c0|========================================================================
Received Import Request.
  Time since last request: 3.851411 seconds.
  path: Assets/chars
  artifactKey: Guid(53b6339d9fb60f64cbae9dc585921b46) Importer(815301076,1909f56bfc062723c751e8b465ee728b)
2026-03-24T10:04:11.411Z|0xc5c0|Start importing Assets/chars using Guid(53b6339d9fb60f64cbae9dc585921b46) Importer(815301076,1909f56bfc062723c751e8b465ee728b) (PreviewImporter) -> (artifact id: 'a8a14a024dcf0b06ec32ce96f3e81cef') in 0.0012109 seconds
2026-03-24T10:04:11.443Z|0xc5c0|Number of updated asset objects reloaded before import = 0Number of asset objects unloaded after import = 0

2026-03-24T10:04:12.255Z|0xc5c0|========================================================================
Received Import Request.
  Time since last request: 0.812277 seconds.
  path: Assets/chars
  artifactKey: Guid(53b6339d9fb60f64cbae9dc585921b46) Importer(2089858483,b0f066a214c2f5e87bad3c948f4d605d)
2026-03-24T10:04:12.267Z|0xc5c0|Start importing Assets/chars using Guid(53b6339d9fb60f64cbae9dc585921b46) Importer(2089858483,b0f066a214c2f5e87bad3c948f4d605d) (ScriptedImporter) -> (artifact id: '942015f733fe9842370a09a8ca210163') in 0.0155297 seconds
2026-03-24T10:04:12.314Z|0xc5c0|Number of updated asset objects reloaded before import = 0Number of asset objects unloaded after import = 1

2026-03-24T10:04:12.651Z|0xc5c0|========================================================================
Received Import Request.
  Time since last request: 0.336898 seconds.
  path: Assets/Breathing Idle.fbx
  artifactKey: Guid(646b0b317355f1b40aaecffbb2430fb6) Importer(815301076,1909f56bfc062723c751e8b465ee728b)
2026-03-24T10:04:12.671Z|0xc5c0|Start importing Assets/Breathing Idle.fbx using Guid(646b0b317355f1b40aaecffbb2430fb6) Importer(815301076,1909f56bfc062723c751e8b465ee728b) (PreviewImporter) -> (artifact id: '6b57da3bbb35ff653918297a40a1368f') in 1.8606569 seconds
2026-03-24T10:04:14.555Z|0xc5c0|Number of updated asset objects reloaded before import = 0Number of asset objects unloaded after import = 158

2026-03-24T10:04:17.653Z|0xc5c0|========================================================================
Received Import Request.
  Time since last request: 3.098495 seconds.
  path: Assets/chars/Breathing Idle.fbx
  artifactKey: Guid(646b0b317355f1b40aaecffbb2430fb6) Importer(2089858483,b0f066a214c2f5e87bad3c948f4d605d)
2026-03-24T10:04:17.665Z|0xc5c0|Start importing Assets/chars/Breathing Idle.fbx using Guid(646b0b317355f1b40aaecffbb2430fb6) Importer(2089858483,b0f066a214c2f5e87bad3c948f4d605d) (ScriptedImporter) -> (artifact id: '85c0625d999e0ad742568e34f790a6ce') in 0.0324313 seconds
2026-03-24T10:04:17.729Z|0xc5c0|Number of updated asset objects reloaded before import = 0Number of asset objects unloaded after import = 157

2026-03-24T10:05:17.704Z|0xb0c|Editor requested this worker to shutdown with reason: Scaling down because of idle timeout
2026-03-24T10:05:17.885Z|0xc5c0|AssetImportWorker is now disconnected from the server
2026-03-24T10:05:17.886Z|0xc5c0|Process exiting
2026-03-24T10:05:17.886Z|0xc5c0|Exiting without the bug reporter. Application will terminate with return code 0