2026-03-24T07:35:06.164Z|0x3cd4|[Licensing::Module] Trying to connect to existing licensing client channel...
2026-03-24T07:35:06.164Z|0x6798|Built from '6000.3/staging' branch; Version is '6000.3.8f1 (1c7db571dde0) revision 1867189'; Using compiler version '194234433'; Build Type 'Release'
2026-03-24T07:35:06.165Z|0x3cd4|[Licensing::IpcConnector] Successfully connected to: "LicenseClient-Rajat" at "2026-03-24T07:35:06.1650828Z"
2026-03-24T07:35:06.165Z|0x6798|OS: 'Windows 11  (10.0.26100) CoreSingleLanguage' Language: 'en' Physical Memory: 23983 MB
2026-03-24T07:35:06.165Z|0x6798|BatchMode: 1, IsHumanControllingUs: 0, StartBugReporterOnCrash: 0, Is64bit: 1
2026-03-24T07:35:06.165Z|0x6798|System  architecture: x64
2026-03-24T07:35:06.165Z|0x6798|Process architecture: x64
2026-03-24T07:35:06.165Z|0x6798|Date: 2026-03-24T07:35:06Z
2026-03-24T07:35:06.420Z|0x6798|
COMMAND LINE ARGUMENTS:
2026-03-24T07:35:06.421Z|0x6798|C:\Program Files\Unity\Hub\Editor\6000.3.8f1\Editor\Unity.exe
2026-03-24T07:35:06.421Z|0x6798|-adb2
2026-03-24T07:35:06.421Z|0x6798|-batchMode
2026-03-24T07:35:06.421Z|0x6798|-noUpm
2026-03-24T07:35:06.421Z|0x6798|-name
2026-03-24T07:35:06.421Z|0x6798|AssetImportWorker7
2026-03-24T07:35:06.421Z|0x6798|-projectPath
2026-03-24T07:35:06.421Z|0x6798|D:/Work/rigidbody-fps-controller-tutorial
2026-03-24T07:35:06.421Z|0x6798|-logFile
2026-03-24T07:35:06.421Z|0x6798|Logs/AssetImportWorker7.log
2026-03-24T07:35:06.421Z|0x6798|-srvPort
2026-03-24T07:35:06.421Z|0x6798|57329
2026-03-24T07:35:06.421Z|0x6798|-licensingIpc
2026-03-24T07:35:06.421Z|0x6798|LicenseClient-Rajat
2026-03-24T07:35:06.421Z|0x6798|-job-worker-count
2026-03-24T07:35:06.421Z|0x6798|7
2026-03-24T07:35:06.421Z|0x6798|-background-job-worker-count
2026-03-24T07:35:06.421Z|0x6798|8
2026-03-24T07:35:06.421Z|0x6798|-gc-helper-count
2026-03-24T07:35:06.421Z|0x6798|1
2026-03-24T07:35:06.421Z|0x6798|-name
2026-03-24T07:35:06.421Z|0x6798|AssetImport
2026-03-24T07:35:06.421Z|0x6798|Successfully changed project path to: D:/Work/rigidbody-fps-controller-tutorial
2026-03-24T07:35:06.422Z|0x6798|D:/Work/rigidbody-fps-controller-tutorial
2026-03-24T07:35:06.422Z|0x6798|[UnityMemory] Configuration Parameters - Can be set up in boot.config
2026-03-24T07:35:06.422Z|0x6798|    "memorysetup-temp-allocator-size-nav-mesh-worker=65536"
2026-03-24T07:35:06.422Z|0x6798|    "memorysetup-temp-allocator-size-audio-worker=65536"
2026-03-24T07:35:06.422Z|0x6798|    "memorysetup-temp-allocator-size-gfx=262144"
2026-03-24T07:35:06.422Z|0x6798|    "memorysetup-allocator-temp-initial-block-size-main=262144"
2026-03-24T07:35:06.422Z|0x6798|    "memorysetup-allocator-temp-initial-block-size-worker=262144"
2026-03-24T07:35:06.422Z|0x6798|    "memorysetup-temp-allocator-size-background-worker=32768"
2026-03-24T07:35:06.422Z|0x6798|    "memorysetup-temp-allocator-size-job-worker=262144"
2026-03-24T07:35:06.422Z|0x6798|    "memorysetup-temp-allocator-size-preload-manager=33554432"
2026-03-24T07:35:06.422Z|0x6798|    "memorysetup-temp-allocator-size-gi-baking-worker=262144"
2026-03-24T07:35:06.422Z|0x6798|    "memorysetup-temp-allocator-size-gi-baking-worker=262144"
2026-03-24T07:35:06.422Z|0x6798|    "memorysetup-temp-allocator-size-gi-baking-worker=262144"
2026-03-24T07:35:06.422Z|0x6798|    "memorysetup-temp-allocator-size-gi-baking-worker=262144"
2026-03-24T07:35:06.422Z|0x6798|    "memorysetup-temp-allocator-size-gi-baking-worker=262144"
2026-03-24T07:35:06.422Z|0x6798|    "memorysetup-bucket-allocator-granularity=16"
2026-03-24T07:35:06.422Z|0x6798|    "memorysetup-bucket-allocator-bucket-count=8"
2026-03-24T07:35:06.422Z|0x6798|    "memorysetup-bucket-allocator-block-size=33554432"
2026-03-24T07:35:06.422Z|0x6798|    "memorysetup-bucket-allocator-block-count=8"
2026-03-24T07:35:06.422Z|0x6798|    "memorysetup-main-allocator-block-size=16777216"
2026-03-24T07:35:06.422Z|0x6798|    "memorysetup-thread-allocator-block-size=16777216"
2026-03-24T07:35:06.422Z|0x6798|    "memorysetup-gfx-main-allocator-block-size=16777216"
2026-03-24T07:35:06.422Z|0x6798|    "memorysetup-gfx-thread-allocator-block-size=16777216"
2026-03-24T07:35:06.422Z|0x6798|    "memorysetup-cache-allocator-block-size=4194304"
2026-03-24T07:35:06.422Z|0x6798|    "memorysetup-typetree-allocator-block-size=2097152"
2026-03-24T07:35:06.422Z|0x6798|    "memorysetup-profiler-bucket-allocator-granularity=16"
2026-03-24T07:35:06.422Z|0x6798|    "memorysetup-profiler-bucket-allocator-bucket-count=8"
2026-03-24T07:35:06.423Z|0x6798|    "memorysetup-profiler-bucket-allocator-block-size=33554432"
2026-03-24T07:35:06.423Z|0x6798|    "memorysetup-profiler-bucket-allocator-block-count=8"
2026-03-24T07:35:06.423Z|0x6798|    "memorysetup-profiler-allocator-block-size=16777216"
2026-03-24T07:35:06.423Z|0x6798|    "memorysetup-profiler-editor-allocator-block-size=1048576"
2026-03-24T07:35:06.423Z|0x6798|    "memorysetup-temp-allocator-size-main=16777216"
2026-03-24T07:35:06.423Z|0x6798|    "memorysetup-job-temp-allocator-block-size=2097152"
2026-03-24T07:35:06.423Z|0x6798|    "memorysetup-job-temp-allocator-block-size-background=1048576"
2026-03-24T07:35:06.423Z|0x6798|    "memorysetup-job-temp-allocator-reduction-small-platforms=262144"
2026-03-24T07:35:06.423Z|0x6798|    "memorysetup-temp-allocator-size-cloud-worker=32768"
2026-03-24T07:35:06.431Z|0x6798|Player connection [26520]  Target information:

2026-03-24T07:35:06.431Z|0x6798|Player connection [26520]  * "[IP] 192.168.3.130 [Port] 0 [Flags] 2 [Guid] 2999113996 [EditorId] 2999113996 [Version] 1048832 [Id] WindowsEditor(7,Rajat) [Debug] 1 [PackageName] WindowsEditor [ProjectName] Editor" 

2026-03-24T07:35:06.433Z|0x6798|Player connection [26520] Host joined multi-casting on [225.0.0.222:54997]...
2026-03-24T07:35:06.434Z|0x6798|Player connection [26520] Host joined alternative multi-casting on [225.0.0.222:34997]...
2026-03-24T07:35:06.434Z|0x6798|JobSystem: Creating JobQueue using job-worker-count value 7
2026-03-24T07:35:06.439Z|0x6798|Input System module state changed to: Initialized.
2026-03-24T07:35:06.440Z|0x6798|[Physics::Module] Initialized fallback backend.
2026-03-24T07:35:06.440Z|0x6798|[Physics::Module] Id: 0xdecafbad
2026-03-24T07:35:06.493Z|0x6798|Library Redirect Path: Library/
2026-03-24T07:35:06.535Z|0x6798|[Physics::Module] Selected backend.
2026-03-24T07:35:06.535Z|0x6798|[Physics::Module] Name: PhysX
2026-03-24T07:35:06.535Z|0x6798|[Physics::Module] Id: 0xf2b8ea05
2026-03-24T07:35:06.535Z|0x6798|[Physics::Module] SDK Version: 4.1.2
2026-03-24T07:35:06.535Z|0x6798|[Physics::Module] Integration Version: 1.0.0
2026-03-24T07:35:06.535Z|0x6798|[Physics::Module] Threading Mode: Multi-Threaded
2026-03-24T07:35:06.545Z|0x6798|Refreshing native plugins compatible for Editor in 0.89 ms, found 2 plugins.
2026-03-24T07:35:06.546Z|0x6798|Preloading 0 native plugins for Editor in 0.00 ms.
2026-03-24T07:35:06.546Z|0x6798|Initialize engine version: 6000.3.8f1 (1c7db571dde0)
2026-03-24T07:35:06.546Z|0x6798|[Subsystems] Discovering subsystems at path C:/Program Files/Unity/Hub/Editor/6000.3.8f1/Editor/Data/Resources/UnitySubsystems
2026-03-24T07:35:06.546Z|0x6798|[Subsystems] Discovering subsystems at path D:/Work/rigidbody-fps-controller-tutorial/Assets
2026-03-24T07:35:06.547Z|0x6798|GfxDevice: creating device client; kGfxThreadingModeNonThreaded
2026-03-24T07:35:06.785Z|0x6798|Direct3D:
2026-03-24T07:35:06.785Z|0x6798|    Version:  Direct3D 11.0 [level 11.1]
2026-03-24T07:35:06.785Z|0x6798|    Renderer: NVIDIA GeForce GTX 1650 (ID=0x1f9d)
2026-03-24T07:35:06.785Z|0x6798|    Vendor:   NVIDIA
2026-03-24T07:35:06.785Z|0x6798|    VRAM:     3937 MB
2026-03-24T07:35:06.785Z|0x6798|    Driver:   32.0.15.7700
2026-03-24T07:35:06.914Z|0x6798|Initialize mono
2026-03-24T07:35:06.914Z|0x6798|Mono path[0] = 'C:/Program Files/Unity/Hub/Editor/6000.3.8f1/Editor/Data/Managed'
2026-03-24T07:35:06.914Z|0x6798|Mono path[1] = 'C:/Program Files/Unity/Hub/Editor/6000.3.8f1/Editor/Data/MonoBleedingEdge/lib/mono/unityjit-win32'
2026-03-24T07:35:06.914Z|0x6798|Mono config path = 'C:/Program Files/Unity/Hub/Editor/6000.3.8f1/Editor/Data/MonoBleedingEdge/etc'
2026-03-24T07:35:06.914Z|0x6798|Using monoOptions --debugger-agent=transport=dt_socket,embedding=1,server=y,suspend=n,address=127.0.0.1:56316
2026-03-24T07:35:06.969Z|0x6798|Begin MonoManager ReloadAssembly
2026-03-24T07:35:07.234Z|0x6798|Registering precompiled unity dll's ...
2026-03-24T07:35:07.235Z|0x6798|Register platform support module: C:/Program Files/Unity/Hub/Editor/6000.3.8f1/Editor/Data/PlaybackEngines/WebGLSupport/UnityEditor.WebGL.Extensions.dll
2026-03-24T07:35:07.236Z|0x6798|Register platform support module: C:/Program Files/Unity/Hub/Editor/6000.3.8f1/Editor/Data/PlaybackEngines/WindowsStandaloneSupport/UnityEditor.WindowsStandalone.Extensions.dll
2026-03-24T07:35:07.237Z|0x6798|[Licensing::Module] Licensing is not yet initialized.
2026-03-24T07:35:07.281Z|0x3cd4|[Licensing::Client] Handshaking with LicensingClient:
  Version:                 1.17.4+4293ba1
  Session Id:              b9a52a3fae374744b9189cca25b0106e
  Correlation Id:          5b8ead10a56030e887729f7244401493
  External correlation Id: 8243858231692335561
  Machine Id:              bZLnVjDChyW3KAMtcXptXTvD4Rw=
2026-03-24T07:35:07.281Z|0x3cd4|[Licensing::Module] Successfully connected to LicensingClient on channel: "LicenseClient-Rajat" (connect: 0.00s, validation: 0.00s, handshake: 1.11s)
2026-03-24T07:35:07.281Z|0x3cd4|[Licensing::IpcConnector] Successfully connected to: "LicenseClient-Rajat-notifications" at "2026-03-24T07:35:07.2819933Z"
2026-03-24T07:35:07.282Z|0x3cd4|[Licensing::Module] Licensing Background thread has ended after 1.12s
2026-03-24T07:35:07.282Z|0x6798|[Licensing::Module] Licensing is initialized (took 0.04s).
2026-03-24T07:35:07.284Z|0x6798|[Licensing::Client] Successfully resolved entitlement details
2026-03-24T07:35:07.284Z|0x6798|[Licensing::Module] License group:
  Id: 13469681201219-rendered-ideas-softgame-pvt-ltd-UnitXXXX
  Product: Unity Pro
  Type: Assigned
  Expiration: 2026-04-07T00:00:00Z
2026-03-24T07:35:07.285Z|0x6798|Register platform support module: C:/Program Files/Unity/Hub/Editor/6000.3.8f1/Editor/Data/PlaybackEngines/AndroidPlayer/UnityEditor.Android.Extensions.dll
2026-03-24T07:35:07.286Z|0x6798|Registered in 0.051278 seconds.
2026-03-24T07:35:07.561Z|0x6798|- Loaded All Assemblies, in  0.592 seconds
2026-03-24T07:35:07.665Z|0x6798|Native extension for Android target not found
2026-03-24T07:35:07.970Z|0x6798|Android Extension - Scanning For ADB Devices 263 ms
Native extension for WindowsStandalone target not found
2026-03-24T07:35:07.971Z|0x6798|Native extension for WebGL target not found
2026-03-24T07:35:08.386Z|0x6798|ScheduleIndexationOnStartup MainProcess:False IndexOnStartup:True
Mono: successfully reloaded assembly
2026-03-24T07:35:08.429Z|0x6798|- Finished resetting the current domain, in  0.867 seconds
2026-03-24T07:35:08.429Z|0x6798|Domain Reload Profiling: 1457ms
	BeginReloadAssembly (165ms)
		ExecutionOrderSort (0ms)
		DisableScriptedObjects (0ms)
		BackupInstance (0ms)
		ReleaseScriptingObjects (0ms)
		CreateAndSetChildDomain (1ms)
	RebuildCommonClasses (53ms)
	RebuildNativeTypeToScriptingClass (19ms)
	initialDomainReloadingComplete (116ms)
	LoadAllAssembliesAndSetupDomain (237ms)
		LoadAssemblies (165ms)
		RebuildTransferFunctionScriptingTraits (0ms)
		AnalyzeDomain (230ms)
			TypeCache.Refresh (228ms)
				TypeCache.ScanAssembly (209ms)
			BuildScriptInfoCaches (0ms)
			ResolveRequiredComponents (1ms)
	FinalizeReload (868ms)
		ReleaseScriptCaches (0ms)
		RebuildScriptCaches (0ms)
		SetupLoadedEditorAssemblies (815ms)
			LogAssemblyErrors (0ms)
			InitializePlatformSupportModulesInManaged (375ms)
			SetLoadedEditorAssemblies (5ms)
			BeforeProcessingInitializeOnLoad (123ms)
			ProcessInitializeOnLoadAttributes (213ms)
			ProcessInitializeOnLoadMethodAttributes (98ms)
			AfterProcessingInitializeOnLoad (0ms)
			EditorAssembliesLoaded (0ms)
		ExecutionOrderSort2 (0ms)
		AwakeInstancesAfterBackupRestoration (0ms)
2026-03-24T07:35:08.559Z|0x6798|Assembly reference Packages/com.unity.cinemachine/Editor/Samples/ExposeHDRPInternals/HDRP-Editor-ref.asmref has no target assembly definition
========================================================================
2026-03-24T07:35:08.648Z|0x6798|Worker process is ready to serve import requests
2026-03-24T07:35:08.652Z|0x6798|Import Worker Mode flag is 0x00
2026-03-24T07:35:08.718Z|0x6798|Assembly reference Packages/com.unity.cinemachine/Editor/Samples/ExposeHDRPInternals/HDRP-Editor-ref.asmref has no target assembly definition
Assembly reference Packages/com.unity.cinemachine/Editor/Samples/ExposeHDRPInternals/HDRP-Editor-ref.asmref has no target assembly definition
Begin MonoManager ReloadAssembly
2026-03-24T07:35:08.900Z|0x6798|[Licensing::Client] Successfully resolved entitlement details
2026-03-24T07:35:09.922Z|0x6798|- Loaded All Assemblies, in  1.026 seconds
2026-03-24T07:35:10.087Z|0x6798|Assembly reference Packages/com.unity.cinemachine/Editor/Samples/ExposeHDRPInternals/HDRP-Editor-ref.asmref has no target assembly definition
'Packages/com.unity.cinemachine/Editor/Obsolete/CinemachineVirtualCameraBaseEditor.cs' contains partial class of Unity.Object, exactly 1 of the partial classes needs to be in a file with the same filename. This is to know the one that can be referenced from ie. GameObjects
2026-03-24T07:35:10.220Z|0x6798|'Packages/com.unity.cinemachine/Editor/Editors/CinemachineVirtualCameraBaseEditor.cs' contains partial class of Unity.Object, exactly 1 of the partial classes needs to be in a file with the same filename. This is to know the one that can be referenced from ie. GameObjects
2026-03-24T07:35:10.253Z|0x6798|Refreshing native plugins compatible for Editor in 0.42 ms, found 2 plugins.
2026-03-24T07:35:10.478Z|0x6798|Native extension for Android target not found
2026-03-24T07:35:10.487Z|0x6798|Native extension for WindowsStandalone target not found
2026-03-24T07:35:10.488Z|0x6798|Native extension for WebGL target not found
2026-03-24T07:35:10.669Z|0x6798|Assembly reference Packages/com.unity.cinemachine/Editor/Samples/ExposeHDRPInternals/HDRP-Editor-ref.asmref has no target assembly definition
Package Manager log level set to [2]
2026-03-24T07:35:10.947Z|0x6798|[Package Manager] Failed to launch server process. Reason: Unity was launched with the -noUpm command-line argument
2026-03-24T07:35:10.947Z|0x6798|[Package Manager] Unable to send message (not connected to server process).
2026-03-24T07:35:10.947Z|0x6798|[Package Manager] Cannot connect to Unity Package Manager local server
2026-03-24T07:35:10.962Z|0x6798|[Package Manager] Failed to launch server process. Reason: Unity was launched with the -noUpm command-line argument
2026-03-24T07:35:10.962Z|0x6798|[Package Manager] Unable to send message (not connected to server process).
2026-03-24T07:35:10.962Z|0x6798|[Package Manager] Cannot connect to Unity Package Manager local server
2026-03-24T07:35:11.295Z|0x6798|ScheduleIndexationOnStartup MainProcess:False IndexOnStartup:True
Mono: successfully reloaded assembly
2026-03-24T07:35:11.357Z|0x6798|- Finished resetting the current domain, in  1.104 seconds
2026-03-24T07:35:11.358Z|0x6798|Domain Reload Profiling: 2126ms
	BeginReloadAssembly (249ms)
		ExecutionOrderSort (0ms)
		DisableScriptedObjects (9ms)
		BackupInstance (0ms)
		ReleaseScriptingObjects (0ms)
		CreateAndSetChildDomain (48ms)
	RebuildCommonClasses (50ms)
	RebuildNativeTypeToScriptingClass (15ms)
	initialDomainReloadingComplete (50ms)
	LoadAllAssembliesAndSetupDomain (658ms)
		LoadAssemblies (469ms)
		RebuildTransferFunctionScriptingTraits (0ms)
		AnalyzeDomain (324ms)
			TypeCache.Refresh (240ms)
				TypeCache.ScanAssembly (218ms)
			BuildScriptInfoCaches (66ms)
			ResolveRequiredComponents (11ms)
	FinalizeReload (1104ms)
		ReleaseScriptCaches (0ms)
		RebuildScriptCaches (0ms)
		SetupLoadedEditorAssemblies (845ms)
			LogAssemblyErrors (0ms)
			InitializePlatformSupportModulesInManaged (14ms)
			SetLoadedEditorAssemblies (7ms)
			BeforeProcessingInitializeOnLoad (249ms)
			ProcessInitializeOnLoadAttributes (468ms)
			ProcessInitializeOnLoadMethodAttributes (102ms)
			AfterProcessingInitializeOnLoad (6ms)
			EditorAssembliesLoaded (0ms)
		ExecutionOrderSort2 (0ms)
		AwakeInstancesAfterBackupRestoration (6ms)
2026-03-24T07:35:11.550Z|0x6798|Launched and connected shader compiler UnityShaderCompiler.exe after 0.01 seconds
2026-03-24T07:35:11.886Z|0x6798|Refreshing native plugins compatible for Editor in 0.89 ms, found 2 plugins.
2026-03-24T07:35:11.886Z|0x6798|Preloading 0 native plugins for Editor in 0.00 ms.
2026-03-24T07:35:11.889Z|0x12cb8|Unloading 17 Unused Serialized files (Serialized files now loaded: 0)
2026-03-24T07:35:11.913Z|0x6798|Unloading 4704 unused Assets / (4.2 MB). Loaded Objects now: 5506.
Memory consumption went from 130.9 MB to 126.7 MB.
2026-03-24T07:35:11.913Z|0x6798|Total: 23.629500 ms (FindLiveObjects: 1.286300 ms CreateObjectMapping: 1.727500 ms MarkObjects: 14.560700 ms  DeleteObjects: 6.051200 ms)

2026-03-24T07:39:30.727Z|0x6798|========================================================================
2026-03-24T07:39:30.727Z|0x6798|Received Prepare
2026-03-24T07:39:30.824Z|0x6798|Assembly reference Packages/com.unity.cinemachine/Editor/Samples/ExposeHDRPInternals/HDRP-Editor-ref.asmref has no target assembly definition
Assembly reference Packages/com.unity.cinemachine/Editor/Samples/ExposeHDRPInternals/HDRP-Editor-ref.asmref has no target assembly definition
Begin MonoManager ReloadAssembly
2026-03-24T07:39:31.066Z|0x6798|[Licensing::Client] Successfully resolved entitlement details
2026-03-24T07:39:32.224Z|0x6798|- Loaded All Assemblies, in  1.161 seconds
2026-03-24T07:39:32.435Z|0x6798|Assembly reference Packages/com.unity.cinemachine/Editor/Samples/ExposeHDRPInternals/HDRP-Editor-ref.asmref has no target assembly definition
'Packages/com.unity.cinemachine/Editor/Obsolete/CinemachineVirtualCameraBaseEditor.cs' contains partial class of Unity.Object, exactly 1 of the partial classes needs to be in a file with the same filename. This is to know the one that can be referenced from ie. GameObjects
2026-03-24T07:39:32.600Z|0x6798|'Packages/com.unity.cinemachine/Editor/Editors/CinemachineVirtualCameraBaseEditor.cs' contains partial class of Unity.Object, exactly 1 of the partial classes needs to be in a file with the same filename. This is to know the one that can be referenced from ie. GameObjects
2026-03-24T07:39:32.650Z|0x6798|Refreshing native plugins compatible for Editor in 0.65 ms, found 2 plugins.
2026-03-24T07:39:32.891Z|0x6798|Native extension for Android target not found
2026-03-24T07:39:32.903Z|0x6798|Native extension for WindowsStandalone target not found
2026-03-24T07:39:32.904Z|0x6798|Native extension for WebGL target not found
2026-03-24T07:39:33.154Z|0x6798|Assembly reference Packages/com.unity.cinemachine/Editor/Samples/ExposeHDRPInternals/HDRP-Editor-ref.asmref has no target assembly definition
[Package Manager] Failed to launch server process. Reason: Unity was launched with the -noUpm command-line argument
2026-03-24T07:39:33.511Z|0x6798|[Package Manager] Unable to send message (not connected to server process).
2026-03-24T07:39:33.511Z|0x6798|[Package Manager] Cannot connect to Unity Package Manager local server
2026-03-24T07:39:33.529Z|0x6798|[Package Manager] Failed to launch server process. Reason: Unity was launched with the -noUpm command-line argument
2026-03-24T07:39:33.529Z|0x6798|[Package Manager] Unable to send message (not connected to server process).
2026-03-24T07:39:33.529Z|0x6798|[Package Manager] Cannot connect to Unity Package Manager local server
2026-03-24T07:39:33.956Z|0x6798|ScheduleIndexationOnStartup MainProcess:False IndexOnStartup:True
Mono: successfully reloaded assembly
2026-03-24T07:39:34.039Z|0x6798|- Finished resetting the current domain, in  1.388 seconds
2026-03-24T07:39:34.039Z|0x6798|Domain Reload Profiling: 2550ms
	BeginReloadAssembly (317ms)
		ExecutionOrderSort (0ms)
		DisableScriptedObjects (9ms)
		BackupInstance (0ms)
		ReleaseScriptingObjects (0ms)
		CreateAndSetChildDomain (80ms)
	RebuildCommonClasses (52ms)
	RebuildNativeTypeToScriptingClass (16ms)
	initialDomainReloadingComplete (56ms)
	LoadAllAssembliesAndSetupDomain (721ms)
		LoadAssemblies (572ms)
		RebuildTransferFunctionScriptingTraits (0ms)
		AnalyzeDomain (282ms)
			TypeCache.Refresh (15ms)
				TypeCache.ScanAssembly (1ms)
			BuildScriptInfoCaches (249ms)
			ResolveRequiredComponents (13ms)
	FinalizeReload (1389ms)
		ReleaseScriptCaches (0ms)
		RebuildScriptCaches (0ms)
		SetupLoadedEditorAssemblies (1094ms)
			LogAssemblyErrors (0ms)
			InitializePlatformSupportModulesInManaged (18ms)
			SetLoadedEditorAssemblies (9ms)
			BeforeProcessingInitializeOnLoad (329ms)
			ProcessInitializeOnLoadAttributes (615ms)
			ProcessInitializeOnLoadMethodAttributes (118ms)
			AfterProcessingInitializeOnLoad (5ms)
			EditorAssembliesLoaded (0ms)
		ExecutionOrderSort2 (0ms)
		AwakeInstancesAfterBackupRestoration (17ms)
2026-03-24T07:39:34.575Z|0x6798|Refreshing native plugins compatible for Editor in 1.13 ms, found 2 plugins.
2026-03-24T07:39:34.575Z|0x6798|Preloading 0 native plugins for Editor in 0.00 ms.
2026-03-24T07:39:34.576Z|0x3c48|Unloading 17 Unused Serialized files (Serialized files now loaded: 0)
2026-03-24T07:39:34.601Z|0x6798|Unloading 4702 unused Assets / (4.6 MB). Loaded Objects now: 5521.
Memory consumption went from 135.0 MB to 130.3 MB.
2026-03-24T07:39:34.601Z|0x6798|Total: 24.530400 ms (FindLiveObjects: 1.789700 ms CreateObjectMapping: 2.308800 ms MarkObjects: 13.680500 ms  DeleteObjects: 6.748100 ms)

2026-03-24T07:39:34.601Z|0x6798|Prepare: number of updated asset objects reloaded= 0
2026-03-24T07:42:18.798Z|0x6798|========================================================================
2026-03-24T07:42:18.798Z|0x6798|Received Prepare
2026-03-24T07:42:18.871Z|0x6798|Assembly reference Packages/com.unity.cinemachine/Editor/Samples/ExposeHDRPInternals/HDRP-Editor-ref.asmref has no target assembly definition
Assembly reference Packages/com.unity.cinemachine/Editor/Samples/ExposeHDRPInternals/HDRP-Editor-ref.asmref has no target assembly definition
Begin MonoManager ReloadAssembly
2026-03-24T07:42:19.068Z|0x6798|[Licensing::Client] Successfully resolved entitlement details
2026-03-24T07:42:19.973Z|0x6798|- Loaded All Assemblies, in  0.907 seconds
2026-03-24T07:42:20.135Z|0x6798|Assembly reference Packages/com.unity.cinemachine/Editor/Samples/ExposeHDRPInternals/HDRP-Editor-ref.asmref has no target assembly definition
'Packages/com.unity.cinemachine/Editor/Obsolete/CinemachineVirtualCameraBaseEditor.cs' contains partial class of Unity.Object, exactly 1 of the partial classes needs to be in a file with the same filename. This is to know the one that can be referenced from ie. GameObjects
2026-03-24T07:42:20.271Z|0x6798|'Packages/com.unity.cinemachine/Editor/Editors/CinemachineVirtualCameraBaseEditor.cs' contains partial class of Unity.Object, exactly 1 of the partial classes needs to be in a file with the same filename. This is to know the one that can be referenced from ie. GameObjects
2026-03-24T07:42:20.301Z|0x6798|Refreshing native plugins compatible for Editor in 0.44 ms, found 2 plugins.
2026-03-24T07:42:20.448Z|0x6798|Native extension for Android target not found
2026-03-24T07:42:20.457Z|0x6798|Native extension for WindowsStandalone target not found
2026-03-24T07:42:20.457Z|0x6798|Native extension for WebGL target not found
2026-03-24T07:42:20.619Z|0x6798|Assembly reference Packages/com.unity.cinemachine/Editor/Samples/ExposeHDRPInternals/HDRP-Editor-ref.asmref has no target assembly definition
[Package Manager] Failed to launch server process. Reason: Unity was launched with the -noUpm command-line argument
2026-03-24T07:42:20.897Z|0x6798|[Package Manager] Unable to send message (not connected to server process).
2026-03-24T07:42:20.897Z|0x6798|[Package Manager] Cannot connect to Unity Package Manager local server
2026-03-24T07:42:20.912Z|0x6798|[Package Manager] Failed to launch server process. Reason: Unity was launched with the -noUpm command-line argument
2026-03-24T07:42:20.912Z|0x6798|[Package Manager] Unable to send message (not connected to server process).
2026-03-24T07:42:20.912Z|0x6798|[Package Manager] Cannot connect to Unity Package Manager local server
2026-03-24T07:42:21.248Z|0x6798|ScheduleIndexationOnStartup MainProcess:False IndexOnStartup:True
Mono: successfully reloaded assembly
2026-03-24T07:42:21.324Z|0x6798|- Finished resetting the current domain, in  1.023 seconds
2026-03-24T07:42:21.325Z|0x6798|Domain Reload Profiling: 1931ms
	BeginReloadAssembly (257ms)
		ExecutionOrderSort (0ms)
		DisableScriptedObjects (7ms)
		BackupInstance (0ms)
		ReleaseScriptingObjects (0ms)
		CreateAndSetChildDomain (72ms)
	RebuildCommonClasses (43ms)
	RebuildNativeTypeToScriptingClass (15ms)
	initialDomainReloadingComplete (46ms)
	LoadAllAssembliesAndSetupDomain (545ms)
		LoadAssemblies (440ms)
		RebuildTransferFunctionScriptingTraits (0ms)
		AnalyzeDomain (223ms)
			TypeCache.Refresh (11ms)
				TypeCache.ScanAssembly (0ms)
			BuildScriptInfoCaches (196ms)
			ResolveRequiredComponents (11ms)
	FinalizeReload (1023ms)
		ReleaseScriptCaches (0ms)
		RebuildScriptCaches (0ms)
		SetupLoadedEditorAssemblies (832ms)
			LogAssemblyErrors (0ms)
			InitializePlatformSupportModulesInManaged (13ms)
			SetLoadedEditorAssemblies (8ms)
			BeforeProcessingInitializeOnLoad (235ms)
			ProcessInitializeOnLoadAttributes (452ms)
			ProcessInitializeOnLoadMethodAttributes (115ms)
			AfterProcessingInitializeOnLoad (9ms)
			EditorAssembliesLoaded (0ms)
		ExecutionOrderSort2 (0ms)
		AwakeInstancesAfterBackupRestoration (19ms)
2026-03-24T07:42:21.787Z|0x6798|Refreshing native plugins compatible for Editor in 0.79 ms, found 2 plugins.
2026-03-24T07:42:21.787Z|0x6798|Preloading 0 native plugins for Editor in 0.00 ms.
2026-03-24T07:42:21.789Z|0x4e7c|Unloading 17 Unused Serialized files (Serialized files now loaded: 0)
2026-03-24T07:42:21.813Z|0x6798|Unloading 4702 unused Assets / (4.1 MB). Loaded Objects now: 5524.
Memory consumption went from 134.8 MB to 130.7 MB.
2026-03-24T07:42:21.813Z|0x6798|Total: 23.468400 ms (FindLiveObjects: 1.409700 ms CreateObjectMapping: 1.923500 ms MarkObjects: 14.189700 ms  DeleteObjects: 5.940800 ms)

2026-03-24T07:42:21.813Z|0x6798|Prepare: number of updated asset objects reloaded= 0
2026-03-24T07:45:31.407Z|0x6798|========================================================================
2026-03-24T07:45:31.407Z|0x6798|Received Prepare
2026-03-24T07:45:31.480Z|0x6798|Assembly reference Packages/com.unity.cinemachine/Editor/Samples/ExposeHDRPInternals/HDRP-Editor-ref.asmref has no target assembly definition
Assembly reference Packages/com.unity.cinemachine/Editor/Samples/ExposeHDRPInternals/HDRP-Editor-ref.asmref has no target assembly definition
Begin MonoManager ReloadAssembly
2026-03-24T07:45:31.654Z|0x6798|[Licensing::Client] Successfully resolved entitlement details
2026-03-24T07:45:32.528Z|0x6798|- Loaded All Assemblies, in  0.877 seconds
2026-03-24T07:45:32.691Z|0x6798|Assembly reference Packages/com.unity.cinemachine/Editor/Samples/ExposeHDRPInternals/HDRP-Editor-ref.asmref has no target assembly definition
'Packages/com.unity.cinemachine/Editor/Obsolete/CinemachineVirtualCameraBaseEditor.cs' contains partial class of Unity.Object, exactly 1 of the partial classes needs to be in a file with the same filename. This is to know the one that can be referenced from ie. GameObjects
2026-03-24T07:45:32.813Z|0x6798|'Packages/com.unity.cinemachine/Editor/Editors/CinemachineVirtualCameraBaseEditor.cs' contains partial class of Unity.Object, exactly 1 of the partial classes needs to be in a file with the same filename. This is to know the one that can be referenced from ie. GameObjects
2026-03-24T07:45:32.847Z|0x6798|Refreshing native plugins compatible for Editor in 0.40 ms, found 2 plugins.
2026-03-24T07:45:32.989Z|0x6798|Native extension for Android target not found
2026-03-24T07:45:32.998Z|0x6798|Native extension for WindowsStandalone target not found
2026-03-24T07:45:32.998Z|0x6798|Native extension for WebGL target not found
2026-03-24T07:45:33.176Z|0x6798|Assembly reference Packages/com.unity.cinemachine/Editor/Samples/ExposeHDRPInternals/HDRP-Editor-ref.asmref has no target assembly definition
[Package Manager] Failed to launch server process. Reason: Unity was launched with the -noUpm command-line argument
2026-03-24T07:45:33.428Z|0x6798|[Package Manager] Unable to send message (not connected to server process).
2026-03-24T07:45:33.428Z|0x6798|[Package Manager] Cannot connect to Unity Package Manager local server
2026-03-24T07:45:33.442Z|0x6798|[Package Manager] Failed to launch server process. Reason: Unity was launched with the -noUpm command-line argument
2026-03-24T07:45:33.442Z|0x6798|[Package Manager] Unable to send message (not connected to server process).
2026-03-24T07:45:33.442Z|0x6798|[Package Manager] Cannot connect to Unity Package Manager local server
2026-03-24T07:45:33.736Z|0x6798|ScheduleIndexationOnStartup MainProcess:False IndexOnStartup:True
Mono: successfully reloaded assembly
2026-03-24T07:45:33.807Z|0x6798|- Finished resetting the current domain, in  0.960 seconds
2026-03-24T07:45:33.808Z|0x6798|Domain Reload Profiling: 1837ms
	BeginReloadAssembly (240ms)
		ExecutionOrderSort (0ms)
		DisableScriptedObjects (7ms)
		BackupInstance (0ms)
		ReleaseScriptingObjects (0ms)
		CreateAndSetChildDomain (57ms)
	RebuildCommonClasses (44ms)
	RebuildNativeTypeToScriptingClass (16ms)
	initialDomainReloadingComplete (32ms)
	LoadAllAssembliesAndSetupDomain (545ms)
		LoadAssemblies (442ms)
		RebuildTransferFunctionScriptingTraits (0ms)
		AnalyzeDomain (218ms)
			TypeCache.Refresh (12ms)
				TypeCache.ScanAssembly (0ms)
			BuildScriptInfoCaches (190ms)
			ResolveRequiredComponents (11ms)
	FinalizeReload (960ms)
		ReleaseScriptCaches (0ms)
		RebuildScriptCaches (0ms)
		SetupLoadedEditorAssemblies (774ms)
			LogAssemblyErrors (0ms)
			InitializePlatformSupportModulesInManaged (12ms)
			SetLoadedEditorAssemblies (8ms)
			BeforeProcessingInitializeOnLoad (236ms)
			ProcessInitializeOnLoadAttributes (430ms)
			ProcessInitializeOnLoadMethodAttributes (82ms)
			AfterProcessingInitializeOnLoad (6ms)
			EditorAssembliesLoaded (0ms)
		ExecutionOrderSort2 (0ms)
		AwakeInstancesAfterBackupRestoration (19ms)
2026-03-24T07:45:34.322Z|0x6798|Refreshing native plugins compatible for Editor in 1.13 ms, found 2 plugins.
2026-03-24T07:45:34.322Z|0x6798|Preloading 0 native plugins for Editor in 0.00 ms.
2026-03-24T07:45:34.325Z|0x1a61c|Unloading 17 Unused Serialized files (Serialized files now loaded: 0)
2026-03-24T07:45:34.349Z|0x6798|Unloading 4702 unused Assets / (4.0 MB). Loaded Objects now: 5527.
Memory consumption went from 136.7 MB to 132.7 MB.
2026-03-24T07:45:34.349Z|0x6798|Total: 23.826800 ms (FindLiveObjects: 1.426300 ms CreateObjectMapping: 1.618400 ms MarkObjects: 15.474200 ms  DeleteObjects: 5.303500 ms)

2026-03-24T07:45:34.349Z|0x6798|Prepare: number of updated asset objects reloaded= 0
2026-03-24T07:49:07.087Z|0x6798|========================================================================
2026-03-24T07:49:07.087Z|0x6798|Received Prepare
2026-03-24T07:49:07.152Z|0x6798|'Packages/com.unity.cinemachine/Editor/Obsolete/CinemachineVirtualCameraBaseEditor.cs' contains partial class of Unity.Object, exactly 1 of the partial classes needs to be in a file with the same filename. This is to know the one that can be referenced from ie. GameObjects
2026-03-24T07:49:07.169Z|0x6798|'Packages/com.unity.cinemachine/Editor/Editors/CinemachineVirtualCameraBaseEditor.cs' contains partial class of Unity.Object, exactly 1 of the partial classes needs to be in a file with the same filename. This is to know the one that can be referenced from ie. GameObjects
2026-03-24T07:49:07.744Z|0x6798|Refreshing native plugins compatible for Editor in 1.29 ms, found 2 plugins.
2026-03-24T07:49:07.744Z|0x6798|Preloading 0 native plugins for Editor in 0.00 ms.
2026-03-24T07:49:07.745Z|0x1a61c|Unloading 17 Unused Serialized files (Serialized files now loaded: 0)
2026-03-24T07:49:07.769Z|0x6798|Unloading 4699 unused Assets / (3.7 MB). Loaded Objects now: 5527.
Memory consumption went from 136.9 MB to 133.2 MB.
2026-03-24T07:49:07.770Z|0x6798|Total: 23.947600 ms (FindLiveObjects: 1.669800 ms CreateObjectMapping: 2.106800 ms MarkObjects: 14.626700 ms  DeleteObjects: 5.541300 ms)

2026-03-24T07:49:07.770Z|0x6798|Prepare: number of updated asset objects reloaded= 0
2026-03-24T07:49:14.563Z|0x6798|========================================================================
2026-03-24T07:49:14.564Z|0x6798|Received Prepare
2026-03-24T07:49:14.632Z|0x6798|Assembly reference Packages/com.unity.cinemachine/Editor/Samples/ExposeHDRPInternals/HDRP-Editor-ref.asmref has no target assembly definition
Assembly reference Packages/com.unity.cinemachine/Editor/Samples/ExposeHDRPInternals/HDRP-Editor-ref.asmref has no target assembly definition
Begin MonoManager ReloadAssembly
2026-03-24T07:49:14.805Z|0x6798|[Licensing::Client] Successfully resolved entitlement details
2026-03-24T07:49:15.650Z|0x6798|- Loaded All Assemblies, in  0.847 seconds
2026-03-24T07:49:15.810Z|0x6798|Assembly reference Packages/com.unity.cinemachine/Editor/Samples/ExposeHDRPInternals/HDRP-Editor-ref.asmref has no target assembly definition
'Packages/com.unity.cinemachine/Editor/Obsolete/CinemachineVirtualCameraBaseEditor.cs' contains partial class of Unity.Object, exactly 1 of the partial classes needs to be in a file with the same filename. This is to know the one that can be referenced from ie. GameObjects
2026-03-24T07:49:15.933Z|0x6798|'Packages/com.unity.cinemachine/Editor/Editors/CinemachineVirtualCameraBaseEditor.cs' contains partial class of Unity.Object, exactly 1 of the partial classes needs to be in a file with the same filename. This is to know the one that can be referenced from ie. GameObjects
2026-03-24T07:49:15.965Z|0x6798|Refreshing native plugins compatible for Editor in 0.52 ms, found 2 plugins.
2026-03-24T07:49:16.104Z|0x6798|Native extension for Android target not found
2026-03-24T07:49:16.112Z|0x6798|Native extension for WindowsStandalone target not found
2026-03-24T07:49:16.112Z|0x6798|Native extension for WebGL target not found
2026-03-24T07:49:16.273Z|0x6798|Assembly reference Packages/com.unity.cinemachine/Editor/Samples/ExposeHDRPInternals/HDRP-Editor-ref.asmref has no target assembly definition
[Package Manager] Failed to launch server process. Reason: Unity was launched with the -noUpm command-line argument
2026-03-24T07:49:16.526Z|0x6798|[Package Manager] Unable to send message (not connected to server process).
2026-03-24T07:49:16.526Z|0x6798|[Package Manager] Cannot connect to Unity Package Manager local server
2026-03-24T07:49:16.540Z|0x6798|[Package Manager] Failed to launch server process. Reason: Unity was launched with the -noUpm command-line argument
2026-03-24T07:49:16.540Z|0x6798|[Package Manager] Unable to send message (not connected to server process).
2026-03-24T07:49:16.540Z|0x6798|[Package Manager] Cannot connect to Unity Package Manager local server
2026-03-24T07:49:16.842Z|0x6798|ScheduleIndexationOnStartup MainProcess:False IndexOnStartup:True
Mono: successfully reloaded assembly
2026-03-24T07:49:16.918Z|0x6798|- Finished resetting the current domain, in  0.952 seconds
2026-03-24T07:49:16.918Z|0x6798|Domain Reload Profiling: 1799ms
	BeginReloadAssembly (239ms)
		ExecutionOrderSort (0ms)
		DisableScriptedObjects (8ms)
		BackupInstance (0ms)
		ReleaseScriptingObjects (0ms)
		CreateAndSetChildDomain (56ms)
	RebuildCommonClasses (44ms)
	RebuildNativeTypeToScriptingClass (16ms)
	initialDomainReloadingComplete (31ms)
	LoadAllAssembliesAndSetupDomain (517ms)
		LoadAssemblies (416ms)
		RebuildTransferFunctionScriptingTraits (0ms)
		AnalyzeDomain (216ms)
			TypeCache.Refresh (12ms)
				TypeCache.ScanAssembly (0ms)
			BuildScriptInfoCaches (188ms)
			ResolveRequiredComponents (11ms)
	FinalizeReload (953ms)
		ReleaseScriptCaches (0ms)
		RebuildScriptCaches (0ms)
		SetupLoadedEditorAssemblies (766ms)
			LogAssemblyErrors (0ms)
			InitializePlatformSupportModulesInManaged (12ms)
			SetLoadedEditorAssemblies (6ms)
			BeforeProcessingInitializeOnLoad (224ms)
			ProcessInitializeOnLoadAttributes (435ms)
			ProcessInitializeOnLoadMethodAttributes (84ms)
			AfterProcessingInitializeOnLoad (6ms)
			EditorAssembliesLoaded (0ms)
		ExecutionOrderSort2 (0ms)
		AwakeInstancesAfterBackupRestoration (20ms)
2026-03-24T07:49:17.425Z|0x6798|Refreshing native plugins compatible for Editor in 1.21 ms, found 2 plugins.
2026-03-24T07:49:17.426Z|0x6798|Preloading 0 native plugins for Editor in 0.00 ms.
2026-03-24T07:49:17.427Z|0x7780|Unloading 17 Unused Serialized files (Serialized files now loaded: 0)
2026-03-24T07:49:17.451Z|0x6798|Unloading 4702 unused Assets / (4.3 MB). Loaded Objects now: 5530.
Memory consumption went from 136.8 MB to 132.5 MB.
2026-03-24T07:49:17.452Z|0x6798|Total: 24.315700 ms (FindLiveObjects: 1.583200 ms CreateObjectMapping: 1.572400 ms MarkObjects: 14.380300 ms  DeleteObjects: 6.776400 ms)

2026-03-24T07:49:17.452Z|0x6798|Prepare: number of updated asset objects reloaded= 0
2026-03-24T07:50:58.854Z|0x6798|========================================================================
2026-03-24T07:50:58.854Z|0x6798|Received Prepare
2026-03-24T07:50:58.918Z|0x6798|'Packages/com.unity.cinemachine/Editor/Obsolete/CinemachineVirtualCameraBaseEditor.cs' contains partial class of Unity.Object, exactly 1 of the partial classes needs to be in a file with the same filename. This is to know the one that can be referenced from ie. GameObjects
2026-03-24T07:50:58.937Z|0x6798|'Packages/com.unity.cinemachine/Editor/Editors/CinemachineVirtualCameraBaseEditor.cs' contains partial class of Unity.Object, exactly 1 of the partial classes needs to be in a file with the same filename. This is to know the one that can be referenced from ie. GameObjects
2026-03-24T07:50:59.432Z|0x6798|Refreshing native plugins compatible for Editor in 1.07 ms, found 2 plugins.
2026-03-24T07:50:59.432Z|0x6798|Preloading 0 native plugins for Editor in 0.00 ms.
2026-03-24T07:50:59.433Z|0x7780|Unloading 17 Unused Serialized files (Serialized files now loaded: 0)
2026-03-24T07:50:59.458Z|0x6798|Unloading 4699 unused Assets / (4.1 MB). Loaded Objects now: 5530.
Memory consumption went from 137.0 MB to 132.9 MB.
2026-03-24T07:50:59.459Z|0x6798|Total: 25.229800 ms (FindLiveObjects: 1.834000 ms CreateObjectMapping: 1.877600 ms MarkObjects: 15.214900 ms  DeleteObjects: 6.299900 ms)

2026-03-24T07:50:59.459Z|0x6798|Prepare: number of updated asset objects reloaded= 0
2026-03-24T07:51:05.789Z|0x6798|========================================================================
2026-03-24T07:51:05.789Z|0x6798|Received Prepare
2026-03-24T07:51:05.855Z|0x6798|Assembly reference Packages/com.unity.cinemachine/Editor/Samples/ExposeHDRPInternals/HDRP-Editor-ref.asmref has no target assembly definition
Assembly reference Packages/com.unity.cinemachine/Editor/Samples/ExposeHDRPInternals/HDRP-Editor-ref.asmref has no target assembly definition
Begin MonoManager ReloadAssembly
2026-03-24T07:51:06.036Z|0x6798|[Licensing::Client] Successfully resolved entitlement details
2026-03-24T07:51:06.905Z|0x6798|- Loaded All Assemblies, in  0.874 seconds
2026-03-24T07:51:07.069Z|0x6798|Assembly reference Packages/com.unity.cinemachine/Editor/Samples/ExposeHDRPInternals/HDRP-Editor-ref.asmref has no target assembly definition
'Packages/com.unity.cinemachine/Editor/Obsolete/CinemachineVirtualCameraBaseEditor.cs' contains partial class of Unity.Object, exactly 1 of the partial classes needs to be in a file with the same filename. This is to know the one that can be referenced from ie. GameObjects
2026-03-24T07:51:07.188Z|0x6798|'Packages/com.unity.cinemachine/Editor/Editors/CinemachineVirtualCameraBaseEditor.cs' contains partial class of Unity.Object, exactly 1 of the partial classes needs to be in a file with the same filename. This is to know the one that can be referenced from ie. GameObjects
2026-03-24T07:51:07.217Z|0x6798|Refreshing native plugins compatible for Editor in 0.43 ms, found 2 plugins.
2026-03-24T07:51:07.352Z|0x6798|Native extension for Android target not found
2026-03-24T07:51:07.360Z|0x6798|Native extension for WindowsStandalone target not found
2026-03-24T07:51:07.361Z|0x6798|Native extension for WebGL target not found
2026-03-24T07:51:07.523Z|0x6798|Assembly reference Packages/com.unity.cinemachine/Editor/Samples/ExposeHDRPInternals/HDRP-Editor-ref.asmref has no target assembly definition
[Package Manager] Failed to launch server process. Reason: Unity was launched with the -noUpm command-line argument
2026-03-24T07:51:07.796Z|0x6798|[Package Manager] Unable to send message (not connected to server process).
2026-03-24T07:51:07.796Z|0x6798|[Package Manager] Cannot connect to Unity Package Manager local server
2026-03-24T07:51:07.815Z|0x6798|[Package Manager] Failed to launch server process. Reason: Unity was launched with the -noUpm command-line argument
2026-03-24T07:51:07.815Z|0x6798|[Package Manager] Unable to send message (not connected to server process).
2026-03-24T07:51:07.815Z|0x6798|[Package Manager] Cannot connect to Unity Package Manager local server
2026-03-24T07:51:08.140Z|0x6798|ScheduleIndexationOnStartup MainProcess:False IndexOnStartup:True
Mono: successfully reloaded assembly
2026-03-24T07:51:08.218Z|0x6798|- Finished resetting the current domain, in  1.000 seconds
2026-03-24T07:51:08.219Z|0x6798|Domain Reload Profiling: 1875ms
	BeginReloadAssembly (250ms)
		ExecutionOrderSort (0ms)
		DisableScriptedObjects (8ms)
		BackupInstance (0ms)
		ReleaseScriptingObjects (0ms)
		CreateAndSetChildDomain (58ms)
	RebuildCommonClasses (44ms)
	RebuildNativeTypeToScriptingClass (15ms)
	initialDomainReloadingComplete (33ms)
	LoadAllAssembliesAndSetupDomain (532ms)
		LoadAssemblies (430ms)
		RebuildTransferFunctionScriptingTraits (0ms)
		AnalyzeDomain (219ms)
			TypeCache.Refresh (13ms)
				TypeCache.ScanAssembly (0ms)
			BuildScriptInfoCaches (190ms)
			ResolveRequiredComponents (11ms)
	FinalizeReload (1001ms)
		ReleaseScriptCaches (0ms)
		RebuildScriptCaches (0ms)
		SetupLoadedEditorAssemblies (818ms)
			LogAssemblyErrors (0ms)
			InitializePlatformSupportModulesInManaged (12ms)
			SetLoadedEditorAssemblies (6ms)
			BeforeProcessingInitializeOnLoad (225ms)
			ProcessInitializeOnLoadAttributes (478ms)
			ProcessInitializeOnLoadMethodAttributes (91ms)
			AfterProcessingInitializeOnLoad (6ms)
			EditorAssembliesLoaded (0ms)
		ExecutionOrderSort2 (0ms)
		AwakeInstancesAfterBackupRestoration (20ms)
2026-03-24T07:51:08.706Z|0x6798|Refreshing native plugins compatible for Editor in 1.31 ms, found 2 plugins.
2026-03-24T07:51:08.706Z|0x6798|Preloading 0 native plugins for Editor in 0.00 ms.
2026-03-24T07:51:08.707Z|0xb8bc|Unloading 17 Unused Serialized files (Serialized files now loaded: 0)
2026-03-24T07:51:08.732Z|0x6798|Unloading 4702 unused Assets / (4.0 MB). Loaded Objects now: 5533.
Memory consumption went from 136.8 MB to 132.8 MB.
2026-03-24T07:51:08.733Z|0x6798|Total: 24.829600 ms (FindLiveObjects: 1.352400 ms CreateObjectMapping: 1.857400 ms MarkObjects: 15.520400 ms  DeleteObjects: 6.095800 ms)

2026-03-24T07:51:08.733Z|0x6798|Prepare: number of updated asset objects reloaded= 0
2026-03-24T08:09:19.123Z|0x6798|========================================================================
2026-03-24T08:09:19.123Z|0x6798|Received Prepare
2026-03-24T08:09:19.191Z|0x6798|'Packages/com.unity.cinemachine/Editor/Obsolete/CinemachineVirtualCameraBaseEditor.cs' contains partial class of Unity.Object, exactly 1 of the partial classes needs to be in a file with the same filename. This is to know the one that can be referenced from ie. GameObjects
2026-03-24T08:09:19.211Z|0x6798|'Packages/com.unity.cinemachine/Editor/Editors/CinemachineVirtualCameraBaseEditor.cs' contains partial class of Unity.Object, exactly 1 of the partial classes needs to be in a file with the same filename. This is to know the one that can be referenced from ie. GameObjects
2026-03-24T08:09:19.896Z|0x6798|Refreshing native plugins compatible for Editor in 2.37 ms, found 2 plugins.
2026-03-24T08:09:19.896Z|0x6798|Preloading 0 native plugins for Editor in 0.00 ms.
2026-03-24T08:09:19.896Z|0xb8bc|Unloading 17 Unused Serialized files (Serialized files now loaded: 0)
2026-03-24T08:09:19.932Z|0x6798|Unloading 4699 unused Assets / (7.1 MB). Loaded Objects now: 5533.
Memory consumption went from 137.0 MB to 129.9 MB.
2026-03-24T08:09:19.932Z|0x6798|Total: 35.216000 ms (FindLiveObjects: 1.514700 ms CreateObjectMapping: 1.953100 ms MarkObjects: 17.533700 ms  DeleteObjects: 14.211900 ms)

2026-03-24T08:09:19.932Z|0x6798|Prepare: number of updated asset objects reloaded= 0
2026-03-24T08:09:39.518Z|0x6798|========================================================================
2026-03-24T08:09:39.518Z|0x6798|Received Prepare
2026-03-24T08:09:39.582Z|0x6798|Assembly reference Packages/com.unity.cinemachine/Editor/Samples/ExposeHDRPInternals/HDRP-Editor-ref.asmref has no target assembly definition
Assembly reference Packages/com.unity.cinemachine/Editor/Samples/ExposeHDRPInternals/HDRP-Editor-ref.asmref has no target assembly definition
Begin MonoManager ReloadAssembly
2026-03-24T08:09:39.761Z|0x6798|[Licensing::Client] Successfully resolved entitlement details
2026-03-24T08:09:40.694Z|0x6798|- Loaded All Assemblies, in  0.935 seconds
2026-03-24T08:09:40.856Z|0x6798|Assembly reference Packages/com.unity.cinemachine/Editor/Samples/ExposeHDRPInternals/HDRP-Editor-ref.asmref has no target assembly definition
'Packages/com.unity.cinemachine/Editor/Obsolete/CinemachineVirtualCameraBaseEditor.cs' contains partial class of Unity.Object, exactly 1 of the partial classes needs to be in a file with the same filename. This is to know the one that can be referenced from ie. GameObjects
2026-03-24T08:09:40.981Z|0x6798|'Packages/com.unity.cinemachine/Editor/Editors/CinemachineVirtualCameraBaseEditor.cs' contains partial class of Unity.Object, exactly 1 of the partial classes needs to be in a file with the same filename. This is to know the one that can be referenced from ie. GameObjects
2026-03-24T08:09:41.009Z|0x6798|Refreshing native plugins compatible for Editor in 0.39 ms, found 2 plugins.
2026-03-24T08:09:41.139Z|0x6798|Native extension for Android target not found
2026-03-24T08:09:41.147Z|0x6798|Native extension for WindowsStandalone target not found
2026-03-24T08:09:41.147Z|0x6798|Native extension for WebGL target not found
2026-03-24T08:09:41.315Z|0x6798|Assembly reference Packages/com.unity.cinemachine/Editor/Samples/ExposeHDRPInternals/HDRP-Editor-ref.asmref has no target assembly definition
[Package Manager] Failed to launch server process. Reason: Unity was launched with the -noUpm command-line argument
2026-03-24T08:09:41.581Z|0x6798|[Package Manager] Unable to send message (not connected to server process).
2026-03-24T08:09:41.581Z|0x6798|[Package Manager] Cannot connect to Unity Package Manager local server
2026-03-24T08:09:41.600Z|0x6798|[Package Manager] Failed to launch server process. Reason: Unity was launched with the -noUpm command-line argument
2026-03-24T08:09:41.600Z|0x6798|[Package Manager] Unable to send message (not connected to server process).
2026-03-24T08:09:41.600Z|0x6798|[Package Manager] Cannot connect to Unity Package Manager local server
2026-03-24T08:09:41.927Z|0x6798|ScheduleIndexationOnStartup MainProcess:False IndexOnStartup:True
Mono: successfully reloaded assembly
2026-03-24T08:09:42.005Z|0x6798|- Finished resetting the current domain, in  0.996 seconds
2026-03-24T08:09:42.006Z|0x6798|Domain Reload Profiling: 1932ms
	BeginReloadAssembly (249ms)
		ExecutionOrderSort (0ms)
		DisableScriptedObjects (8ms)
		BackupInstance (0ms)
		ReleaseScriptingObjects (0ms)
		CreateAndSetChildDomain (55ms)
	RebuildCommonClasses (44ms)
	RebuildNativeTypeToScriptingClass (16ms)
	initialDomainReloadingComplete (34ms)
	LoadAllAssembliesAndSetupDomain (593ms)
		LoadAssemblies (498ms)
		RebuildTransferFunctionScriptingTraits (0ms)
		AnalyzeDomain (219ms)
			TypeCache.Refresh (13ms)
				TypeCache.ScanAssembly (1ms)
			BuildScriptInfoCaches (190ms)
			ResolveRequiredComponents (11ms)
	FinalizeReload (996ms)
		ReleaseScriptCaches (0ms)
		RebuildScriptCaches (0ms)
		SetupLoadedEditorAssemblies (818ms)
			LogAssemblyErrors (0ms)
			InitializePlatformSupportModulesInManaged (12ms)
			SetLoadedEditorAssemblies (6ms)
			BeforeProcessingInitializeOnLoad (238ms)
			ProcessInitializeOnLoadAttributes (460ms)
			ProcessInitializeOnLoadMethodAttributes (97ms)
			AfterProcessingInitializeOnLoad (6ms)
			EditorAssembliesLoaded (0ms)
		ExecutionOrderSort2 (0ms)
		AwakeInstancesAfterBackupRestoration (20ms)
2026-03-24T08:09:42.464Z|0x6798|Refreshing native plugins compatible for Editor in 1.17 ms, found 2 plugins.
2026-03-24T08:09:42.464Z|0x6798|Preloading 0 native plugins for Editor in 0.00 ms.
2026-03-24T08:09:42.465Z|0xabe0|Unloading 17 Unused Serialized files (Serialized files now loaded: 0)
2026-03-24T08:09:42.490Z|0x6798|Unloading 4702 unused Assets / (4.1 MB). Loaded Objects now: 5536.
Memory consumption went from 136.9 MB to 132.8 MB.
2026-03-24T08:09:42.491Z|0x6798|Total: 24.769600 ms (FindLiveObjects: 1.664900 ms CreateObjectMapping: 1.764300 ms MarkObjects: 15.022900 ms  DeleteObjects: 6.314000 ms)

2026-03-24T08:09:42.491Z|0x6798|Prepare: number of updated asset objects reloaded= 0
2026-03-24T08:13:52.166Z|0x6798|========================================================================
2026-03-24T08:13:52.166Z|0x6798|Received Prepare
2026-03-24T08:13:52.240Z|0x6798|Assembly reference Packages/com.unity.cinemachine/Editor/Samples/ExposeHDRPInternals/HDRP-Editor-ref.asmref has no target assembly definition
Assembly reference Packages/com.unity.cinemachine/Editor/Samples/ExposeHDRPInternals/HDRP-Editor-ref.asmref has no target assembly definition
Begin MonoManager ReloadAssembly
2026-03-24T08:13:52.417Z|0x6798|[Licensing::Client] Successfully resolved entitlement details
2026-03-24T08:13:53.274Z|0x6798|- Loaded All Assemblies, in  0.859 seconds
2026-03-24T08:13:53.438Z|0x6798|Assembly reference Packages/com.unity.cinemachine/Editor/Samples/ExposeHDRPInternals/HDRP-Editor-ref.asmref has no target assembly definition
'Packages/com.unity.cinemachine/Editor/Obsolete/CinemachineVirtualCameraBaseEditor.cs' contains partial class of Unity.Object, exactly 1 of the partial classes needs to be in a file with the same filename. This is to know the one that can be referenced from ie. GameObjects
2026-03-24T08:13:53.563Z|0x6798|'Packages/com.unity.cinemachine/Editor/Editors/CinemachineVirtualCameraBaseEditor.cs' contains partial class of Unity.Object, exactly 1 of the partial classes needs to be in a file with the same filename. This is to know the one that can be referenced from ie. GameObjects
2026-03-24T08:13:53.595Z|0x6798|Refreshing native plugins compatible for Editor in 0.68 ms, found 2 plugins.
2026-03-24T08:13:53.734Z|0x6798|Native extension for Android target not found
2026-03-24T08:13:53.744Z|0x6798|Native extension for WindowsStandalone target not found
2026-03-24T08:13:53.744Z|0x6798|Native extension for WebGL target not found
2026-03-24T08:13:53.915Z|0x6798|Assembly reference Packages/com.unity.cinemachine/Editor/Samples/ExposeHDRPInternals/HDRP-Editor-ref.asmref has no target assembly definition
[Package Manager] Failed to launch server process. Reason: Unity was launched with the -noUpm command-line argument
2026-03-24T08:13:54.166Z|0x6798|[Package Manager] Unable to send message (not connected to server process).
2026-03-24T08:13:54.166Z|0x6798|[Package Manager] Cannot connect to Unity Package Manager local server
2026-03-24T08:13:54.179Z|0x6798|[Package Manager] Failed to launch server process. Reason: Unity was launched with the -noUpm command-line argument
2026-03-24T08:13:54.179Z|0x6798|[Package Manager] Unable to send message (not connected to server process).
2026-03-24T08:13:54.179Z|0x6798|[Package Manager] Cannot connect to Unity Package Manager local server
2026-03-24T08:13:54.483Z|0x6798|ScheduleIndexationOnStartup MainProcess:False IndexOnStartup:True
Mono: successfully reloaded assembly
2026-03-24T08:13:54.561Z|0x6798|- Finished resetting the current domain, in  0.965 seconds
2026-03-24T08:13:54.562Z|0x6798|Domain Reload Profiling: 1825ms
	BeginReloadAssembly (249ms)
		ExecutionOrderSort (0ms)
		DisableScriptedObjects (7ms)
		BackupInstance (0ms)
		ReleaseScriptingObjects (0ms)
		CreateAndSetChildDomain (58ms)
	RebuildCommonClasses (44ms)
	RebuildNativeTypeToScriptingClass (17ms)
	initialDomainReloadingComplete (31ms)
	LoadAllAssembliesAndSetupDomain (519ms)
		LoadAssemblies (416ms)
		RebuildTransferFunctionScriptingTraits (0ms)
		AnalyzeDomain (225ms)
			TypeCache.Refresh (11ms)
				TypeCache.ScanAssembly (0ms)
			BuildScriptInfoCaches (198ms)
			ResolveRequiredComponents (11ms)
	FinalizeReload (966ms)
		ReleaseScriptCaches (0ms)
		RebuildScriptCaches (0ms)
		SetupLoadedEditorAssemblies (778ms)
			LogAssemblyErrors (0ms)
			InitializePlatformSupportModulesInManaged (14ms)
			SetLoadedEditorAssemblies (6ms)
			BeforeProcessingInitializeOnLoad (235ms)
			ProcessInitializeOnLoadAttributes (431ms)
			ProcessInitializeOnLoadMethodAttributes (86ms)
			AfterProcessingInitializeOnLoad (6ms)
			EditorAssembliesLoaded (0ms)
		ExecutionOrderSort2 (0ms)
		AwakeInstancesAfterBackupRestoration (19ms)
2026-03-24T08:13:54.983Z|0x6798|Refreshing native plugins compatible for Editor in 0.90 ms, found 2 plugins.
2026-03-24T08:13:54.983Z|0x6798|Preloading 0 native plugins for Editor in 0.00 ms.
2026-03-24T08:13:54.985Z|0x14728|Unloading 17 Unused Serialized files (Serialized files now loaded: 0)
2026-03-24T08:13:55.009Z|0x6798|Unloading 4702 unused Assets / (4.1 MB). Loaded Objects now: 5539.
Memory consumption went from 136.9 MB to 132.8 MB.
2026-03-24T08:13:55.009Z|0x6798|Total: 24.126700 ms (FindLiveObjects: 1.290700 ms CreateObjectMapping: 2.245700 ms MarkObjects: 14.127100 ms  DeleteObjects: 6.458800 ms)

2026-03-24T08:13:55.009Z|0x6798|Prepare: number of updated asset objects reloaded= 0
2026-03-24T08:14:49.765Z|0x6798|========================================================================
2026-03-24T08:14:49.765Z|0x6798|Received Prepare
2026-03-24T08:14:49.838Z|0x6798|Assembly reference Packages/com.unity.cinemachine/Editor/Samples/ExposeHDRPInternals/HDRP-Editor-ref.asmref has no target assembly definition
Assembly reference Packages/com.unity.cinemachine/Editor/Samples/ExposeHDRPInternals/HDRP-Editor-ref.asmref has no target assembly definition
Begin MonoManager ReloadAssembly
2026-03-24T08:14:50.857Z|0x6798|- Loaded All Assemblies, in  0.846 seconds
2026-03-24T08:14:51.016Z|0x6798|Assembly reference Packages/com.unity.cinemachine/Editor/Samples/ExposeHDRPInternals/HDRP-Editor-ref.asmref has no target assembly definition
'Packages/com.unity.cinemachine/Editor/Obsolete/CinemachineVirtualCameraBaseEditor.cs' contains partial class of Unity.Object, exactly 1 of the partial classes needs to be in a file with the same filename. This is to know the one that can be referenced from ie. GameObjects
2026-03-24T08:14:51.146Z|0x6798|'Packages/com.unity.cinemachine/Editor/Editors/CinemachineVirtualCameraBaseEditor.cs' contains partial class of Unity.Object, exactly 1 of the partial classes needs to be in a file with the same filename. This is to know the one that can be referenced from ie. GameObjects
2026-03-24T08:14:51.178Z|0x6798|Refreshing native plugins compatible for Editor in 0.36 ms, found 2 plugins.
2026-03-24T08:14:51.312Z|0x6798|Native extension for Android target not found
2026-03-24T08:14:51.321Z|0x6798|Native extension for WindowsStandalone target not found
2026-03-24T08:14:51.321Z|0x6798|Native extension for WebGL target not found
2026-03-24T08:14:51.488Z|0x6798|Assembly reference Packages/com.unity.cinemachine/Editor/Samples/ExposeHDRPInternals/HDRP-Editor-ref.asmref has no target assembly definition
[Package Manager] Failed to launch server process. Reason: Unity was launched with the -noUpm command-line argument
2026-03-24T08:14:51.734Z|0x6798|[Package Manager] Unable to send message (not connected to server process).
2026-03-24T08:14:51.734Z|0x6798|[Package Manager] Cannot connect to Unity Package Manager local server
2026-03-24T08:14:51.748Z|0x6798|[Package Manager] Failed to launch server process. Reason: Unity was launched with the -noUpm command-line argument
2026-03-24T08:14:51.748Z|0x6798|[Package Manager] Unable to send message (not connected to server process).
2026-03-24T08:14:51.748Z|0x6798|[Package Manager] Cannot connect to Unity Package Manager local server
2026-03-24T08:14:52.051Z|0x6798|ScheduleIndexationOnStartup MainProcess:False IndexOnStartup:True
Mono: successfully reloaded assembly
2026-03-24T08:14:52.123Z|0x6798|- Finished resetting the current domain, in  0.945 seconds
2026-03-24T08:14:52.123Z|0x6798|Domain Reload Profiling: 1792ms
	BeginReloadAssembly (232ms)
		ExecutionOrderSort (0ms)
		DisableScriptedObjects (7ms)
		BackupInstance (0ms)
		ReleaseScriptingObjects (0ms)
		CreateAndSetChildDomain (57ms)
	RebuildCommonClasses (44ms)
	RebuildNativeTypeToScriptingClass (15ms)
	initialDomainReloadingComplete (32ms)
	LoadAllAssembliesAndSetupDomain (524ms)
		LoadAssemblies (424ms)
		RebuildTransferFunctionScriptingTraits (0ms)
		AnalyzeDomain (210ms)
			TypeCache.Refresh (8ms)
				TypeCache.ScanAssembly (0ms)
			BuildScriptInfoCaches (186ms)
			ResolveRequiredComponents (10ms)
	FinalizeReload (945ms)
		ReleaseScriptCaches (0ms)
		RebuildScriptCaches (0ms)
		SetupLoadedEditorAssemblies (767ms)
			LogAssemblyErrors (0ms)
			InitializePlatformSupportModulesInManaged (12ms)
			SetLoadedEditorAssemblies (8ms)
			BeforeProcessingInitializeOnLoad (224ms)
			ProcessInitializeOnLoadAttributes (423ms)
			ProcessInitializeOnLoadMethodAttributes (93ms)
			AfterProcessingInitializeOnLoad (6ms)
			EditorAssembliesLoaded (0ms)
		ExecutionOrderSort2 (0ms)
		AwakeInstancesAfterBackupRestoration (19ms)
2026-03-24T08:14:52.646Z|0x6798|Refreshing native plugins compatible for Editor in 1.00 ms, found 2 plugins.
2026-03-24T08:14:52.646Z|0x6798|Preloading 0 native plugins for Editor in 0.00 ms.
2026-03-24T08:14:52.648Z|0x19cc4|Unloading 17 Unused Serialized files (Serialized files now loaded: 0)
2026-03-24T08:14:52.674Z|0x6798|Unloading 4702 unused Assets / (4.2 MB). Loaded Objects now: 5542.
Memory consumption went from 137.0 MB to 132.8 MB.
2026-03-24T08:14:52.674Z|0x6798|Total: 25.619600 ms (FindLiveObjects: 1.710800 ms CreateObjectMapping: 1.826700 ms MarkObjects: 15.127600 ms  DeleteObjects: 6.951100 ms)

2026-03-24T08:14:52.674Z|0x6798|Prepare: number of updated asset objects reloaded= 0
2026-03-24T08:17:59.220Z|0x6798|========================================================================
2026-03-24T08:17:59.220Z|0x6798|Received Prepare
2026-03-24T08:17:59.296Z|0x6798|Assembly reference Packages/com.unity.cinemachine/Editor/Samples/ExposeHDRPInternals/HDRP-Editor-ref.asmref has no target assembly definition
Assembly reference Packages/com.unity.cinemachine/Editor/Samples/ExposeHDRPInternals/HDRP-Editor-ref.asmref has no target assembly definition
Begin MonoManager ReloadAssembly
2026-03-24T08:17:59.471Z|0x6798|[Licensing::Client] Successfully resolved entitlement details
2026-03-24T08:18:00.345Z|0x6798|- Loaded All Assemblies, in  0.876 seconds
2026-03-24T08:18:00.514Z|0x6798|Assembly reference Packages/com.unity.cinemachine/Editor/Samples/ExposeHDRPInternals/HDRP-Editor-ref.asmref has no target assembly definition
'Packages/com.unity.cinemachine/Editor/Obsolete/CinemachineVirtualCameraBaseEditor.cs' contains partial class of Unity.Object, exactly 1 of the partial classes needs to be in a file with the same filename. This is to know the one that can be referenced from ie. GameObjects
2026-03-24T08:18:00.639Z|0x6798|'Packages/com.unity.cinemachine/Editor/Editors/CinemachineVirtualCameraBaseEditor.cs' contains partial class of Unity.Object, exactly 1 of the partial classes needs to be in a file with the same filename. This is to know the one that can be referenced from ie. GameObjects
2026-03-24T08:18:00.669Z|0x6798|Refreshing native plugins compatible for Editor in 0.36 ms, found 2 plugins.
2026-03-24T08:18:00.804Z|0x6798|Native extension for Android target not found
2026-03-24T08:18:00.812Z|0x6798|Native extension for WindowsStandalone target not found
2026-03-24T08:18:00.813Z|0x6798|Native extension for WebGL target not found
2026-03-24T08:18:00.972Z|0x6798|Assembly reference Packages/com.unity.cinemachine/Editor/Samples/ExposeHDRPInternals/HDRP-Editor-ref.asmref has no target assembly definition
[Package Manager] Failed to launch server process. Reason: Unity was launched with the -noUpm command-line argument
2026-03-24T08:18:01.226Z|0x6798|[Package Manager] Unable to send message (not connected to server process).
2026-03-24T08:18:01.226Z|0x6798|[Package Manager] Cannot connect to Unity Package Manager local server
2026-03-24T08:18:01.242Z|0x6798|[Package Manager] Failed to launch server process. Reason: Unity was launched with the -noUpm command-line argument
2026-03-24T08:18:01.242Z|0x6798|[Package Manager] Unable to send message (not connected to server process).
2026-03-24T08:18:01.242Z|0x6798|[Package Manager] Cannot connect to Unity Package Manager local server
2026-03-24T08:18:01.585Z|0x6798|ScheduleIndexationOnStartup MainProcess:False IndexOnStartup:True
Mono: successfully reloaded assembly
2026-03-24T08:18:01.663Z|0x6798|- Finished resetting the current domain, in  0.993 seconds
2026-03-24T08:18:01.664Z|0x6798|Domain Reload Profiling: 1870ms
	BeginReloadAssembly (245ms)
		ExecutionOrderSort (0ms)
		DisableScriptedObjects (9ms)
		BackupInstance (0ms)
		ReleaseScriptingObjects (0ms)
		CreateAndSetChildDomain (59ms)
	RebuildCommonClasses (46ms)
	RebuildNativeTypeToScriptingClass (16ms)
	initialDomainReloadingComplete (33ms)
	LoadAllAssembliesAndSetupDomain (537ms)
		LoadAssemblies (429ms)
		RebuildTransferFunctionScriptingTraits (0ms)
		AnalyzeDomain (224ms)
			TypeCache.Refresh (10ms)
				TypeCache.ScanAssembly (0ms)
			BuildScriptInfoCaches (196ms)
			ResolveRequiredComponents (11ms)
	FinalizeReload (994ms)
		ReleaseScriptCaches (0ms)
		RebuildScriptCaches (0ms)
		SetupLoadedEditorAssemblies (812ms)
			LogAssemblyErrors (0ms)
			InitializePlatformSupportModulesInManaged (12ms)
			SetLoadedEditorAssemblies (7ms)
			BeforeProcessingInitializeOnLoad (220ms)
			ProcessInitializeOnLoadAttributes (459ms)
			ProcessInitializeOnLoadMethodAttributes (107ms)
			AfterProcessingInitializeOnLoad (6ms)
			EditorAssembliesLoaded (0ms)
		ExecutionOrderSort2 (0ms)
		AwakeInstancesAfterBackupRestoration (21ms)
2026-03-24T08:18:02.205Z|0x6798|Refreshing native plugins compatible for Editor in 1.40 ms, found 2 plugins.
2026-03-24T08:18:02.205Z|0x6798|Preloading 0 native plugins for Editor in 0.00 ms.
2026-03-24T08:18:02.207Z|0xaf98|Unloading 17 Unused Serialized files (Serialized files now loaded: 0)
2026-03-24T08:18:02.234Z|0x6798|Unloading 4702 unused Assets / (4.2 MB). Loaded Objects now: 5545.
Memory consumption went from 137.0 MB to 132.8 MB.
2026-03-24T08:18:02.234Z|0x6798|Total: 26.559900 ms (FindLiveObjects: 1.886000 ms CreateObjectMapping: 2.167000 ms MarkObjects: 15.402900 ms  DeleteObjects: 7.099900 ms)

2026-03-24T08:18:02.234Z|0x6798|Prepare: number of updated asset objects reloaded= 0
2026-03-24T08:18:10.474Z|0x6798|========================================================================
2026-03-24T08:18:10.474Z|0x6798|Received Prepare
2026-03-24T08:18:10.548Z|0x6798|Assembly reference Packages/com.unity.cinemachine/Editor/Samples/ExposeHDRPInternals/HDRP-Editor-ref.asmref has no target assembly definition
Assembly reference Packages/com.unity.cinemachine/Editor/Samples/ExposeHDRPInternals/HDRP-Editor-ref.asmref has no target assembly definition
Begin MonoManager ReloadAssembly
2026-03-24T08:18:11.586Z|0x6798|- Loaded All Assemblies, in  0.862 seconds
2026-03-24T08:18:11.744Z|0x6798|Assembly reference Packages/com.unity.cinemachine/Editor/Samples/ExposeHDRPInternals/HDRP-Editor-ref.asmref has no target assembly definition
'Packages/com.unity.cinemachine/Editor/Obsolete/CinemachineVirtualCameraBaseEditor.cs' contains partial class of Unity.Object, exactly 1 of the partial classes needs to be in a file with the same filename. This is to know the one that can be referenced from ie. GameObjects
2026-03-24T08:18:11.867Z|0x6798|'Packages/com.unity.cinemachine/Editor/Editors/CinemachineVirtualCameraBaseEditor.cs' contains partial class of Unity.Object, exactly 1 of the partial classes needs to be in a file with the same filename. This is to know the one that can be referenced from ie. GameObjects
2026-03-24T08:18:11.898Z|0x6798|Refreshing native plugins compatible for Editor in 0.42 ms, found 2 plugins.
2026-03-24T08:18:12.039Z|0x6798|Native extension for Android target not found
2026-03-24T08:18:12.047Z|0x6798|Native extension for WindowsStandalone target not found
2026-03-24T08:18:12.047Z|0x6798|Native extension for WebGL target not found
2026-03-24T08:18:12.213Z|0x6798|Assembly reference Packages/com.unity.cinemachine/Editor/Samples/ExposeHDRPInternals/HDRP-Editor-ref.asmref has no target assembly definition
[Package Manager] Failed to launch server process. Reason: Unity was launched with the -noUpm command-line argument
2026-03-24T08:18:12.458Z|0x6798|[Package Manager] Unable to send message (not connected to server process).
2026-03-24T08:18:12.458Z|0x6798|[Package Manager] Cannot connect to Unity Package Manager local server
2026-03-24T08:18:12.472Z|0x6798|[Package Manager] Failed to launch server process. Reason: Unity was launched with the -noUpm command-line argument
2026-03-24T08:18:12.472Z|0x6798|[Package Manager] Unable to send message (not connected to server process).
2026-03-24T08:18:12.472Z|0x6798|[Package Manager] Cannot connect to Unity Package Manager local server
2026-03-24T08:18:12.777Z|0x6798|ScheduleIndexationOnStartup MainProcess:False IndexOnStartup:True
Mono: successfully reloaded assembly
2026-03-24T08:18:12.852Z|0x6798|- Finished resetting the current domain, in  0.953 seconds
2026-03-24T08:18:12.852Z|0x6798|Domain Reload Profiling: 1815ms
	BeginReloadAssembly (238ms)
		ExecutionOrderSort (0ms)
		DisableScriptedObjects (8ms)
		BackupInstance (0ms)
		ReleaseScriptingObjects (0ms)
		CreateAndSetChildDomain (56ms)
	RebuildCommonClasses (43ms)
	RebuildNativeTypeToScriptingClass (15ms)
	initialDomainReloadingComplete (31ms)
	LoadAllAssembliesAndSetupDomain (535ms)
		LoadAssemblies (433ms)
		RebuildTransferFunctionScriptingTraits (0ms)
		AnalyzeDomain (217ms)
			TypeCache.Refresh (8ms)
				TypeCache.ScanAssembly (0ms)
			BuildScriptInfoCaches (192ms)
			ResolveRequiredComponents (11ms)
	FinalizeReload (953ms)
		ReleaseScriptCaches (0ms)
		RebuildScriptCaches (0ms)
		SetupLoadedEditorAssemblies (767ms)
			LogAssemblyErrors (0ms)
			InitializePlatformSupportModulesInManaged (12ms)
			SetLoadedEditorAssemblies (8ms)
			BeforeProcessingInitializeOnLoad (227ms)
			ProcessInitializeOnLoadAttributes (421ms)
			ProcessInitializeOnLoadMethodAttributes (92ms)
			AfterProcessingInitializeOnLoad (6ms)
			EditorAssembliesLoaded (1ms)
		ExecutionOrderSort2 (0ms)
		AwakeInstancesAfterBackupRestoration (18ms)
2026-03-24T08:18:13.364Z|0x6798|Refreshing native plugins compatible for Editor in 1.26 ms, found 2 plugins.
2026-03-24T08:18:13.364Z|0x6798|Preloading 0 native plugins for Editor in 0.00 ms.
2026-03-24T08:18:13.366Z|0x7900|Unloading 17 Unused Serialized files (Serialized files now loaded: 0)
2026-03-24T08:18:13.391Z|0x6798|Unloading 4702 unused Assets / (4.0 MB). Loaded Objects now: 5548.
Memory consumption went from 137.0 MB to 132.9 MB.
2026-03-24T08:18:13.391Z|0x6798|Total: 25.001800 ms (FindLiveObjects: 1.794200 ms CreateObjectMapping: 1.984600 ms MarkObjects: 14.837200 ms  DeleteObjects: 6.382200 ms)

2026-03-24T08:18:13.391Z|0x6798|Prepare: number of updated asset objects reloaded= 0
2026-03-24T08:19:07.774Z|0x6798|========================================================================
2026-03-24T08:19:07.775Z|0x6798|Received Prepare
2026-03-24T08:19:07.849Z|0x6798|Assembly reference Packages/com.unity.cinemachine/Editor/Samples/ExposeHDRPInternals/HDRP-Editor-ref.asmref has no target assembly definition
Assembly reference Packages/com.unity.cinemachine/Editor/Samples/ExposeHDRPInternals/HDRP-Editor-ref.asmref has no target assembly definition
Begin MonoManager ReloadAssembly
2026-03-24T08:19:08.023Z|0x6798|[Licensing::Client] Successfully resolved entitlement details
2026-03-24T08:19:08.861Z|0x6798|- Loaded All Assemblies, in  0.840 seconds
2026-03-24T08:19:09.020Z|0x6798|Assembly reference Packages/com.unity.cinemachine/Editor/Samples/ExposeHDRPInternals/HDRP-Editor-ref.asmref has no target assembly definition
'Packages/com.unity.cinemachine/Editor/Obsolete/CinemachineVirtualCameraBaseEditor.cs' contains partial class of Unity.Object, exactly 1 of the partial classes needs to be in a file with the same filename. This is to know the one that can be referenced from ie. GameObjects
2026-03-24T08:19:09.142Z|0x6798|'Packages/com.unity.cinemachine/Editor/Editors/CinemachineVirtualCameraBaseEditor.cs' contains partial class of Unity.Object, exactly 1 of the partial classes needs to be in a file with the same filename. This is to know the one that can be referenced from ie. GameObjects
2026-03-24T08:19:09.172Z|0x6798|Refreshing native plugins compatible for Editor in 0.45 ms, found 2 plugins.
2026-03-24T08:19:09.301Z|0x6798|Native extension for Android target not found
2026-03-24T08:19:09.309Z|0x6798|Native extension for WindowsStandalone target not found
2026-03-24T08:19:09.310Z|0x6798|Native extension for WebGL target not found
2026-03-24T08:19:09.484Z|0x6798|Assembly reference Packages/com.unity.cinemachine/Editor/Samples/ExposeHDRPInternals/HDRP-Editor-ref.asmref has no target assembly definition
[Package Manager] Failed to launch server process. Reason: Unity was launched with the -noUpm command-line argument
2026-03-24T08:19:09.743Z|0x6798|[Package Manager] Unable to send message (not connected to server process).
2026-03-24T08:19:09.743Z|0x6798|[Package Manager] Cannot connect to Unity Package Manager local server
2026-03-24T08:19:09.758Z|0x6798|[Package Manager] Failed to launch server process. Reason: Unity was launched with the -noUpm command-line argument
2026-03-24T08:19:09.758Z|0x6798|[Package Manager] Unable to send message (not connected to server process).
2026-03-24T08:19:09.758Z|0x6798|[Package Manager] Cannot connect to Unity Package Manager local server
2026-03-24T08:19:10.062Z|0x6798|ScheduleIndexationOnStartup MainProcess:False IndexOnStartup:True
Mono: successfully reloaded assembly
2026-03-24T08:19:10.129Z|0x6798|- Finished resetting the current domain, in  0.957 seconds
2026-03-24T08:19:10.130Z|0x6798|Domain Reload Profiling: 1798ms
	BeginReloadAssembly (238ms)
		ExecutionOrderSort (0ms)
		DisableScriptedObjects (7ms)
		BackupInstance (0ms)
		ReleaseScriptingObjects (0ms)
		CreateAndSetChildDomain (55ms)
	RebuildCommonClasses (43ms)
	RebuildNativeTypeToScriptingClass (16ms)
	initialDomainReloadingComplete (32ms)
	LoadAllAssembliesAndSetupDomain (510ms)
		LoadAssemblies (409ms)
		RebuildTransferFunctionScriptingTraits (0ms)
		AnalyzeDomain (214ms)
			TypeCache.Refresh (11ms)
				TypeCache.ScanAssembly (0ms)
			BuildScriptInfoCaches (186ms)
			ResolveRequiredComponents (11ms)
	FinalizeReload (958ms)
		ReleaseScriptCaches (0ms)
		RebuildScriptCaches (0ms)
		SetupLoadedEditorAssemblies (786ms)
			LogAssemblyErrors (0ms)
			InitializePlatformSupportModulesInManaged (12ms)
			SetLoadedEditorAssemblies (8ms)
			BeforeProcessingInitializeOnLoad (233ms)
			ProcessInitializeOnLoadAttributes (442ms)
			ProcessInitializeOnLoadMethodAttributes (85ms)
			AfterProcessingInitializeOnLoad (6ms)
			EditorAssembliesLoaded (0ms)
		ExecutionOrderSort2 (0ms)
		AwakeInstancesAfterBackupRestoration (17ms)
2026-03-24T08:19:10.594Z|0x6798|Refreshing native plugins compatible for Editor in 0.72 ms, found 2 plugins.
2026-03-24T08:19:10.594Z|0x6798|Preloading 0 native plugins for Editor in 0.00 ms.
2026-03-24T08:19:10.596Z|0x19a78|Unloading 17 Unused Serialized files (Serialized files now loaded: 0)
2026-03-24T08:19:10.619Z|0x6798|Unloading 4702 unused Assets / (3.9 MB). Loaded Objects now: 5551.
Memory consumption went from 137.1 MB to 133.1 MB.
2026-03-24T08:19:10.619Z|0x6798|Total: 23.189900 ms (FindLiveObjects: 1.782100 ms CreateObjectMapping: 1.807400 ms MarkObjects: 13.797700 ms  DeleteObjects: 5.798000 ms)

2026-03-24T08:19:10.619Z|0x6798|Prepare: number of updated asset objects reloaded= 0
2026-03-24T08:19:14.398Z|0x6798|========================================================================
2026-03-24T08:19:14.398Z|0x6798|Received Prepare
2026-03-24T08:19:14.472Z|0x6798|Assembly reference Packages/com.unity.cinemachine/Editor/Samples/ExposeHDRPInternals/HDRP-Editor-ref.asmref has no target assembly definition
Assembly reference Packages/com.unity.cinemachine/Editor/Samples/ExposeHDRPInternals/HDRP-Editor-ref.asmref has no target assembly definition
Begin MonoManager ReloadAssembly
2026-03-24T08:19:15.464Z|0x6798|- Loaded All Assemblies, in  0.822 seconds
2026-03-24T08:19:15.627Z|0x6798|Assembly reference Packages/com.unity.cinemachine/Editor/Samples/ExposeHDRPInternals/HDRP-Editor-ref.asmref has no target assembly definition
'Packages/com.unity.cinemachine/Editor/Obsolete/CinemachineVirtualCameraBaseEditor.cs' contains partial class of Unity.Object, exactly 1 of the partial classes needs to be in a file with the same filename. This is to know the one that can be referenced from ie. GameObjects
2026-03-24T08:19:15.749Z|0x6798|'Packages/com.unity.cinemachine/Editor/Editors/CinemachineVirtualCameraBaseEditor.cs' contains partial class of Unity.Object, exactly 1 of the partial classes needs to be in a file with the same filename. This is to know the one that can be referenced from ie. GameObjects
2026-03-24T08:19:15.780Z|0x6798|Refreshing native plugins compatible for Editor in 0.52 ms, found 2 plugins.
2026-03-24T08:19:15.916Z|0x6798|Native extension for Android target not found
2026-03-24T08:19:15.924Z|0x6798|Native extension for WindowsStandalone target not found
2026-03-24T08:19:15.924Z|0x6798|Native extension for WebGL target not found
2026-03-24T08:19:16.088Z|0x6798|Assembly reference Packages/com.unity.cinemachine/Editor/Samples/ExposeHDRPInternals/HDRP-Editor-ref.asmref has no target assembly definition
[Package Manager] Failed to launch server process. Reason: Unity was launched with the -noUpm command-line argument
2026-03-24T08:19:16.336Z|0x6798|[Package Manager] Unable to send message (not connected to server process).
2026-03-24T08:19:16.337Z|0x6798|[Package Manager] Cannot connect to Unity Package Manager local server
2026-03-24T08:19:16.350Z|0x6798|[Package Manager] Failed to launch server process. Reason: Unity was launched with the -noUpm command-line argument
2026-03-24T08:19:16.350Z|0x6798|[Package Manager] Unable to send message (not connected to server process).
2026-03-24T08:19:16.350Z|0x6798|[Package Manager] Cannot connect to Unity Package Manager local server
2026-03-24T08:19:16.650Z|0x6798|ScheduleIndexationOnStartup MainProcess:False IndexOnStartup:True
Mono: successfully reloaded assembly
2026-03-24T08:19:16.723Z|0x6798|- Finished resetting the current domain, in  0.943 seconds
2026-03-24T08:19:16.724Z|0x6798|Domain Reload Profiling: 1766ms
	BeginReloadAssembly (225ms)
		ExecutionOrderSort (0ms)
		DisableScriptedObjects (7ms)
		BackupInstance (0ms)
		ReleaseScriptingObjects (0ms)
		CreateAndSetChildDomain (52ms)
	RebuildCommonClasses (44ms)
	RebuildNativeTypeToScriptingClass (15ms)
	initialDomainReloadingComplete (31ms)
	LoadAllAssembliesAndSetupDomain (507ms)
		LoadAssemblies (405ms)
		RebuildTransferFunctionScriptingTraits (0ms)
		AnalyzeDomain (209ms)
			TypeCache.Refresh (8ms)
				TypeCache.ScanAssembly (0ms)
			BuildScriptInfoCaches (185ms)
			ResolveRequiredComponents (11ms)
	FinalizeReload (944ms)
		ReleaseScriptCaches (0ms)
		RebuildScriptCaches (0ms)
		SetupLoadedEditorAssemblies (763ms)
			LogAssemblyErrors (0ms)
			InitializePlatformSupportModulesInManaged (12ms)
			SetLoadedEditorAssemblies (8ms)
			BeforeProcessingInitializeOnLoad (223ms)
			ProcessInitializeOnLoadAttributes (417ms)
			ProcessInitializeOnLoadMethodAttributes (98ms)
			AfterProcessingInitializeOnLoad (6ms)
			EditorAssembliesLoaded (0ms)
		ExecutionOrderSort2 (0ms)
		AwakeInstancesAfterBackupRestoration (18ms)
2026-03-24T08:19:17.263Z|0x6798|Refreshing native plugins compatible for Editor in 0.76 ms, found 2 plugins.
2026-03-24T08:19:17.263Z|0x6798|Preloading 0 native plugins for Editor in 0.00 ms.
2026-03-24T08:19:17.264Z|0x953c|Unloading 17 Unused Serialized files (Serialized files now loaded: 0)
2026-03-24T08:19:17.287Z|0x6798|Unloading 4702 unused Assets / (3.9 MB). Loaded Objects now: 5554.
Memory consumption went from 137.1 MB to 133.3 MB.
2026-03-24T08:19:17.287Z|0x6798|Total: 22.548900 ms (FindLiveObjects: 1.536700 ms CreateObjectMapping: 2.150400 ms MarkObjects: 13.207600 ms  DeleteObjects: 5.651400 ms)

2026-03-24T08:19:17.287Z|0x6798|Prepare: number of updated asset objects reloaded= 0
2026-03-24T08:20:31.662Z|0x6798|========================================================================
2026-03-24T08:20:31.662Z|0x6798|Received Prepare
2026-03-24T08:20:31.738Z|0x6798|Assembly reference Packages/com.unity.cinemachine/Editor/Samples/ExposeHDRPInternals/HDRP-Editor-ref.asmref has no target assembly definition
Assembly reference Packages/com.unity.cinemachine/Editor/Samples/ExposeHDRPInternals/HDRP-Editor-ref.asmref has no target assembly definition
Begin MonoManager ReloadAssembly
2026-03-24T08:20:31.913Z|0x6798|[Licensing::Client] Successfully resolved entitlement details
2026-03-24T08:20:32.750Z|0x6798|- Loaded All Assemblies, in  0.840 seconds
2026-03-24T08:20:32.910Z|0x6798|Assembly reference Packages/com.unity.cinemachine/Editor/Samples/ExposeHDRPInternals/HDRP-Editor-ref.asmref has no target assembly definition
'Packages/com.unity.cinemachine/Editor/Obsolete/CinemachineVirtualCameraBaseEditor.cs' contains partial class of Unity.Object, exactly 1 of the partial classes needs to be in a file with the same filename. This is to know the one that can be referenced from ie. GameObjects
2026-03-24T08:20:33.034Z|0x6798|'Packages/com.unity.cinemachine/Editor/Editors/CinemachineVirtualCameraBaseEditor.cs' contains partial class of Unity.Object, exactly 1 of the partial classes needs to be in a file with the same filename. This is to know the one that can be referenced from ie. GameObjects
2026-03-24T08:20:33.063Z|0x6798|Refreshing native plugins compatible for Editor in 0.48 ms, found 2 plugins.
2026-03-24T08:20:33.204Z|0x6798|Native extension for Android target not found
2026-03-24T08:20:33.213Z|0x6798|Native extension for WindowsStandalone target not found
2026-03-24T08:20:33.213Z|0x6798|Native extension for WebGL target not found
2026-03-24T08:20:33.379Z|0x6798|Assembly reference Packages/com.unity.cinemachine/Editor/Samples/ExposeHDRPInternals/HDRP-Editor-ref.asmref has no target assembly definition
[Package Manager] Failed to launch server process. Reason: Unity was launched with the -noUpm command-line argument
2026-03-24T08:20:33.643Z|0x6798|[Package Manager] Unable to send message (not connected to server process).
2026-03-24T08:20:33.643Z|0x6798|[Package Manager] Cannot connect to Unity Package Manager local server
2026-03-24T08:20:33.658Z|0x6798|[Package Manager] Failed to launch server process. Reason: Unity was launched with the -noUpm command-line argument
2026-03-24T08:20:33.658Z|0x6798|[Package Manager] Unable to send message (not connected to server process).
2026-03-24T08:20:33.658Z|0x6798|[Package Manager] Cannot connect to Unity Package Manager local server
2026-03-24T08:20:33.948Z|0x6798|ScheduleIndexationOnStartup MainProcess:False IndexOnStartup:True
Mono: successfully reloaded assembly
2026-03-24T08:20:34.016Z|0x6798|- Finished resetting the current domain, in  0.952 seconds
2026-03-24T08:20:34.017Z|0x6798|Domain Reload Profiling: 1793ms
	BeginReloadAssembly (232ms)
		ExecutionOrderSort (0ms)
		DisableScriptedObjects (7ms)
		BackupInstance (0ms)
		ReleaseScriptingObjects (0ms)
		CreateAndSetChildDomain (56ms)
	RebuildCommonClasses (43ms)
	RebuildNativeTypeToScriptingClass (15ms)
	initialDomainReloadingComplete (35ms)
	LoadAllAssembliesAndSetupDomain (515ms)
		LoadAssemblies (415ms)
		RebuildTransferFunctionScriptingTraits (0ms)
		AnalyzeDomain (207ms)
			TypeCache.Refresh (10ms)
				TypeCache.ScanAssembly (0ms)
			BuildScriptInfoCaches (181ms)
			ResolveRequiredComponents (11ms)
	FinalizeReload (953ms)
		ReleaseScriptCaches (0ms)
		RebuildScriptCaches (0ms)
		SetupLoadedEditorAssemblies (770ms)
			LogAssemblyErrors (0ms)
			InitializePlatformSupportModulesInManaged (13ms)
			SetLoadedEditorAssemblies (6ms)
			BeforeProcessingInitializeOnLoad (230ms)
			ProcessInitializeOnLoadAttributes (437ms)
			ProcessInitializeOnLoadMethodAttributes (78ms)
			AfterProcessingInitializeOnLoad (6ms)
			EditorAssembliesLoaded (0ms)
		ExecutionOrderSort2 (0ms)
		AwakeInstancesAfterBackupRestoration (18ms)
2026-03-24T08:20:34.424Z|0x6798|Refreshing native plugins compatible for Editor in 1.04 ms, found 2 plugins.
2026-03-24T08:20:34.425Z|0x6798|Preloading 0 native plugins for Editor in 0.00 ms.
2026-03-24T08:20:34.427Z|0xc174|Unloading 17 Unused Serialized files (Serialized files now loaded: 0)
2026-03-24T08:20:34.449Z|0x6798|Unloading 4702 unused Assets / (3.8 MB). Loaded Objects now: 5557.
Memory consumption went from 137.2 MB to 133.3 MB.
2026-03-24T08:20:34.449Z|0x6798|Total: 21.851700 ms (FindLiveObjects: 1.521300 ms CreateObjectMapping: 1.599000 ms MarkObjects: 13.308700 ms  DeleteObjects: 5.418400 ms)

2026-03-24T08:20:34.449Z|0x6798|Prepare: number of updated asset objects reloaded= 0
2026-03-24T08:20:38.213Z|0x6798|========================================================================
2026-03-24T08:20:38.213Z|0x6798|Received Prepare
2026-03-24T08:20:38.288Z|0x6798|Assembly reference Packages/com.unity.cinemachine/Editor/Samples/ExposeHDRPInternals/HDRP-Editor-ref.asmref has no target assembly definition
Assembly reference Packages/com.unity.cinemachine/Editor/Samples/ExposeHDRPInternals/HDRP-Editor-ref.asmref has no target assembly definition
Begin MonoManager ReloadAssembly
2026-03-24T08:20:39.302Z|0x6798|- Loaded All Assemblies, in  0.842 seconds
2026-03-24T08:20:39.470Z|0x6798|Assembly reference Packages/com.unity.cinemachine/Editor/Samples/ExposeHDRPInternals/HDRP-Editor-ref.asmref has no target assembly definition
'Packages/com.unity.cinemachine/Editor/Obsolete/CinemachineVirtualCameraBaseEditor.cs' contains partial class of Unity.Object, exactly 1 of the partial classes needs to be in a file with the same filename. This is to know the one that can be referenced from ie. GameObjects
2026-03-24T08:20:39.598Z|0x6798|'Packages/com.unity.cinemachine/Editor/Editors/CinemachineVirtualCameraBaseEditor.cs' contains partial class of Unity.Object, exactly 1 of the partial classes needs to be in a file with the same filename. This is to know the one that can be referenced from ie. GameObjects
2026-03-24T08:20:39.630Z|0x6798|Refreshing native plugins compatible for Editor in 0.43 ms, found 2 plugins.
2026-03-24T08:20:39.771Z|0x6798|Native extension for Android target not found
2026-03-24T08:20:39.779Z|0x6798|Native extension for WindowsStandalone target not found
2026-03-24T08:20:39.779Z|0x6798|Native extension for WebGL target not found
2026-03-24T08:20:39.937Z|0x6798|Assembly reference Packages/com.unity.cinemachine/Editor/Samples/ExposeHDRPInternals/HDRP-Editor-ref.asmref has no target assembly definition
[Package Manager] Failed to launch server process. Reason: Unity was launched with the -noUpm command-line argument
2026-03-24T08:20:40.173Z|0x6798|[Package Manager] Unable to send message (not connected to server process).
2026-03-24T08:20:40.173Z|0x6798|[Package Manager] Cannot connect to Unity Package Manager local server
2026-03-24T08:20:40.187Z|0x6798|[Package Manager] Failed to launch server process. Reason: Unity was launched with the -noUpm command-line argument
2026-03-24T08:20:40.187Z|0x6798|[Package Manager] Unable to send message (not connected to server process).
2026-03-24T08:20:40.187Z|0x6798|[Package Manager] Cannot connect to Unity Package Manager local server
2026-03-24T08:20:40.477Z|0x6798|ScheduleIndexationOnStartup MainProcess:False IndexOnStartup:True
Mono: successfully reloaded assembly
2026-03-24T08:20:40.545Z|0x6798|- Finished resetting the current domain, in  0.915 seconds
2026-03-24T08:20:40.546Z|0x6798|Domain Reload Profiling: 1758ms
	BeginReloadAssembly (225ms)
		ExecutionOrderSort (0ms)
		DisableScriptedObjects (7ms)
		BackupInstance (0ms)
		ReleaseScriptingObjects (0ms)
		CreateAndSetChildDomain (55ms)
	RebuildCommonClasses (43ms)
	RebuildNativeTypeToScriptingClass (15ms)
	initialDomainReloadingComplete (31ms)
	LoadAllAssembliesAndSetupDomain (528ms)
		LoadAssemblies (425ms)
		RebuildTransferFunctionScriptingTraits (0ms)
		AnalyzeDomain (208ms)
			TypeCache.Refresh (8ms)
				TypeCache.ScanAssembly (0ms)
			BuildScriptInfoCaches (184ms)
			ResolveRequiredComponents (11ms)
	FinalizeReload (916ms)
		ReleaseScriptCaches (0ms)
		RebuildScriptCaches (0ms)
		SetupLoadedEditorAssemblies (732ms)
			LogAssemblyErrors (0ms)
			InitializePlatformSupportModulesInManaged (11ms)
			SetLoadedEditorAssemblies (6ms)
			BeforeProcessingInitializeOnLoad (221ms)
			ProcessInitializeOnLoadAttributes (409ms)
			ProcessInitializeOnLoadMethodAttributes (80ms)
			AfterProcessingInitializeOnLoad (6ms)
			EditorAssembliesLoaded (0ms)
		ExecutionOrderSort2 (0ms)
		AwakeInstancesAfterBackupRestoration (17ms)
2026-03-24T08:20:41.069Z|0x6798|Refreshing native plugins compatible for Editor in 0.95 ms, found 2 plugins.
2026-03-24T08:20:41.069Z|0x6798|Preloading 0 native plugins for Editor in 0.00 ms.
2026-03-24T08:20:41.071Z|0x67f4|Unloading 17 Unused Serialized files (Serialized files now loaded: 0)
2026-03-24T08:20:41.093Z|0x6798|Unloading 4702 unused Assets / (3.8 MB). Loaded Objects now: 5560.
Memory consumption went from 137.2 MB to 133.4 MB.
2026-03-24T08:20:41.093Z|0x6798|Total: 21.776700 ms (FindLiveObjects: 1.753400 ms CreateObjectMapping: 1.686900 ms MarkObjects: 13.088500 ms  DeleteObjects: 5.244900 ms)

2026-03-24T08:20:41.093Z|0x6798|Prepare: number of updated asset objects reloaded= 0
2026-03-24T08:21:23.538Z|0x6798|========================================================================
2026-03-24T08:21:23.538Z|0x6798|Received Prepare
2026-03-24T08:21:23.610Z|0x6798|Assembly reference Packages/com.unity.cinemachine/Editor/Samples/ExposeHDRPInternals/HDRP-Editor-ref.asmref has no target assembly definition
Assembly reference Packages/com.unity.cinemachine/Editor/Samples/ExposeHDRPInternals/HDRP-Editor-ref.asmref has no target assembly definition
Begin MonoManager ReloadAssembly
2026-03-24T08:21:24.618Z|0x6798|- Loaded All Assemblies, in  0.832 seconds
2026-03-24T08:21:24.776Z|0x6798|Assembly reference Packages/com.unity.cinemachine/Editor/Samples/ExposeHDRPInternals/HDRP-Editor-ref.asmref has no target assembly definition
'Packages/com.unity.cinemachine/Editor/Obsolete/CinemachineVirtualCameraBaseEditor.cs' contains partial class of Unity.Object, exactly 1 of the partial classes needs to be in a file with the same filename. This is to know the one that can be referenced from ie. GameObjects
2026-03-24T08:21:24.899Z|0x6798|'Packages/com.unity.cinemachine/Editor/Editors/CinemachineVirtualCameraBaseEditor.cs' contains partial class of Unity.Object, exactly 1 of the partial classes needs to be in a file with the same filename. This is to know the one that can be referenced from ie. GameObjects
2026-03-24T08:21:24.929Z|0x6798|Refreshing native plugins compatible for Editor in 0.56 ms, found 2 plugins.
2026-03-24T08:21:25.070Z|0x6798|Native extension for Android target not found
2026-03-24T08:21:25.078Z|0x6798|Native extension for WindowsStandalone target not found
2026-03-24T08:21:25.078Z|0x6798|Native extension for WebGL target not found
2026-03-24T08:21:25.240Z|0x6798|Assembly reference Packages/com.unity.cinemachine/Editor/Samples/ExposeHDRPInternals/HDRP-Editor-ref.asmref has no target assembly definition
[Package Manager] Failed to launch server process. Reason: Unity was launched with the -noUpm command-line argument
2026-03-24T08:21:25.482Z|0x6798|[Package Manager] Unable to send message (not connected to server process).
2026-03-24T08:21:25.482Z|0x6798|[Package Manager] Cannot connect to Unity Package Manager local server
2026-03-24T08:21:25.496Z|0x6798|[Package Manager] Failed to launch server process. Reason: Unity was launched with the -noUpm command-line argument
2026-03-24T08:21:25.496Z|0x6798|[Package Manager] Unable to send message (not connected to server process).
2026-03-24T08:21:25.496Z|0x6798|[Package Manager] Cannot connect to Unity Package Manager local server
2026-03-24T08:21:25.795Z|0x6798|ScheduleIndexationOnStartup MainProcess:False IndexOnStartup:True
Mono: successfully reloaded assembly
2026-03-24T08:21:25.866Z|0x6798|- Finished resetting the current domain, in  0.936 seconds
2026-03-24T08:21:25.867Z|0x6798|Domain Reload Profiling: 1769ms
	BeginReloadAssembly (226ms)
		ExecutionOrderSort (0ms)
		DisableScriptedObjects (7ms)
		BackupInstance (0ms)
		ReleaseScriptingObjects (0ms)
		CreateAndSetChildDomain (51ms)
	RebuildCommonClasses (44ms)
	RebuildNativeTypeToScriptingClass (15ms)
	initialDomainReloadingComplete (31ms)
	LoadAllAssembliesAndSetupDomain (516ms)
		LoadAssemblies (409ms)
		RebuildTransferFunctionScriptingTraits (0ms)
		AnalyzeDomain (217ms)
			TypeCache.Refresh (8ms)
				TypeCache.ScanAssembly (0ms)
			BuildScriptInfoCaches (194ms)
			ResolveRequiredComponents (10ms)
	FinalizeReload (937ms)
		ReleaseScriptCaches (0ms)
		RebuildScriptCaches (0ms)
		SetupLoadedEditorAssemblies (752ms)
			LogAssemblyErrors (0ms)
			InitializePlatformSupportModulesInManaged (12ms)
			SetLoadedEditorAssemblies (6ms)
			BeforeProcessingInitializeOnLoad (228ms)
			ProcessInitializeOnLoadAttributes (415ms)
			ProcessInitializeOnLoadMethodAttributes (85ms)
			AfterProcessingInitializeOnLoad (6ms)
			EditorAssembliesLoaded (0ms)
		ExecutionOrderSort2 (0ms)
		AwakeInstancesAfterBackupRestoration (18ms)
2026-03-24T08:21:26.371Z|0x6798|Refreshing native plugins compatible for Editor in 1.18 ms, found 2 plugins.
2026-03-24T08:21:26.371Z|0x6798|Preloading 0 native plugins for Editor in 0.00 ms.
2026-03-24T08:21:26.372Z|0x126bc|Unloading 17 Unused Serialized files (Serialized files now loaded: 0)
2026-03-24T08:21:26.395Z|0x6798|Unloading 4702 unused Assets / (3.8 MB). Loaded Objects now: 5563.
Memory consumption went from 137.2 MB to 133.4 MB.
2026-03-24T08:21:26.395Z|0x6798|Total: 23.029300 ms (FindLiveObjects: 1.407700 ms CreateObjectMapping: 1.718200 ms MarkObjects: 14.064100 ms  DeleteObjects: 5.834700 ms)

2026-03-24T08:21:26.396Z|0x6798|Prepare: number of updated asset objects reloaded= 0
2026-03-24T08:21:57.353Z|0x6798|========================================================================
2026-03-24T08:21:57.353Z|0x6798|Received Prepare
2026-03-24T08:21:57.429Z|0x6798|Assembly reference Packages/com.unity.cinemachine/Editor/Samples/ExposeHDRPInternals/HDRP-Editor-ref.asmref has no target assembly definition
Assembly reference Packages/com.unity.cinemachine/Editor/Samples/ExposeHDRPInternals/HDRP-Editor-ref.asmref has no target assembly definition
Begin MonoManager ReloadAssembly
2026-03-24T08:21:57.606Z|0x6798|[Licensing::Client] Successfully resolved entitlement details
2026-03-24T08:21:58.440Z|0x6798|- Loaded All Assemblies, in  0.837 seconds
2026-03-24T08:21:58.598Z|0x6798|Assembly reference Packages/com.unity.cinemachine/Editor/Samples/ExposeHDRPInternals/HDRP-Editor-ref.asmref has no target assembly definition
'Packages/com.unity.cinemachine/Editor/Obsolete/CinemachineVirtualCameraBaseEditor.cs' contains partial class of Unity.Object, exactly 1 of the partial classes needs to be in a file with the same filename. This is to know the one that can be referenced from ie. GameObjects
2026-03-24T08:21:58.722Z|0x6798|'Packages/com.unity.cinemachine/Editor/Editors/CinemachineVirtualCameraBaseEditor.cs' contains partial class of Unity.Object, exactly 1 of the partial classes needs to be in a file with the same filename. This is to know the one that can be referenced from ie. GameObjects
2026-03-24T08:21:58.754Z|0x6798|Refreshing native plugins compatible for Editor in 0.55 ms, found 2 plugins.
2026-03-24T08:21:58.896Z|0x6798|Native extension for Android target not found
2026-03-24T08:21:58.904Z|0x6798|Native extension for WindowsStandalone target not found
2026-03-24T08:21:58.904Z|0x6798|Native extension for WebGL target not found
2026-03-24T08:21:59.066Z|0x6798|Assembly reference Packages/com.unity.cinemachine/Editor/Samples/ExposeHDRPInternals/HDRP-Editor-ref.asmref has no target assembly definition
[Package Manager] Failed to launch server process. Reason: Unity was launched with the -noUpm command-line argument
2026-03-24T08:21:59.305Z|0x6798|[Package Manager] Unable to send message (not connected to server process).
2026-03-24T08:21:59.305Z|0x6798|[Package Manager] Cannot connect to Unity Package Manager local server
2026-03-24T08:21:59.321Z|0x6798|[Package Manager] Failed to launch server process. Reason: Unity was launched with the -noUpm command-line argument
2026-03-24T08:21:59.321Z|0x6798|[Package Manager] Unable to send message (not connected to server process).
2026-03-24T08:21:59.321Z|0x6798|[Package Manager] Cannot connect to Unity Package Manager local server
2026-03-24T08:21:59.608Z|0x6798|ScheduleIndexationOnStartup MainProcess:False IndexOnStartup:True
Mono: successfully reloaded assembly
2026-03-24T08:21:59.672Z|0x6798|- Finished resetting the current domain, in  0.918 seconds
2026-03-24T08:21:59.673Z|0x6798|Domain Reload Profiling: 1755ms
	BeginReloadAssembly (234ms)
		ExecutionOrderSort (0ms)
		DisableScriptedObjects (10ms)
		BackupInstance (0ms)
		ReleaseScriptingObjects (0ms)
		CreateAndSetChildDomain (53ms)
	RebuildCommonClasses (44ms)
	RebuildNativeTypeToScriptingClass (15ms)
	initialDomainReloadingComplete (31ms)
	LoadAllAssembliesAndSetupDomain (512ms)
		LoadAssemblies (398ms)
		RebuildTransferFunctionScriptingTraits (0ms)
		AnalyzeDomain (222ms)
			TypeCache.Refresh (8ms)
				TypeCache.ScanAssembly (0ms)
			BuildScriptInfoCaches (198ms)
			ResolveRequiredComponents (11ms)
	FinalizeReload (918ms)
		ReleaseScriptCaches (0ms)
		RebuildScriptCaches (0ms)
		SetupLoadedEditorAssemblies (737ms)
			LogAssemblyErrors (0ms)
			InitializePlatformSupportModulesInManaged (11ms)
			SetLoadedEditorAssemblies (6ms)
			BeforeProcessingInitializeOnLoad (224ms)
			ProcessInitializeOnLoadAttributes (414ms)
			ProcessInitializeOnLoadMethodAttributes (76ms)
			AfterProcessingInitializeOnLoad (6ms)
			EditorAssembliesLoaded (0ms)
		ExecutionOrderSort2 (0ms)
		AwakeInstancesAfterBackupRestoration (16ms)
2026-03-24T08:22:00.122Z|0x6798|Refreshing native plugins compatible for Editor in 0.94 ms, found 2 plugins.
2026-03-24T08:22:00.122Z|0x6798|Preloading 0 native plugins for Editor in 0.00 ms.
2026-03-24T08:22:00.123Z|0xe8dc|Unloading 17 Unused Serialized files (Serialized files now loaded: 0)
2026-03-24T08:22:00.146Z|0x6798|Unloading 4702 unused Assets / (4.0 MB). Loaded Objects now: 5566.
Memory consumption went from 137.3 MB to 133.3 MB.
2026-03-24T08:22:00.146Z|0x6798|Total: 22.684800 ms (FindLiveObjects: 1.299400 ms CreateObjectMapping: 1.732300 ms MarkObjects: 13.734300 ms  DeleteObjects: 5.914700 ms)

2026-03-24T08:22:00.146Z|0x6798|Prepare: number of updated asset objects reloaded= 0
2026-03-24T08:22:59.284Z|0x6798|========================================================================
2026-03-24T08:22:59.284Z|0x6798|Received Prepare
2026-03-24T08:22:59.365Z|0x6798|Assembly reference Packages/com.unity.cinemachine/Editor/Samples/ExposeHDRPInternals/HDRP-Editor-ref.asmref has no target assembly definition
Assembly reference Packages/com.unity.cinemachine/Editor/Samples/ExposeHDRPInternals/HDRP-Editor-ref.asmref has no target assembly definition
Begin MonoManager ReloadAssembly
2026-03-24T08:22:59.538Z|0x6798|[Licensing::Client] Successfully resolved entitlement details
2026-03-24T08:23:00.389Z|0x6798|- Loaded All Assemblies, in  0.853 seconds
2026-03-24T08:23:00.549Z|0x6798|Assembly reference Packages/com.unity.cinemachine/Editor/Samples/ExposeHDRPInternals/HDRP-Editor-ref.asmref has no target assembly definition
'Packages/com.unity.cinemachine/Editor/Obsolete/CinemachineVirtualCameraBaseEditor.cs' contains partial class of Unity.Object, exactly 1 of the partial classes needs to be in a file with the same filename. This is to know the one that can be referenced from ie. GameObjects
2026-03-24T08:23:00.672Z|0x6798|'Packages/com.unity.cinemachine/Editor/Editors/CinemachineVirtualCameraBaseEditor.cs' contains partial class of Unity.Object, exactly 1 of the partial classes needs to be in a file with the same filename. This is to know the one that can be referenced from ie. GameObjects
2026-03-24T08:23:00.703Z|0x6798|Refreshing native plugins compatible for Editor in 0.53 ms, found 2 plugins.
2026-03-24T08:23:00.846Z|0x6798|Native extension for Android target not found
2026-03-24T08:23:00.854Z|0x6798|Native extension for WindowsStandalone target not found
2026-03-24T08:23:00.855Z|0x6798|Native extension for WebGL target not found
2026-03-24T08:23:01.018Z|0x6798|Assembly reference Packages/com.unity.cinemachine/Editor/Samples/ExposeHDRPInternals/HDRP-Editor-ref.asmref has no target assembly definition
[Package Manager] Failed to launch server process. Reason: Unity was launched with the -noUpm command-line argument
2026-03-24T08:23:01.263Z|0x6798|[Package Manager] Unable to send message (not connected to server process).
2026-03-24T08:23:01.263Z|0x6798|[Package Manager] Cannot connect to Unity Package Manager local server
2026-03-24T08:23:01.276Z|0x6798|[Package Manager] Failed to launch server process. Reason: Unity was launched with the -noUpm command-line argument
2026-03-24T08:23:01.276Z|0x6798|[Package Manager] Unable to send message (not connected to server process).
2026-03-24T08:23:01.276Z|0x6798|[Package Manager] Cannot connect to Unity Package Manager local server
2026-03-24T08:23:01.572Z|0x6798|ScheduleIndexationOnStartup MainProcess:False IndexOnStartup:True
Mono: successfully reloaded assembly
2026-03-24T08:23:01.644Z|0x6798|- Finished resetting the current domain, in  0.941 seconds
2026-03-24T08:23:01.645Z|0x6798|Domain Reload Profiling: 1795ms
	BeginReloadAssembly (232ms)
		ExecutionOrderSort (0ms)
		DisableScriptedObjects (8ms)
		BackupInstance (0ms)
		ReleaseScriptingObjects (0ms)
		CreateAndSetChildDomain (51ms)
	RebuildCommonClasses (45ms)
	RebuildNativeTypeToScriptingClass (16ms)
	initialDomainReloadingComplete (32ms)
	LoadAllAssembliesAndSetupDomain (529ms)
		LoadAssemblies (419ms)
		RebuildTransferFunctionScriptingTraits (0ms)
		AnalyzeDomain (223ms)
			TypeCache.Refresh (8ms)
				TypeCache.ScanAssembly (0ms)
			BuildScriptInfoCaches (199ms)
			ResolveRequiredComponents (11ms)
	FinalizeReload (941ms)
		ReleaseScriptCaches (0ms)
		RebuildScriptCaches (0ms)
		SetupLoadedEditorAssemblies (754ms)
			LogAssemblyErrors (0ms)
			InitializePlatformSupportModulesInManaged (13ms)
			SetLoadedEditorAssemblies (8ms)
			BeforeProcessingInitializeOnLoad (226ms)
			ProcessInitializeOnLoadAttributes (416ms)
			ProcessInitializeOnLoadMethodAttributes (86ms)
			AfterProcessingInitializeOnLoad (5ms)
			EditorAssembliesLoaded (0ms)
		ExecutionOrderSort2 (0ms)
		AwakeInstancesAfterBackupRestoration (18ms)
2026-03-24T08:23:02.153Z|0x6798|Refreshing native plugins compatible for Editor in 1.35 ms, found 2 plugins.
2026-03-24T08:23:02.153Z|0x6798|Preloading 0 native plugins for Editor in 0.00 ms.
2026-03-24T08:23:02.154Z|0x13d04|Unloading 17 Unused Serialized files (Serialized files now loaded: 0)
2026-03-24T08:23:02.177Z|0x6798|Unloading 4702 unused Assets / (4.0 MB). Loaded Objects now: 5569.
Memory consumption went from 137.3 MB to 133.3 MB.
2026-03-24T08:23:02.178Z|0x6798|Total: 23.255600 ms (FindLiveObjects: 1.249000 ms CreateObjectMapping: 1.811200 ms MarkObjects: 13.841100 ms  DeleteObjects: 6.349800 ms)

2026-03-24T08:23:02.178Z|0x6798|Prepare: number of updated asset objects reloaded= 0
2026-03-24T08:23:45.197Z|0x6798|========================================================================
2026-03-24T08:23:45.197Z|0x6798|Received Prepare
2026-03-24T08:23:45.271Z|0x6798|Assembly reference Packages/com.unity.cinemachine/Editor/Samples/ExposeHDRPInternals/HDRP-Editor-ref.asmref has no target assembly definition
Assembly reference Packages/com.unity.cinemachine/Editor/Samples/ExposeHDRPInternals/HDRP-Editor-ref.asmref has no target assembly definition
Begin MonoManager ReloadAssembly
2026-03-24T08:23:46.275Z|0x6798|- Loaded All Assemblies, in  0.833 seconds
2026-03-24T08:23:46.434Z|0x6798|Assembly reference Packages/com.unity.cinemachine/Editor/Samples/ExposeHDRPInternals/HDRP-Editor-ref.asmref has no target assembly definition
'Packages/com.unity.cinemachine/Editor/Obsolete/CinemachineVirtualCameraBaseEditor.cs' contains partial class of Unity.Object, exactly 1 of the partial classes needs to be in a file with the same filename. This is to know the one that can be referenced from ie. GameObjects
2026-03-24T08:23:46.558Z|0x6798|'Packages/com.unity.cinemachine/Editor/Editors/CinemachineVirtualCameraBaseEditor.cs' contains partial class of Unity.Object, exactly 1 of the partial classes needs to be in a file with the same filename. This is to know the one that can be referenced from ie. GameObjects
2026-03-24T08:23:46.588Z|0x6798|Refreshing native plugins compatible for Editor in 0.45 ms, found 2 plugins.
2026-03-24T08:23:46.728Z|0x6798|Native extension for Android target not found
2026-03-24T08:23:46.737Z|0x6798|Native extension for WindowsStandalone target not found
2026-03-24T08:23:46.737Z|0x6798|Native extension for WebGL target not found
2026-03-24T08:23:46.897Z|0x6798|Assembly reference Packages/com.unity.cinemachine/Editor/Samples/ExposeHDRPInternals/HDRP-Editor-ref.asmref has no target assembly definition
[Package Manager] Failed to launch server process. Reason: Unity was launched with the -noUpm command-line argument
2026-03-24T08:23:47.147Z|0x6798|[Package Manager] Unable to send message (not connected to server process).
2026-03-24T08:23:47.147Z|0x6798|[Package Manager] Cannot connect to Unity Package Manager local server
2026-03-24T08:23:47.162Z|0x6798|[Package Manager] Failed to launch server process. Reason: Unity was launched with the -noUpm command-line argument
2026-03-24T08:23:47.162Z|0x6798|[Package Manager] Unable to send message (not connected to server process).
2026-03-24T08:23:47.162Z|0x6798|[Package Manager] Cannot connect to Unity Package Manager local server
2026-03-24T08:23:47.450Z|0x6798|ScheduleIndexationOnStartup MainProcess:False IndexOnStartup:True
Mono: successfully reloaded assembly
2026-03-24T08:23:47.523Z|0x6798|- Finished resetting the current domain, in  0.934 seconds
2026-03-24T08:23:47.524Z|0x6798|Domain Reload Profiling: 1768ms
	BeginReloadAssembly (228ms)
		ExecutionOrderSort (0ms)
		DisableScriptedObjects (7ms)
		BackupInstance (0ms)
		ReleaseScriptingObjects (0ms)
		CreateAndSetChildDomain (54ms)
	RebuildCommonClasses (44ms)
	RebuildNativeTypeToScriptingClass (15ms)
	initialDomainReloadingComplete (32ms)
	LoadAllAssembliesAndSetupDomain (514ms)
		LoadAssemblies (409ms)
		RebuildTransferFunctionScriptingTraits (0ms)
		AnalyzeDomain (213ms)
			TypeCache.Refresh (9ms)
				TypeCache.ScanAssembly (0ms)
			BuildScriptInfoCaches (189ms)
			ResolveRequiredComponents (10ms)
	FinalizeReload (935ms)
		ReleaseScriptCaches (0ms)
		RebuildScriptCaches (0ms)
		SetupLoadedEditorAssemblies (751ms)
			LogAssemblyErrors (0ms)
			InitializePlatformSupportModulesInManaged (12ms)
			SetLoadedEditorAssemblies (6ms)
			BeforeProcessingInitializeOnLoad (225ms)
			ProcessInitializeOnLoadAttributes (420ms)
			ProcessInitializeOnLoadMethodAttributes (82ms)
			AfterProcessingInitializeOnLoad (6ms)
			EditorAssembliesLoaded (0ms)
		ExecutionOrderSort2 (0ms)
		AwakeInstancesAfterBackupRestoration (19ms)
2026-03-24T08:23:48.047Z|0x6798|Refreshing native plugins compatible for Editor in 1.48 ms, found 2 plugins.
2026-03-24T08:23:48.047Z|0x6798|Preloading 0 native plugins for Editor in 0.00 ms.
2026-03-24T08:23:48.048Z|0x9d5c|Unloading 17 Unused Serialized files (Serialized files now loaded: 0)
2026-03-24T08:23:48.071Z|0x6798|Unloading 4702 unused Assets / (4.1 MB). Loaded Objects now: 5572.
Memory consumption went from 137.4 MB to 133.3 MB.
2026-03-24T08:23:48.071Z|0x6798|Total: 23.018500 ms (FindLiveObjects: 1.486800 ms CreateObjectMapping: 1.767100 ms MarkObjects: 13.619800 ms  DeleteObjects: 6.141500 ms)

2026-03-24T08:23:48.071Z|0x6798|Prepare: number of updated asset objects reloaded= 0
2026-03-24T08:24:38.237Z|0x6798|========================================================================
2026-03-24T08:24:38.237Z|0x6798|Received Prepare
2026-03-24T08:24:38.311Z|0x6798|Assembly reference Packages/com.unity.cinemachine/Editor/Samples/ExposeHDRPInternals/HDRP-Editor-ref.asmref has no target assembly definition
Assembly reference Packages/com.unity.cinemachine/Editor/Samples/ExposeHDRPInternals/HDRP-Editor-ref.asmref has no target assembly definition
Begin MonoManager ReloadAssembly
2026-03-24T08:24:38.486Z|0x6798|[Licensing::Client] Successfully resolved entitlement details
2026-03-24T08:24:39.338Z|0x6798|- Loaded All Assemblies, in  0.854 seconds
2026-03-24T08:24:39.497Z|0x6798|Assembly reference Packages/com.unity.cinemachine/Editor/Samples/ExposeHDRPInternals/HDRP-Editor-ref.asmref has no target assembly definition
'Packages/com.unity.cinemachine/Editor/Obsolete/CinemachineVirtualCameraBaseEditor.cs' contains partial class of Unity.Object, exactly 1 of the partial classes needs to be in a file with the same filename. This is to know the one that can be referenced from ie. GameObjects
2026-03-24T08:24:39.622Z|0x6798|'Packages/com.unity.cinemachine/Editor/Editors/CinemachineVirtualCameraBaseEditor.cs' contains partial class of Unity.Object, exactly 1 of the partial classes needs to be in a file with the same filename. This is to know the one that can be referenced from ie. GameObjects
2026-03-24T08:24:39.653Z|0x6798|Refreshing native plugins compatible for Editor in 0.55 ms, found 2 plugins.
2026-03-24T08:24:39.788Z|0x6798|Native extension for Android target not found
2026-03-24T08:24:39.796Z|0x6798|Native extension for WindowsStandalone target not found
2026-03-24T08:24:39.797Z|0x6798|Native extension for WebGL target not found
2026-03-24T08:24:39.957Z|0x6798|Assembly reference Packages/com.unity.cinemachine/Editor/Samples/ExposeHDRPInternals/HDRP-Editor-ref.asmref has no target assembly definition
[Package Manager] Failed to launch server process. Reason: Unity was launched with the -noUpm command-line argument
2026-03-24T08:24:40.202Z|0x6798|[Package Manager] Unable to send message (not connected to server process).
2026-03-24T08:24:40.202Z|0x6798|[Package Manager] Cannot connect to Unity Package Manager local server
2026-03-24T08:24:40.214Z|0x6798|[Package Manager] Failed to launch server process. Reason: Unity was launched with the -noUpm command-line argument
2026-03-24T08:24:40.214Z|0x6798|[Package Manager] Unable to send message (not connected to server process).
2026-03-24T08:24:40.214Z|0x6798|[Package Manager] Cannot connect to Unity Package Manager local server
2026-03-24T08:24:40.520Z|0x6798|ScheduleIndexationOnStartup MainProcess:False IndexOnStartup:True
Mono: successfully reloaded assembly
2026-03-24T08:24:40.591Z|0x6798|- Finished resetting the current domain, in  0.937 seconds
2026-03-24T08:24:40.592Z|0x6798|Domain Reload Profiling: 1792ms
	BeginReloadAssembly (234ms)
		ExecutionOrderSort (0ms)
		DisableScriptedObjects (7ms)
		BackupInstance (0ms)
		ReleaseScriptingObjects (0ms)
		CreateAndSetChildDomain (54ms)
	RebuildCommonClasses (44ms)
	RebuildNativeTypeToScriptingClass (15ms)
	initialDomainReloadingComplete (33ms)
	LoadAllAssembliesAndSetupDomain (527ms)
		LoadAssemblies (423ms)
		RebuildTransferFunctionScriptingTraits (0ms)
		AnalyzeDomain (215ms)
			TypeCache.Refresh (8ms)
				TypeCache.ScanAssembly (0ms)
			BuildScriptInfoCaches (192ms)
			ResolveRequiredComponents (10ms)
	FinalizeReload (938ms)
		ReleaseScriptCaches (0ms)
		RebuildScriptCaches (0ms)
		SetupLoadedEditorAssemblies (758ms)
			LogAssemblyErrors (0ms)
			InitializePlatformSupportModulesInManaged (11ms)
			SetLoadedEditorAssemblies (6ms)
			BeforeProcessingInitializeOnLoad (233ms)
			ProcessInitializeOnLoadAttributes (421ms)
			ProcessInitializeOnLoadMethodAttributes (81ms)
			AfterProcessingInitializeOnLoad (6ms)
			EditorAssembliesLoaded (0ms)
		ExecutionOrderSort2 (0ms)
		AwakeInstancesAfterBackupRestoration (19ms)
2026-03-24T08:24:41.056Z|0x6798|Refreshing native plugins compatible for Editor in 0.82 ms, found 2 plugins.
2026-03-24T08:24:41.056Z|0x6798|Preloading 0 native plugins for Editor in 0.00 ms.
2026-03-24T08:24:41.057Z|0xa2a0|Unloading 17 Unused Serialized files (Serialized files now loaded: 0)
2026-03-24T08:24:41.080Z|0x6798|Unloading 4702 unused Assets / (4.0 MB). Loaded Objects now: 5575.
Memory consumption went from 137.4 MB to 133.4 MB.
2026-03-24T08:24:41.081Z|0x6798|Total: 23.432900 ms (FindLiveObjects: 1.521100 ms CreateObjectMapping: 1.796400 ms MarkObjects: 13.825700 ms  DeleteObjects: 6.287000 ms)

2026-03-24T08:24:41.081Z|0x6798|Prepare: number of updated asset objects reloaded= 0
2026-03-24T08:25:20.645Z|0x6798|========================================================================
2026-03-24T08:25:20.645Z|0x6798|Received Prepare
2026-03-24T08:25:20.719Z|0x6798|Assembly reference Packages/com.unity.cinemachine/Editor/Samples/ExposeHDRPInternals/HDRP-Editor-ref.asmref has no target assembly definition
Assembly reference Packages/com.unity.cinemachine/Editor/Samples/ExposeHDRPInternals/HDRP-Editor-ref.asmref has no target assembly definition
Begin MonoManager ReloadAssembly
2026-03-24T08:25:21.770Z|0x6798|- Loaded All Assemblies, in  0.876 seconds
2026-03-24T08:25:21.936Z|0x6798|Assembly reference Packages/com.unity.cinemachine/Editor/Samples/ExposeHDRPInternals/HDRP-Editor-ref.asmref has no target assembly definition
'Packages/com.unity.cinemachine/Editor/Obsolete/CinemachineVirtualCameraBaseEditor.cs' contains partial class of Unity.Object, exactly 1 of the partial classes needs to be in a file with the same filename. This is to know the one that can be referenced from ie. GameObjects
2026-03-24T08:25:22.059Z|0x6798|'Packages/com.unity.cinemachine/Editor/Editors/CinemachineVirtualCameraBaseEditor.cs' contains partial class of Unity.Object, exactly 1 of the partial classes needs to be in a file with the same filename. This is to know the one that can be referenced from ie. GameObjects
2026-03-24T08:25:22.090Z|0x6798|Refreshing native plugins compatible for Editor in 0.49 ms, found 2 plugins.
2026-03-24T08:25:22.229Z|0x6798|Native extension for Android target not found
2026-03-24T08:25:22.237Z|0x6798|Native extension for WindowsStandalone target not found
2026-03-24T08:25:22.237Z|0x6798|Native extension for WebGL target not found
2026-03-24T08:25:22.401Z|0x6798|Assembly reference Packages/com.unity.cinemachine/Editor/Samples/ExposeHDRPInternals/HDRP-Editor-ref.asmref has no target assembly definition
[Package Manager] Failed to launch server process. Reason: Unity was launched with the -noUpm command-line argument
2026-03-24T08:25:22.651Z|0x6798|[Package Manager] Unable to send message (not connected to server process).
2026-03-24T08:25:22.651Z|0x6798|[Package Manager] Cannot connect to Unity Package Manager local server
2026-03-24T08:25:22.665Z|0x6798|[Package Manager] Failed to launch server process. Reason: Unity was launched with the -noUpm command-line argument
2026-03-24T08:25:22.665Z|0x6798|[Package Manager] Unable to send message (not connected to server process).
2026-03-24T08:25:22.665Z|0x6798|[Package Manager] Cannot connect to Unity Package Manager local server
2026-03-24T08:25:22.958Z|0x6798|ScheduleIndexationOnStartup MainProcess:False IndexOnStartup:True
Mono: successfully reloaded assembly
2026-03-24T08:25:23.032Z|0x6798|- Finished resetting the current domain, in  0.941 seconds
2026-03-24T08:25:23.032Z|0x6798|Domain Reload Profiling: 1817ms
	BeginReloadAssembly (238ms)
		ExecutionOrderSort (0ms)
		DisableScriptedObjects (8ms)
		BackupInstance (0ms)
		ReleaseScriptingObjects (0ms)
		CreateAndSetChildDomain (53ms)
	RebuildCommonClasses (49ms)
	RebuildNativeTypeToScriptingClass (16ms)
	initialDomainReloadingComplete (34ms)
	LoadAllAssembliesAndSetupDomain (539ms)
		LoadAssemblies (434ms)
		RebuildTransferFunctionScriptingTraits (0ms)
		AnalyzeDomain (223ms)
			TypeCache.Refresh (8ms)
				TypeCache.ScanAssembly (0ms)
			BuildScriptInfoCaches (199ms)
			ResolveRequiredComponents (11ms)
	FinalizeReload (942ms)
		ReleaseScriptCaches (0ms)
		RebuildScriptCaches (0ms)
		SetupLoadedEditorAssemblies (758ms)
			LogAssemblyErrors (0ms)
			InitializePlatformSupportModulesInManaged (12ms)
			SetLoadedEditorAssemblies (6ms)
			BeforeProcessingInitializeOnLoad (230ms)
			ProcessInitializeOnLoadAttributes (420ms)
			ProcessInitializeOnLoadMethodAttributes (83ms)
			AfterProcessingInitializeOnLoad (6ms)
			EditorAssembliesLoaded (0ms)
		ExecutionOrderSort2 (0ms)
		AwakeInstancesAfterBackupRestoration (19ms)
2026-03-24T08:25:23.496Z|0x6798|Refreshing native plugins compatible for Editor in 1.13 ms, found 2 plugins.
2026-03-24T08:25:23.496Z|0x6798|Preloading 0 native plugins for Editor in 0.00 ms.
2026-03-24T08:25:23.498Z|0x2b34|Unloading 17 Unused Serialized files (Serialized files now loaded: 0)
2026-03-24T08:25:23.521Z|0x6798|Unloading 4702 unused Assets / (4.2 MB). Loaded Objects now: 5578.
Memory consumption went from 137.4 MB to 133.2 MB.
2026-03-24T08:25:23.521Z|0x6798|Total: 23.158700 ms (FindLiveObjects: 1.573900 ms CreateObjectMapping: 2.188200 ms MarkObjects: 13.657900 ms  DeleteObjects: 5.734500 ms)

2026-03-24T08:25:23.521Z|0x6798|Prepare: number of updated asset objects reloaded= 0
2026-03-24T08:25:57.838Z|0x6798|========================================================================
2026-03-24T08:25:57.838Z|0x6798|Received Prepare
2026-03-24T08:25:57.912Z|0x6798|Assembly reference Packages/com.unity.cinemachine/Editor/Samples/ExposeHDRPInternals/HDRP-Editor-ref.asmref has no target assembly definition
Assembly reference Packages/com.unity.cinemachine/Editor/Samples/ExposeHDRPInternals/HDRP-Editor-ref.asmref has no target assembly definition
Begin MonoManager ReloadAssembly
2026-03-24T08:25:58.086Z|0x6798|[Licensing::Client] Successfully resolved entitlement details
2026-03-24T08:25:58.924Z|0x6798|- Loaded All Assemblies, in  0.841 seconds
2026-03-24T08:25:59.080Z|0x6798|Assembly reference Packages/com.unity.cinemachine/Editor/Samples/ExposeHDRPInternals/HDRP-Editor-ref.asmref has no target assembly definition
'Packages/com.unity.cinemachine/Editor/Obsolete/CinemachineVirtualCameraBaseEditor.cs' contains partial class of Unity.Object, exactly 1 of the partial classes needs to be in a file with the same filename. This is to know the one that can be referenced from ie. GameObjects
2026-03-24T08:25:59.203Z|0x6798|'Packages/com.unity.cinemachine/Editor/Editors/CinemachineVirtualCameraBaseEditor.cs' contains partial class of Unity.Object, exactly 1 of the partial classes needs to be in a file with the same filename. This is to know the one that can be referenced from ie. GameObjects
2026-03-24T08:25:59.235Z|0x6798|Refreshing native plugins compatible for Editor in 0.59 ms, found 2 plugins.
2026-03-24T08:25:59.374Z|0x6798|Native extension for Android target not found
2026-03-24T08:25:59.382Z|0x6798|Native extension for WindowsStandalone target not found
2026-03-24T08:25:59.382Z|0x6798|Native extension for WebGL target not found
2026-03-24T08:25:59.542Z|0x6798|Assembly reference Packages/com.unity.cinemachine/Editor/Samples/ExposeHDRPInternals/HDRP-Editor-ref.asmref has no target assembly definition
[Package Manager] Failed to launch server process. Reason: Unity was launched with the -noUpm command-line argument
2026-03-24T08:25:59.789Z|0x6798|[Package Manager] Unable to send message (not connected to server process).
2026-03-24T08:25:59.789Z|0x6798|[Package Manager] Cannot connect to Unity Package Manager local server
2026-03-24T08:25:59.803Z|0x6798|[Package Manager] Failed to launch server process. Reason: Unity was launched with the -noUpm command-line argument
2026-03-24T08:25:59.803Z|0x6798|[Package Manager] Unable to send message (not connected to server process).
2026-03-24T08:25:59.803Z|0x6798|[Package Manager] Cannot connect to Unity Package Manager local server
2026-03-24T08:26:00.111Z|0x6798|ScheduleIndexationOnStartup MainProcess:False IndexOnStartup:True
Mono: successfully reloaded assembly
2026-03-24T08:26:00.191Z|0x6798|- Finished resetting the current domain, in  0.955 seconds
2026-03-24T08:26:00.192Z|0x6798|Domain Reload Profiling: 1797ms
	BeginReloadAssembly (228ms)
		ExecutionOrderSort (0ms)
		DisableScriptedObjects (7ms)
		BackupInstance (0ms)
		ReleaseScriptingObjects (0ms)
		CreateAndSetChildDomain (54ms)
	RebuildCommonClasses (44ms)
	RebuildNativeTypeToScriptingClass (15ms)
	initialDomainReloadingComplete (32ms)
	LoadAllAssembliesAndSetupDomain (522ms)
		LoadAssemblies (409ms)
		RebuildTransferFunctionScriptingTraits (0ms)
		AnalyzeDomain (220ms)
			TypeCache.Refresh (9ms)
				TypeCache.ScanAssembly (0ms)
			BuildScriptInfoCaches (195ms)
			ResolveRequiredComponents (10ms)
	FinalizeReload (956ms)
		ReleaseScriptCaches (0ms)
		RebuildScriptCaches (0ms)
		SetupLoadedEditorAssemblies (769ms)
			LogAssemblyErrors (0ms)
			InitializePlatformSupportModulesInManaged (12ms)
			SetLoadedEditorAssemblies (6ms)
			BeforeProcessingInitializeOnLoad (224ms)
			ProcessInitializeOnLoadAttributes (430ms)
			ProcessInitializeOnLoadMethodAttributes (87ms)
			AfterProcessingInitializeOnLoad (9ms)
			EditorAssembliesLoaded (1ms)
		ExecutionOrderSort2 (0ms)
		AwakeInstancesAfterBackupRestoration (23ms)
2026-03-24T08:26:00.689Z|0x6798|Refreshing native plugins compatible for Editor in 1.28 ms, found 2 plugins.
2026-03-24T08:26:00.689Z|0x6798|Preloading 0 native plugins for Editor in 0.00 ms.
2026-03-24T08:26:00.691Z|0x199ec|Unloading 17 Unused Serialized files (Serialized files now loaded: 0)
2026-03-24T08:26:00.714Z|0x6798|Unloading 4702 unused Assets / (3.9 MB). Loaded Objects now: 5581.
Memory consumption went from 137.5 MB to 133.6 MB.
2026-03-24T08:26:00.714Z|0x6798|Total: 22.898800 ms (FindLiveObjects: 1.480600 ms CreateObjectMapping: 1.501900 ms MarkObjects: 13.783600 ms  DeleteObjects: 6.129200 ms)

2026-03-24T08:26:00.714Z|0x6798|Prepare: number of updated asset objects reloaded= 0
2026-03-24T08:26:44.107Z|0x6798|========================================================================
2026-03-24T08:26:44.107Z|0x6798|Received Prepare
2026-03-24T08:26:44.181Z|0x6798|Assembly reference Packages/com.unity.cinemachine/Editor/Samples/ExposeHDRPInternals/HDRP-Editor-ref.asmref has no target assembly definition
Assembly reference Packages/com.unity.cinemachine/Editor/Samples/ExposeHDRPInternals/HDRP-Editor-ref.asmref has no target assembly definition
Begin MonoManager ReloadAssembly
2026-03-24T08:26:45.186Z|0x6798|- Loaded All Assemblies, in  0.832 seconds
2026-03-24T08:26:45.342Z|0x6798|Assembly reference Packages/com.unity.cinemachine/Editor/Samples/ExposeHDRPInternals/HDRP-Editor-ref.asmref has no target assembly definition
'Packages/com.unity.cinemachine/Editor/Obsolete/CinemachineVirtualCameraBaseEditor.cs' contains partial class of Unity.Object, exactly 1 of the partial classes needs to be in a file with the same filename. This is to know the one that can be referenced from ie. GameObjects
2026-03-24T08:26:45.470Z|0x6798|'Packages/com.unity.cinemachine/Editor/Editors/CinemachineVirtualCameraBaseEditor.cs' contains partial class of Unity.Object, exactly 1 of the partial classes needs to be in a file with the same filename. This is to know the one that can be referenced from ie. GameObjects
2026-03-24T08:26:45.502Z|0x6798|Refreshing native plugins compatible for Editor in 0.61 ms, found 2 plugins.
2026-03-24T08:26:45.637Z|0x6798|Native extension for Android target not found
2026-03-24T08:26:45.645Z|0x6798|Native extension for WindowsStandalone target not found
2026-03-24T08:26:45.646Z|0x6798|Native extension for WebGL target not found
2026-03-24T08:26:45.811Z|0x6798|Assembly reference Packages/com.unity.cinemachine/Editor/Samples/ExposeHDRPInternals/HDRP-Editor-ref.asmref has no target assembly definition
[Package Manager] Failed to launch server process. Reason: Unity was launched with the -noUpm command-line argument
2026-03-24T08:26:46.069Z|0x6798|[Package Manager] Unable to send message (not connected to server process).
2026-03-24T08:26:46.069Z|0x6798|[Package Manager] Cannot connect to Unity Package Manager local server
2026-03-24T08:26:46.083Z|0x6798|[Package Manager] Failed to launch server process. Reason: Unity was launched with the -noUpm command-line argument
2026-03-24T08:26:46.084Z|0x6798|[Package Manager] Unable to send message (not connected to server process).
2026-03-24T08:26:46.084Z|0x6798|[Package Manager] Cannot connect to Unity Package Manager local server
2026-03-24T08:26:46.404Z|0x6798|ScheduleIndexationOnStartup MainProcess:False IndexOnStartup:True
Mono: successfully reloaded assembly
2026-03-24T08:26:46.487Z|0x6798|- Finished resetting the current domain, in  0.985 seconds
2026-03-24T08:26:46.488Z|0x6798|Domain Reload Profiling: 1818ms
	BeginReloadAssembly (222ms)
		ExecutionOrderSort (0ms)
		DisableScriptedObjects (7ms)
		BackupInstance (0ms)
		ReleaseScriptingObjects (0ms)
		CreateAndSetChildDomain (55ms)
	RebuildCommonClasses (44ms)
	RebuildNativeTypeToScriptingClass (15ms)
	initialDomainReloadingComplete (32ms)
	LoadAllAssembliesAndSetupDomain (519ms)
		LoadAssemblies (412ms)
		RebuildTransferFunctionScriptingTraits (0ms)
		AnalyzeDomain (209ms)
			TypeCache.Refresh (9ms)
				TypeCache.ScanAssembly (0ms)
			BuildScriptInfoCaches (185ms)
			ResolveRequiredComponents (10ms)
	FinalizeReload (986ms)
		ReleaseScriptCaches (0ms)
		RebuildScriptCaches (0ms)
		SetupLoadedEditorAssemblies (801ms)
			LogAssemblyErrors (0ms)
			InitializePlatformSupportModulesInManaged (12ms)
			SetLoadedEditorAssemblies (6ms)
			BeforeProcessingInitializeOnLoad (237ms)
			ProcessInitializeOnLoadAttributes (435ms)
			ProcessInitializeOnLoadMethodAttributes (105ms)
			AfterProcessingInitializeOnLoad (6ms)
			EditorAssembliesLoaded (0ms)
		ExecutionOrderSort2 (0ms)
		AwakeInstancesAfterBackupRestoration (19ms)
2026-03-24T08:26:47.029Z|0x6798|Refreshing native plugins compatible for Editor in 1.51 ms, found 2 plugins.
2026-03-24T08:26:47.029Z|0x6798|Preloading 0 native plugins for Editor in 0.00 ms.
2026-03-24T08:26:47.030Z|0xc52c|Unloading 17 Unused Serialized files (Serialized files now loaded: 0)
2026-03-24T08:26:47.056Z|0x6798|Unloading 4702 unused Assets / (4.0 MB). Loaded Objects now: 5584.
Memory consumption went from 137.5 MB to 133.5 MB.
2026-03-24T08:26:47.056Z|0x6798|Total: 25.460100 ms (FindLiveObjects: 1.597300 ms CreateObjectMapping: 2.556700 ms MarkObjects: 15.222600 ms  DeleteObjects: 6.081200 ms)

2026-03-24T08:26:47.056Z|0x6798|Prepare: number of updated asset objects reloaded= 0
2026-03-24T08:27:53.312Z|0x6798|========================================================================
2026-03-24T08:27:53.312Z|0x6798|Received Prepare
2026-03-24T08:27:53.388Z|0x6798|Assembly reference Packages/com.unity.cinemachine/Editor/Samples/ExposeHDRPInternals/HDRP-Editor-ref.asmref has no target assembly definition
Assembly reference Packages/com.unity.cinemachine/Editor/Samples/ExposeHDRPInternals/HDRP-Editor-ref.asmref has no target assembly definition
Begin MonoManager ReloadAssembly
2026-03-24T08:27:53.560Z|0x6798|[Licensing::Client] Successfully resolved entitlement details
2026-03-24T08:27:54.408Z|0x6798|- Loaded All Assemblies, in  0.850 seconds
2026-03-24T08:27:54.573Z|0x6798|Assembly reference Packages/com.unity.cinemachine/Editor/Samples/ExposeHDRPInternals/HDRP-Editor-ref.asmref has no target assembly definition
'Packages/com.unity.cinemachine/Editor/Obsolete/CinemachineVirtualCameraBaseEditor.cs' contains partial class of Unity.Object, exactly 1 of the partial classes needs to be in a file with the same filename. This is to know the one that can be referenced from ie. GameObjects
2026-03-24T08:27:54.693Z|0x6798|'Packages/com.unity.cinemachine/Editor/Editors/CinemachineVirtualCameraBaseEditor.cs' contains partial class of Unity.Object, exactly 1 of the partial classes needs to be in a file with the same filename. This is to know the one that can be referenced from ie. GameObjects
2026-03-24T08:27:54.723Z|0x6798|Refreshing native plugins compatible for Editor in 0.51 ms, found 2 plugins.
2026-03-24T08:27:54.855Z|0x6798|Native extension for Android target not found
2026-03-24T08:27:54.863Z|0x6798|Native extension for WindowsStandalone target not found
2026-03-24T08:27:54.863Z|0x6798|Native extension for WebGL target not found
2026-03-24T08:27:55.021Z|0x6798|Assembly reference Packages/com.unity.cinemachine/Editor/Samples/ExposeHDRPInternals/HDRP-Editor-ref.asmref has no target assembly definition
[Package Manager] Failed to launch server process. Reason: Unity was launched with the -noUpm command-line argument
2026-03-24T08:27:55.257Z|0x6798|[Package Manager] Unable to send message (not connected to server process).
2026-03-24T08:27:55.257Z|0x6798|[Package Manager] Cannot connect to Unity Package Manager local server
2026-03-24T08:27:55.270Z|0x6798|[Package Manager] Failed to launch server process. Reason: Unity was launched with the -noUpm command-line argument
2026-03-24T08:27:55.270Z|0x6798|[Package Manager] Unable to send message (not connected to server process).
2026-03-24T08:27:55.270Z|0x6798|[Package Manager] Cannot connect to Unity Package Manager local server
2026-03-24T08:27:55.574Z|0x6798|ScheduleIndexationOnStartup MainProcess:False IndexOnStartup:True
Mono: successfully reloaded assembly
2026-03-24T08:27:55.645Z|0x6798|- Finished resetting the current domain, in  0.921 seconds
2026-03-24T08:27:55.646Z|0x6798|Domain Reload Profiling: 1772ms
	BeginReloadAssembly (231ms)
		ExecutionOrderSort (0ms)
		DisableScriptedObjects (7ms)
		BackupInstance (0ms)
		ReleaseScriptingObjects (0ms)
		CreateAndSetChildDomain (55ms)
	RebuildCommonClasses (44ms)
	RebuildNativeTypeToScriptingClass (15ms)
	initialDomainReloadingComplete (32ms)
	LoadAllAssembliesAndSetupDomain (528ms)
		LoadAssemblies (426ms)
		RebuildTransferFunctionScriptingTraits (0ms)
		AnalyzeDomain (209ms)
			TypeCache.Refresh (8ms)
				TypeCache.ScanAssembly (0ms)
			BuildScriptInfoCaches (186ms)
			ResolveRequiredComponents (11ms)
	FinalizeReload (922ms)
		ReleaseScriptCaches (0ms)
		RebuildScriptCaches (0ms)
		SetupLoadedEditorAssemblies (748ms)
			LogAssemblyErrors (0ms)
			InitializePlatformSupportModulesInManaged (12ms)
			SetLoadedEditorAssemblies (6ms)
			BeforeProcessingInitializeOnLoad (216ms)
			ProcessInitializeOnLoadAttributes (422ms)
			ProcessInitializeOnLoadMethodAttributes (86ms)
			AfterProcessingInitializeOnLoad (6ms)
			EditorAssembliesLoaded (0ms)
		ExecutionOrderSort2 (0ms)
		AwakeInstancesAfterBackupRestoration (18ms)
2026-03-24T08:27:56.149Z|0x6798|Refreshing native plugins compatible for Editor in 1.31 ms, found 2 plugins.
2026-03-24T08:27:56.149Z|0x6798|Preloading 0 native plugins for Editor in 0.00 ms.
2026-03-24T08:27:56.151Z|0x18720|Unloading 17 Unused Serialized files (Serialized files now loaded: 0)
2026-03-24T08:27:56.175Z|0x6798|Unloading 4702 unused Assets / (3.8 MB). Loaded Objects now: 5587.
Memory consumption went from 137.6 MB to 133.7 MB.
2026-03-24T08:27:56.176Z|0x6798|Total: 24.396900 ms (FindLiveObjects: 1.664900 ms CreateObjectMapping: 1.991100 ms MarkObjects: 14.922900 ms  DeleteObjects: 5.814100 ms)

2026-03-24T08:27:56.176Z|0x6798|Prepare: number of updated asset objects reloaded= 0
2026-03-24T08:28:43.568Z|0x6798|========================================================================
2026-03-24T08:28:43.568Z|0x6798|Received Prepare
2026-03-24T08:28:43.642Z|0x6798|Assembly reference Packages/com.unity.cinemachine/Editor/Samples/ExposeHDRPInternals/HDRP-Editor-ref.asmref has no target assembly definition
Assembly reference Packages/com.unity.cinemachine/Editor/Samples/ExposeHDRPInternals/HDRP-Editor-ref.asmref has no target assembly definition
Begin MonoManager ReloadAssembly
2026-03-24T08:28:44.620Z|0x6798|- Loaded All Assemblies, in  0.814 seconds
2026-03-24T08:28:44.780Z|0x6798|Assembly reference Packages/com.unity.cinemachine/Editor/Samples/ExposeHDRPInternals/HDRP-Editor-ref.asmref has no target assembly definition
'Packages/com.unity.cinemachine/Editor/Obsolete/CinemachineVirtualCameraBaseEditor.cs' contains partial class of Unity.Object, exactly 1 of the partial classes needs to be in a file with the same filename. This is to know the one that can be referenced from ie. GameObjects
2026-03-24T08:28:44.902Z|0x6798|'Packages/com.unity.cinemachine/Editor/Editors/CinemachineVirtualCameraBaseEditor.cs' contains partial class of Unity.Object, exactly 1 of the partial classes needs to be in a file with the same filename. This is to know the one that can be referenced from ie. GameObjects
2026-03-24T08:28:44.931Z|0x6798|Refreshing native plugins compatible for Editor in 0.44 ms, found 2 plugins.
2026-03-24T08:28:45.070Z|0x6798|Native extension for Android target not found
2026-03-24T08:28:45.077Z|0x6798|Native extension for WindowsStandalone target not found
2026-03-24T08:28:45.078Z|0x6798|Native extension for WebGL target not found
2026-03-24T08:28:45.235Z|0x6798|Assembly reference Packages/com.unity.cinemachine/Editor/Samples/ExposeHDRPInternals/HDRP-Editor-ref.asmref has no target assembly definition
[Package Manager] Failed to launch server process. Reason: Unity was launched with the -noUpm command-line argument
2026-03-24T08:28:45.474Z|0x6798|[Package Manager] Unable to send message (not connected to server process).
2026-03-24T08:28:45.474Z|0x6798|[Package Manager] Cannot connect to Unity Package Manager local server
2026-03-24T08:28:45.488Z|0x6798|[Package Manager] Failed to launch server process. Reason: Unity was launched with the -noUpm command-line argument
2026-03-24T08:28:45.488Z|0x6798|[Package Manager] Unable to send message (not connected to server process).
2026-03-24T08:28:45.488Z|0x6798|[Package Manager] Cannot connect to Unity Package Manager local server
2026-03-24T08:28:45.788Z|0x6798|ScheduleIndexationOnStartup MainProcess:False IndexOnStartup:True
Mono: successfully reloaded assembly
2026-03-24T08:28:45.856Z|0x6798|- Finished resetting the current domain, in  0.925 seconds
2026-03-24T08:28:45.857Z|0x6798|Domain Reload Profiling: 1740ms
	BeginReloadAssembly (225ms)
		ExecutionOrderSort (0ms)
		DisableScriptedObjects (7ms)
		BackupInstance (0ms)
		ReleaseScriptingObjects (0ms)
		CreateAndSetChildDomain (55ms)
	RebuildCommonClasses (44ms)
	RebuildNativeTypeToScriptingClass (15ms)
	initialDomainReloadingComplete (33ms)
	LoadAllAssembliesAndSetupDomain (498ms)
		LoadAssemblies (387ms)
		RebuildTransferFunctionScriptingTraits (0ms)
		AnalyzeDomain (214ms)
			TypeCache.Refresh (10ms)
				TypeCache.ScanAssembly (0ms)
			BuildScriptInfoCaches (188ms)
			ResolveRequiredComponents (11ms)
	FinalizeReload (926ms)
		ReleaseScriptCaches (0ms)
		RebuildScriptCaches (0ms)
		SetupLoadedEditorAssemblies (745ms)
			LogAssemblyErrors (0ms)
			InitializePlatformSupportModulesInManaged (11ms)
			SetLoadedEditorAssemblies (6ms)
			BeforeProcessingInitializeOnLoad (221ms)
			ProcessInitializeOnLoadAttributes (421ms)
			ProcessInitializeOnLoadMethodAttributes (80ms)
			AfterProcessingInitializeOnLoad (6ms)
			EditorAssembliesLoaded (1ms)
		ExecutionOrderSort2 (0ms)
		AwakeInstancesAfterBackupRestoration (18ms)
2026-03-24T08:28:46.318Z|0x6798|Refreshing native plugins compatible for Editor in 1.11 ms, found 2 plugins.
2026-03-24T08:28:46.318Z|0x6798|Preloading 0 native plugins for Editor in 0.00 ms.
2026-03-24T08:28:46.319Z|0x74cc|Unloading 17 Unused Serialized files (Serialized files now loaded: 0)
2026-03-24T08:28:46.342Z|0x6798|Unloading 4702 unused Assets / (4.0 MB). Loaded Objects now: 5590.
Memory consumption went from 137.6 MB to 133.6 MB.
2026-03-24T08:28:46.342Z|0x6798|Total: 22.110900 ms (FindLiveObjects: 1.671500 ms CreateObjectMapping: 1.739100 ms MarkObjects: 13.595400 ms  DeleteObjects: 5.100900 ms)

2026-03-24T08:28:46.342Z|0x6798|Prepare: number of updated asset objects reloaded= 0
2026-03-24T08:29:21.290Z|0x6798|========================================================================
2026-03-24T08:29:21.290Z|0x6798|Received Prepare
2026-03-24T08:29:21.359Z|0x6798|Assembly reference Packages/com.unity.cinemachine/Editor/Samples/ExposeHDRPInternals/HDRP-Editor-ref.asmref has no target assembly definition
Assembly reference Packages/com.unity.cinemachine/Editor/Samples/ExposeHDRPInternals/HDRP-Editor-ref.asmref has no target assembly definition
Begin MonoManager ReloadAssembly
2026-03-24T08:29:21.529Z|0x6798|[Licensing::Client] Successfully resolved entitlement details
2026-03-24T08:29:22.385Z|0x6798|- Loaded All Assemblies, in  0.857 seconds
2026-03-24T08:29:22.550Z|0x6798|Assembly reference Packages/com.unity.cinemachine/Editor/Samples/ExposeHDRPInternals/HDRP-Editor-ref.asmref has no target assembly definition
'Packages/com.unity.cinemachine/Editor/Obsolete/CinemachineVirtualCameraBaseEditor.cs' contains partial class of Unity.Object, exactly 1 of the partial classes needs to be in a file with the same filename. This is to know the one that can be referenced from ie. GameObjects
2026-03-24T08:29:22.675Z|0x6798|'Packages/com.unity.cinemachine/Editor/Editors/CinemachineVirtualCameraBaseEditor.cs' contains partial class of Unity.Object, exactly 1 of the partial classes needs to be in a file with the same filename. This is to know the one that can be referenced from ie. GameObjects
2026-03-24T08:29:22.705Z|0x6798|Refreshing native plugins compatible for Editor in 0.40 ms, found 2 plugins.
2026-03-24T08:29:22.839Z|0x6798|Native extension for Android target not found
2026-03-24T08:29:22.847Z|0x6798|Native extension for WindowsStandalone target not found
2026-03-24T08:29:22.847Z|0x6798|Native extension for WebGL target not found
2026-03-24T08:29:23.004Z|0x6798|Assembly reference Packages/com.unity.cinemachine/Editor/Samples/ExposeHDRPInternals/HDRP-Editor-ref.asmref has no target assembly definition
[Package Manager] Failed to launch server process. Reason: Unity was launched with the -noUpm command-line argument
2026-03-24T08:29:23.245Z|0x6798|[Package Manager] Unable to send message (not connected to server process).
2026-03-24T08:29:23.245Z|0x6798|[Package Manager] Cannot connect to Unity Package Manager local server
2026-03-24T08:29:23.257Z|0x6798|[Package Manager] Failed to launch server process. Reason: Unity was launched with the -noUpm command-line argument
2026-03-24T08:29:23.257Z|0x6798|[Package Manager] Unable to send message (not connected to server process).
2026-03-24T08:29:23.258Z|0x6798|[Package Manager] Cannot connect to Unity Package Manager local server
2026-03-24T08:29:23.547Z|0x6798|ScheduleIndexationOnStartup MainProcess:False IndexOnStartup:True
Mono: successfully reloaded assembly
2026-03-24T08:29:23.617Z|0x6798|- Finished resetting the current domain, in  0.912 seconds
2026-03-24T08:29:23.618Z|0x6798|Domain Reload Profiling: 1770ms
	BeginReloadAssembly (240ms)
		ExecutionOrderSort (0ms)
		DisableScriptedObjects (8ms)
		BackupInstance (0ms)
		ReleaseScriptingObjects (0ms)
		CreateAndSetChildDomain (56ms)
	RebuildCommonClasses (45ms)
	RebuildNativeTypeToScriptingClass (15ms)
	initialDomainReloadingComplete (32ms)
	LoadAllAssembliesAndSetupDomain (525ms)
		LoadAssemblies (409ms)
		RebuildTransferFunctionScriptingTraits (0ms)
		AnalyzeDomain (230ms)
			TypeCache.Refresh (8ms)
				TypeCache.ScanAssembly (0ms)
			BuildScriptInfoCaches (206ms)
			ResolveRequiredComponents (11ms)
	FinalizeReload (912ms)
		ReleaseScriptCaches (0ms)
		RebuildScriptCaches (0ms)
		SetupLoadedEditorAssemblies (735ms)
			LogAssemblyErrors (0ms)
			InitializePlatformSupportModulesInManaged (11ms)
			SetLoadedEditorAssemblies (6ms)
			BeforeProcessingInitializeOnLoad (217ms)
			ProcessInitializeOnLoadAttributes (410ms)
			ProcessInitializeOnLoadMethodAttributes (85ms)
			AfterProcessingInitializeOnLoad (6ms)
			EditorAssembliesLoaded (0ms)
		ExecutionOrderSort2 (0ms)
		AwakeInstancesAfterBackupRestoration (18ms)
2026-03-24T08:29:24.095Z|0x6798|Refreshing native plugins compatible for Editor in 1.00 ms, found 2 plugins.
2026-03-24T08:29:24.095Z|0x6798|Preloading 0 native plugins for Editor in 0.00 ms.
2026-03-24T08:29:24.097Z|0x15908|Unloading 17 Unused Serialized files (Serialized files now loaded: 0)
2026-03-24T08:29:24.119Z|0x6798|Unloading 4702 unused Assets / (4.1 MB). Loaded Objects now: 5593.
Memory consumption went from 137.6 MB to 133.5 MB.
2026-03-24T08:29:24.119Z|0x6798|Total: 21.640300 ms (FindLiveObjects: 1.453800 ms CreateObjectMapping: 1.592300 ms MarkObjects: 12.719600 ms  DeleteObjects: 5.871300 ms)

2026-03-24T08:29:24.119Z|0x6798|Prepare: number of updated asset objects reloaded= 0
2026-03-24T09:23:31.709Z|0x6798|========================================================================
2026-03-24T09:23:31.710Z|0x6798|Received Prepare
2026-03-24T09:23:31.798Z|0x6798|Assembly reference Packages/com.unity.cinemachine/Editor/Samples/ExposeHDRPInternals/HDRP-Editor-ref.asmref has no target assembly definition
Assembly reference Packages/com.unity.cinemachine/Editor/Samples/ExposeHDRPInternals/HDRP-Editor-ref.asmref has no target assembly definition
Begin MonoManager ReloadAssembly
2026-03-24T09:23:31.969Z|0x6798|[Licensing::Client] Successfully resolved entitlement details
2026-03-24T09:23:32.937Z|0x6798|- Loaded All Assemblies, in  0.971 seconds
2026-03-24T09:23:33.096Z|0x6798|Assembly reference Packages/com.unity.cinemachine/Editor/Samples/ExposeHDRPInternals/HDRP-Editor-ref.asmref has no target assembly definition
'Packages/com.unity.cinemachine/Editor/Obsolete/CinemachineVirtualCameraBaseEditor.cs' contains partial class of Unity.Object, exactly 1 of the partial classes needs to be in a file with the same filename. This is to know the one that can be referenced from ie. GameObjects
2026-03-24T09:23:33.226Z|0x6798|'Packages/com.unity.cinemachine/Editor/Editors/CinemachineVirtualCameraBaseEditor.cs' contains partial class of Unity.Object, exactly 1 of the partial classes needs to be in a file with the same filename. This is to know the one that can be referenced from ie. GameObjects
2026-03-24T09:23:33.258Z|0x6798|Refreshing native plugins compatible for Editor in 0.46 ms, found 2 plugins.
2026-03-24T09:23:33.399Z|0x6798|Native extension for Android target not found
2026-03-24T09:23:33.407Z|0x6798|Native extension for WindowsStandalone target not found
2026-03-24T09:23:33.408Z|0x6798|Native extension for WebGL target not found
2026-03-24T09:23:33.585Z|0x6798|Assembly reference Packages/com.unity.cinemachine/Editor/Samples/ExposeHDRPInternals/HDRP-Editor-ref.asmref has no target assembly definition
[Package Manager] Failed to launch server process. Reason: Unity was launched with the -noUpm command-line argument
2026-03-24T09:23:33.847Z|0x6798|[Package Manager] Unable to send message (not connected to server process).
2026-03-24T09:23:33.847Z|0x6798|[Package Manager] Cannot connect to Unity Package Manager local server
2026-03-24T09:23:33.864Z|0x6798|[Package Manager] Failed to launch server process. Reason: Unity was launched with the -noUpm command-line argument
2026-03-24T09:23:33.864Z|0x6798|[Package Manager] Unable to send message (not connected to server process).
2026-03-24T09:23:33.864Z|0x6798|[Package Manager] Cannot connect to Unity Package Manager local server
2026-03-24T09:23:34.203Z|0x6798|ScheduleIndexationOnStartup MainProcess:False IndexOnStartup:True
Mono: successfully reloaded assembly
2026-03-24T09:23:34.282Z|0x6798|- Finished resetting the current domain, in  1.024 seconds
2026-03-24T09:23:34.283Z|0x6798|Domain Reload Profiling: 1996ms
	BeginReloadAssembly (289ms)
		ExecutionOrderSort (0ms)
		DisableScriptedObjects (10ms)
		BackupInstance (0ms)
		ReleaseScriptingObjects (0ms)
		CreateAndSetChildDomain (83ms)
	RebuildCommonClasses (46ms)
	RebuildNativeTypeToScriptingClass (16ms)
	initialDomainReloadingComplete (40ms)
	LoadAllAssembliesAndSetupDomain (581ms)
		LoadAssemblies (484ms)
		RebuildTransferFunctionScriptingTraits (0ms)
		AnalyzeDomain (225ms)
			TypeCache.Refresh (8ms)
				TypeCache.ScanAssembly (0ms)
			BuildScriptInfoCaches (201ms)
			ResolveRequiredComponents (11ms)
	FinalizeReload (1024ms)
		ReleaseScriptCaches (0ms)
		RebuildScriptCaches (0ms)
		SetupLoadedEditorAssemblies (835ms)
			LogAssemblyErrors (0ms)
			InitializePlatformSupportModulesInManaged (12ms)
			SetLoadedEditorAssemblies (6ms)
			BeforeProcessingInitializeOnLoad (242ms)
			ProcessInitializeOnLoadAttributes (467ms)
			ProcessInitializeOnLoadMethodAttributes (101ms)
			AfterProcessingInitializeOnLoad (6ms)
			EditorAssembliesLoaded (1ms)
		ExecutionOrderSort2 (0ms)
		AwakeInstancesAfterBackupRestoration (20ms)
2026-03-24T09:23:34.885Z|0x6798|Refreshing native plugins compatible for Editor in 0.88 ms, found 2 plugins.
2026-03-24T09:23:34.885Z|0x6798|Preloading 0 native plugins for Editor in 0.00 ms.
2026-03-24T09:23:34.888Z|0x12e68|Unloading 17 Unused Serialized files (Serialized files now loaded: 0)
2026-03-24T09:23:34.913Z|0x6798|Unloading 4702 unused Assets / (3.7 MB). Loaded Objects now: 5596.
Memory consumption went from 137.7 MB to 134.0 MB.
2026-03-24T09:23:34.913Z|0x6798|Total: 24.742800 ms (FindLiveObjects: 1.851200 ms CreateObjectMapping: 1.837300 ms MarkObjects: 14.302100 ms  DeleteObjects: 6.748400 ms)

2026-03-24T09:23:34.913Z|0x6798|Prepare: number of updated asset objects reloaded= 0
2026-03-24T09:39:29.815Z|0x6798|========================================================================
2026-03-24T09:39:29.815Z|0x6798|Received Prepare
2026-03-24T09:39:29.885Z|0x6798|Assembly reference Packages/com.unity.cinemachine/Editor/Samples/ExposeHDRPInternals/HDRP-Editor-ref.asmref has no target assembly definition
Assembly reference Packages/com.unity.cinemachine/Editor/Samples/ExposeHDRPInternals/HDRP-Editor-ref.asmref has no target assembly definition
Begin MonoManager ReloadAssembly
2026-03-24T09:39:30.064Z|0x6798|[Licensing::Client] Successfully resolved entitlement details
2026-03-24T09:39:31.013Z|0x6798|- Loaded All Assemblies, in  0.951 seconds
2026-03-24T09:39:31.183Z|0x6798|Assembly reference Packages/com.unity.cinemachine/Editor/Samples/ExposeHDRPInternals/HDRP-Editor-ref.asmref has no target assembly definition
'Packages/com.unity.cinemachine/Editor/Obsolete/CinemachineVirtualCameraBaseEditor.cs' contains partial class of Unity.Object, exactly 1 of the partial classes needs to be in a file with the same filename. This is to know the one that can be referenced from ie. GameObjects
2026-03-24T09:39:31.309Z|0x6798|'Packages/com.unity.cinemachine/Editor/Editors/CinemachineVirtualCameraBaseEditor.cs' contains partial class of Unity.Object, exactly 1 of the partial classes needs to be in a file with the same filename. This is to know the one that can be referenced from ie. GameObjects
2026-03-24T09:39:31.340Z|0x6798|Refreshing native plugins compatible for Editor in 0.46 ms, found 2 plugins.
2026-03-24T09:39:31.487Z|0x6798|Native extension for Android target not found
2026-03-24T09:39:31.495Z|0x6798|Native extension for WindowsStandalone target not found
2026-03-24T09:39:31.495Z|0x6798|Native extension for WebGL target not found
2026-03-24T09:39:31.663Z|0x6798|Assembly reference Packages/com.unity.cinemachine/Editor/Samples/ExposeHDRPInternals/HDRP-Editor-ref.asmref has no target assembly definition
[Package Manager] Failed to launch server process. Reason: Unity was launched with the -noUpm command-line argument
2026-03-24T09:39:31.929Z|0x6798|[Package Manager] Unable to send message (not connected to server process).
2026-03-24T09:39:31.929Z|0x6798|[Package Manager] Cannot connect to Unity Package Manager local server
2026-03-24T09:39:31.943Z|0x6798|[Package Manager] Failed to launch server process. Reason: Unity was launched with the -noUpm command-line argument
2026-03-24T09:39:31.943Z|0x6798|[Package Manager] Unable to send message (not connected to server process).
2026-03-24T09:39:31.943Z|0x6798|[Package Manager] Cannot connect to Unity Package Manager local server
2026-03-24T09:39:32.261Z|0x6798|ScheduleIndexationOnStartup MainProcess:False IndexOnStartup:True
Mono: successfully reloaded assembly
2026-03-24T09:39:32.338Z|0x6798|- Finished resetting the current domain, in  0.997 seconds
2026-03-24T09:39:32.338Z|0x6798|Domain Reload Profiling: 1948ms
	BeginReloadAssembly (254ms)
		ExecutionOrderSort (0ms)
		DisableScriptedObjects (7ms)
		BackupInstance (0ms)
		ReleaseScriptingObjects (0ms)
		CreateAndSetChildDomain (55ms)
	RebuildCommonClasses (45ms)
	RebuildNativeTypeToScriptingClass (15ms)
	initialDomainReloadingComplete (33ms)
	LoadAllAssembliesAndSetupDomain (603ms)
		LoadAssemblies (481ms)
		RebuildTransferFunctionScriptingTraits (0ms)
		AnalyzeDomain (251ms)
			TypeCache.Refresh (9ms)
				TypeCache.ScanAssembly (0ms)
			BuildScriptInfoCaches (225ms)
			ResolveRequiredComponents (12ms)
	FinalizeReload (998ms)
		ReleaseScriptCaches (0ms)
		RebuildScriptCaches (0ms)
		SetupLoadedEditorAssemblies (804ms)
			LogAssemblyErrors (0ms)
			InitializePlatformSupportModulesInManaged (12ms)
			SetLoadedEditorAssemblies (6ms)
			BeforeProcessingInitializeOnLoad (229ms)
			ProcessInitializeOnLoadAttributes (447ms)
			ProcessInitializeOnLoadMethodAttributes (103ms)
			AfterProcessingInitializeOnLoad (6ms)
			EditorAssembliesLoaded (1ms)
		ExecutionOrderSort2 (0ms)
		AwakeInstancesAfterBackupRestoration (21ms)
2026-03-24T09:39:32.861Z|0x6798|Refreshing native plugins compatible for Editor in 0.72 ms, found 2 plugins.
2026-03-24T09:39:32.861Z|0x6798|Preloading 0 native plugins for Editor in 0.00 ms.
2026-03-24T09:39:32.862Z|0x14cac|Unloading 17 Unused Serialized files (Serialized files now loaded: 0)
2026-03-24T09:39:32.887Z|0x6798|Unloading 4702 unused Assets / (4.1 MB). Loaded Objects now: 5599.
Memory consumption went from 137.7 MB to 133.6 MB.
2026-03-24T09:39:32.887Z|0x6798|Total: 24.752600 ms (FindLiveObjects: 1.799000 ms CreateObjectMapping: 1.578500 ms MarkObjects: 14.770400 ms  DeleteObjects: 6.601500 ms)

2026-03-24T09:39:32.887Z|0x6798|Prepare: number of updated asset objects reloaded= 0
2026-03-24T09:41:12.751Z|0x6798|========================================================================
2026-03-24T09:41:12.751Z|0x6798|Received Prepare
2026-03-24T09:41:12.821Z|0x6798|Assembly reference Packages/com.unity.cinemachine/Editor/Samples/ExposeHDRPInternals/HDRP-Editor-ref.asmref has no target assembly definition
Assembly reference Packages/com.unity.cinemachine/Editor/Samples/ExposeHDRPInternals/HDRP-Editor-ref.asmref has no target assembly definition
Begin MonoManager ReloadAssembly
2026-03-24T09:41:12.995Z|0x6798|[Licensing::Client] Successfully resolved entitlement details
2026-03-24T09:41:13.818Z|0x6798|- Loaded All Assemblies, in  0.826 seconds
2026-03-24T09:41:13.980Z|0x6798|Assembly reference Packages/com.unity.cinemachine/Editor/Samples/ExposeHDRPInternals/HDRP-Editor-ref.asmref has no target assembly definition
'Packages/com.unity.cinemachine/Editor/Obsolete/CinemachineVirtualCameraBaseEditor.cs' contains partial class of Unity.Object, exactly 1 of the partial classes needs to be in a file with the same filename. This is to know the one that can be referenced from ie. GameObjects
2026-03-24T09:41:14.101Z|0x6798|'Packages/com.unity.cinemachine/Editor/Editors/CinemachineVirtualCameraBaseEditor.cs' contains partial class of Unity.Object, exactly 1 of the partial classes needs to be in a file with the same filename. This is to know the one that can be referenced from ie. GameObjects
2026-03-24T09:41:14.132Z|0x6798|Refreshing native plugins compatible for Editor in 0.42 ms, found 2 plugins.
2026-03-24T09:41:14.272Z|0x6798|Native extension for Android target not found
2026-03-24T09:41:14.280Z|0x6798|Native extension for WindowsStandalone target not found
2026-03-24T09:41:14.281Z|0x6798|Native extension for WebGL target not found
2026-03-24T09:41:14.438Z|0x6798|Assembly reference Packages/com.unity.cinemachine/Editor/Samples/ExposeHDRPInternals/HDRP-Editor-ref.asmref has no target assembly definition
[Package Manager] Failed to launch server process. Reason: Unity was launched with the -noUpm command-line argument
2026-03-24T09:41:14.687Z|0x6798|[Package Manager] Unable to send message (not connected to server process).
2026-03-24T09:41:14.687Z|0x6798|[Package Manager] Cannot connect to Unity Package Manager local server
2026-03-24T09:41:14.700Z|0x6798|[Package Manager] Failed to launch server process. Reason: Unity was launched with the -noUpm command-line argument
2026-03-24T09:41:14.700Z|0x6798|[Package Manager] Unable to send message (not connected to server process).
2026-03-24T09:41:14.700Z|0x6798|[Package Manager] Cannot connect to Unity Package Manager local server
2026-03-24T09:41:14.978Z|0x6798|ScheduleIndexationOnStartup MainProcess:False IndexOnStartup:True
Mono: successfully reloaded assembly
2026-03-24T09:41:15.047Z|0x6798|- Finished resetting the current domain, in  0.914 seconds
2026-03-24T09:41:15.047Z|0x6798|Domain Reload Profiling: 1741ms
	BeginReloadAssembly (231ms)
		ExecutionOrderSort (0ms)
		DisableScriptedObjects (7ms)
		BackupInstance (0ms)
		ReleaseScriptingObjects (0ms)
		CreateAndSetChildDomain (54ms)
	RebuildCommonClasses (43ms)
	RebuildNativeTypeToScriptingClass (15ms)
	initialDomainReloadingComplete (32ms)
	LoadAllAssembliesAndSetupDomain (504ms)
		LoadAssemblies (385ms)
		RebuildTransferFunctionScriptingTraits (0ms)
		AnalyzeDomain (226ms)
			TypeCache.Refresh (7ms)
				TypeCache.ScanAssembly (0ms)
			BuildScriptInfoCaches (203ms)
			ResolveRequiredComponents (11ms)
	FinalizeReload (915ms)
		ReleaseScriptCaches (0ms)
		RebuildScriptCaches (0ms)
		SetupLoadedEditorAssemblies (733ms)
			LogAssemblyErrors (0ms)
			InitializePlatformSupportModulesInManaged (12ms)
			SetLoadedEditorAssemblies (6ms)
			BeforeProcessingInitializeOnLoad (219ms)
			ProcessInitializeOnLoadAttributes (408ms)
			ProcessInitializeOnLoadMethodAttributes (81ms)
			AfterProcessingInitializeOnLoad (6ms)
			EditorAssembliesLoaded (0ms)
		ExecutionOrderSort2 (0ms)
		AwakeInstancesAfterBackupRestoration (18ms)
2026-03-24T09:41:15.540Z|0x6798|Refreshing native plugins compatible for Editor in 0.96 ms, found 2 plugins.
2026-03-24T09:41:15.540Z|0x6798|Preloading 0 native plugins for Editor in 0.00 ms.
2026-03-24T09:41:15.542Z|0xd8e4|Unloading 17 Unused Serialized files (Serialized files now loaded: 0)
2026-03-24T09:41:15.567Z|0x6798|Unloading 4702 unused Assets / (4.1 MB). Loaded Objects now: 5602.
Memory consumption went from 137.8 MB to 133.6 MB.
2026-03-24T09:41:15.567Z|0x6798|Total: 24.281000 ms (FindLiveObjects: 1.424700 ms CreateObjectMapping: 1.711500 ms MarkObjects: 13.959700 ms  DeleteObjects: 7.181200 ms)

2026-03-24T09:41:15.567Z|0x6798|Prepare: number of updated asset objects reloaded= 0
2026-03-24T09:41:41.808Z|0x6798|========================================================================
Received Import Request.
  Time since last request: 2407704.897815 seconds.
  path: Assets/Prefabs/Bullets/Bullet_Pistol.prefab
  artifactKey: Guid(a067f25cbd1028148beb4f09ba880e8f) Importer(815301076,1909f56bfc062723c751e8b465ee728b)
2026-03-24T09:41:41.820Z|0x6798|Start importing Assets/Prefabs/Bullets/Bullet_Pistol.prefab using Guid(a067f25cbd1028148beb4f09ba880e8f) Importer(815301076,1909f56bfc062723c751e8b465ee728b) (PreviewImporter) -> (artifact id: '6d68c7ba5209a258fcd163ce7e71c6ee') in 1.363795 seconds
2026-03-24T09:41:43.210Z|0x6798|Number of updated asset objects reloaded before import = 0Number of asset objects unloaded after import = 14

2026-03-24T09:42:00.864Z|0x6798|========================================================================
2026-03-24T09:42:00.864Z|0x6798|Received Prepare
2026-03-24T09:42:00.974Z|0x6798|Assembly reference Packages/com.unity.cinemachine/Editor/Samples/ExposeHDRPInternals/HDRP-Editor-ref.asmref has no target assembly definition
Assembly reference Packages/com.unity.cinemachine/Editor/Samples/ExposeHDRPInternals/HDRP-Editor-ref.asmref has no target assembly definition
Begin MonoManager ReloadAssembly
2026-03-24T09:42:02.598Z|0x6798|- Loaded All Assemblies, in  1.367 seconds
2026-03-24T09:42:02.853Z|0x6798|Assembly reference Packages/com.unity.cinemachine/Editor/Samples/ExposeHDRPInternals/HDRP-Editor-ref.asmref has no target assembly definition
'Packages/com.unity.cinemachine/Editor/Obsolete/CinemachineVirtualCameraBaseEditor.cs' contains partial class of Unity.Object, exactly 1 of the partial classes needs to be in a file with the same filename. This is to know the one that can be referenced from ie. GameObjects
2026-03-24T09:42:02.994Z|0x6798|'Packages/com.unity.cinemachine/Editor/Editors/CinemachineVirtualCameraBaseEditor.cs' contains partial class of Unity.Object, exactly 1 of the partial classes needs to be in a file with the same filename. This is to know the one that can be referenced from ie. GameObjects
2026-03-24T09:42:03.042Z|0x6798|Refreshing native plugins compatible for Editor in 0.51 ms, found 2 plugins.
2026-03-24T09:42:03.236Z|0x6798|Native extension for Android target not found
2026-03-24T09:42:03.250Z|0x6798|Native extension for WindowsStandalone target not found
2026-03-24T09:42:03.251Z|0x6798|Native extension for WebGL target not found
2026-03-24T09:42:03.525Z|0x6798|Assembly reference Packages/com.unity.cinemachine/Editor/Samples/ExposeHDRPInternals/HDRP-Editor-ref.asmref has no target assembly definition
[Package Manager] Failed to launch server process. Reason: Unity was launched with the -noUpm command-line argument
2026-03-24T09:42:03.924Z|0x6798|[Package Manager] Unable to send message (not connected to server process).
2026-03-24T09:42:03.924Z|0x6798|[Package Manager] Cannot connect to Unity Package Manager local server
2026-03-24T09:42:03.944Z|0x6798|[Package Manager] Failed to launch server process. Reason: Unity was launched with the -noUpm command-line argument
2026-03-24T09:42:03.945Z|0x6798|[Package Manager] Unable to send message (not connected to server process).
2026-03-24T09:42:03.945Z|0x6798|[Package Manager] Cannot connect to Unity Package Manager local server
2026-03-24T09:42:04.402Z|0x6798|ScheduleIndexationOnStartup MainProcess:False IndexOnStartup:True
Mono: successfully reloaded assembly
2026-03-24T09:42:04.510Z|0x6798|- Finished resetting the current domain, in  1.467 seconds
2026-03-24T09:42:04.511Z|0x6798|Domain Reload Profiling: 2835ms
	BeginReloadAssembly (486ms)
		ExecutionOrderSort (0ms)
		DisableScriptedObjects (35ms)
		BackupInstance (0ms)
		ReleaseScriptingObjects (0ms)
		CreateAndSetChildDomain (188ms)
	RebuildCommonClasses (58ms)
	RebuildNativeTypeToScriptingClass (16ms)
	initialDomainReloadingComplete (45ms)
	LoadAllAssembliesAndSetupDomain (763ms)
		LoadAssemblies (596ms)
		RebuildTransferFunctionScriptingTraits (0ms)
		AnalyzeDomain (339ms)
			TypeCache.Refresh (9ms)
				TypeCache.ScanAssembly (0ms)
			BuildScriptInfoCaches (308ms)
			ResolveRequiredComponents (15ms)
	FinalizeReload (1468ms)
		ReleaseScriptCaches (0ms)
		RebuildScriptCaches (0ms)
		SetupLoadedEditorAssemblies (1211ms)
			LogAssemblyErrors (0ms)
			InitializePlatformSupportModulesInManaged (20ms)
			SetLoadedEditorAssemblies (9ms)
			BeforeProcessingInitializeOnLoad (348ms)
			ProcessInitializeOnLoadAttributes (641ms)
			ProcessInitializeOnLoadMethodAttributes (183ms)
			AfterProcessingInitializeOnLoad (9ms)
			EditorAssembliesLoaded (1ms)
		ExecutionOrderSort2 (0ms)
		AwakeInstancesAfterBackupRestoration (25ms)
2026-03-24T09:42:05.308Z|0x6798|Refreshing native plugins compatible for Editor in 1.94 ms, found 2 plugins.
2026-03-24T09:42:05.308Z|0x6798|Preloading 0 native plugins for Editor in 0.00 ms.
2026-03-24T09:42:05.312Z|0x15fac|Unloading 17 Unused Serialized files (Serialized files now loaded: 0)
2026-03-24T09:42:05.343Z|0x6798|Unloading 4704 unused Assets / (6.1 MB). Loaded Objects now: 5637.
Memory consumption went from 140.5 MB to 134.4 MB.
2026-03-24T09:42:05.343Z|0x6798|Total: 31.447900 ms (FindLiveObjects: 1.617500 ms CreateObjectMapping: 1.969500 ms MarkObjects: 13.927700 ms  DeleteObjects: 13.929800 ms)

2026-03-24T09:42:05.344Z|0x6798|Prepare: number of updated asset objects reloaded= 0
2026-03-24T09:44:51.040Z|0x6798|========================================================================
2026-03-24T09:44:51.040Z|0x6798|Received Prepare
2026-03-24T09:44:51.116Z|0x6798|Assembly reference Packages/com.unity.cinemachine/Editor/Samples/ExposeHDRPInternals/HDRP-Editor-ref.asmref has no target assembly definition
Assembly reference Packages/com.unity.cinemachine/Editor/Samples/ExposeHDRPInternals/HDRP-Editor-ref.asmref has no target assembly definition
Begin MonoManager ReloadAssembly
2026-03-24T09:44:51.283Z|0x6798|[Licensing::Client] Successfully resolved entitlement details
2026-03-24T09:44:52.187Z|0x6798|- Loaded All Assemblies, in  0.906 seconds
2026-03-24T09:44:52.360Z|0x6798|Assembly reference Packages/com.unity.cinemachine/Editor/Samples/ExposeHDRPInternals/HDRP-Editor-ref.asmref has no target assembly definition
'Packages/com.unity.cinemachine/Editor/Obsolete/CinemachineVirtualCameraBaseEditor.cs' contains partial class of Unity.Object, exactly 1 of the partial classes needs to be in a file with the same filename. This is to know the one that can be referenced from ie. GameObjects
2026-03-24T09:44:52.486Z|0x6798|'Packages/com.unity.cinemachine/Editor/Editors/CinemachineVirtualCameraBaseEditor.cs' contains partial class of Unity.Object, exactly 1 of the partial classes needs to be in a file with the same filename. This is to know the one that can be referenced from ie. GameObjects
2026-03-24T09:44:52.517Z|0x6798|Refreshing native plugins compatible for Editor in 0.53 ms, found 2 plugins.
2026-03-24T09:44:52.672Z|0x6798|Native extension for Android target not found
2026-03-24T09:44:52.680Z|0x6798|Native extension for WindowsStandalone target not found
2026-03-24T09:44:52.681Z|0x6798|Native extension for WebGL target not found
2026-03-24T09:44:52.836Z|0x6798|Assembly reference Packages/com.unity.cinemachine/Editor/Samples/ExposeHDRPInternals/HDRP-Editor-ref.asmref has no target assembly definition
[Package Manager] Failed to launch server process. Reason: Unity was launched with the -noUpm command-line argument
2026-03-24T09:44:53.094Z|0x6798|[Package Manager] Unable to send message (not connected to server process).
2026-03-24T09:44:53.094Z|0x6798|[Package Manager] Cannot connect to Unity Package Manager local server
2026-03-24T09:44:53.109Z|0x6798|[Package Manager] Failed to launch server process. Reason: Unity was launched with the -noUpm command-line argument
2026-03-24T09:44:53.109Z|0x6798|[Package Manager] Unable to send message (not connected to server process).
2026-03-24T09:44:53.109Z|0x6798|[Package Manager] Cannot connect to Unity Package Manager local server
2026-03-24T09:44:53.413Z|0x6798|ScheduleIndexationOnStartup MainProcess:False IndexOnStartup:True
Mono: successfully reloaded assembly
2026-03-24T09:44:53.486Z|0x6798|- Finished resetting the current domain, in  0.969 seconds
2026-03-24T09:44:53.487Z|0x6798|Domain Reload Profiling: 1876ms
	BeginReloadAssembly (268ms)
		ExecutionOrderSort (0ms)
		DisableScriptedObjects (7ms)
		BackupInstance (0ms)
		ReleaseScriptingObjects (0ms)
		CreateAndSetChildDomain (75ms)
	RebuildCommonClasses (44ms)
	RebuildNativeTypeToScriptingClass (22ms)
	initialDomainReloadingComplete (32ms)
	LoadAllAssembliesAndSetupDomain (541ms)
		LoadAssemblies (434ms)
		RebuildTransferFunctionScriptingTraits (0ms)
		AnalyzeDomain (230ms)
			TypeCache.Refresh (9ms)
				TypeCache.ScanAssembly (0ms)
			BuildScriptInfoCaches (203ms)
			ResolveRequiredComponents (11ms)
	FinalizeReload (970ms)
		ReleaseScriptCaches (0ms)
		RebuildScriptCaches (0ms)
		SetupLoadedEditorAssemblies (771ms)
			LogAssemblyErrors (0ms)
			InitializePlatformSupportModulesInManaged (12ms)
			SetLoadedEditorAssemblies (6ms)
			BeforeProcessingInitializeOnLoad (221ms)
			ProcessInitializeOnLoadAttributes (428ms)
			ProcessInitializeOnLoadMethodAttributes (97ms)
			AfterProcessingInitializeOnLoad (6ms)
			EditorAssembliesLoaded (0ms)
		ExecutionOrderSort2 (0ms)
		AwakeInstancesAfterBackupRestoration (17ms)
2026-03-24T09:44:54.080Z|0x6798|Refreshing native plugins compatible for Editor in 0.99 ms, found 2 plugins.
2026-03-24T09:44:54.080Z|0x6798|Preloading 0 native plugins for Editor in 0.00 ms.
2026-03-24T09:44:54.082Z|0x17ee8|Unloading 17 Unused Serialized files (Serialized files now loaded: 0)
2026-03-24T09:44:54.106Z|0x6798|Unloading 4702 unused Assets / (4.0 MB). Loaded Objects now: 5640.
Memory consumption went from 140.3 MB to 136.3 MB.
2026-03-24T09:44:54.106Z|0x6798|Total: 24.229200 ms (FindLiveObjects: 1.468200 ms CreateObjectMapping: 1.604200 ms MarkObjects: 14.697500 ms  DeleteObjects: 6.455300 ms)

2026-03-24T09:44:54.106Z|0x6798|Prepare: number of updated asset objects reloaded= 0
2026-03-24T09:46:23.385Z|0x6798|========================================================================
2026-03-24T09:46:23.386Z|0x6798|Received Prepare
2026-03-24T09:46:23.455Z|0x6798|Assembly reference Packages/com.unity.cinemachine/Editor/Samples/ExposeHDRPInternals/HDRP-Editor-ref.asmref has no target assembly definition
Assembly reference Packages/com.unity.cinemachine/Editor/Samples/ExposeHDRPInternals/HDRP-Editor-ref.asmref has no target assembly definition
Begin MonoManager ReloadAssembly
2026-03-24T09:46:23.622Z|0x6798|[Licensing::Client] Successfully resolved entitlement details
2026-03-24T09:46:24.681Z|0x6798|- Loaded All Assemblies, in  1.062 seconds
2026-03-24T09:46:24.891Z|0x6798|Assembly reference Packages/com.unity.cinemachine/Editor/Samples/ExposeHDRPInternals/HDRP-Editor-ref.asmref has no target assembly definition
'Packages/com.unity.cinemachine/Editor/Obsolete/CinemachineVirtualCameraBaseEditor.cs' contains partial class of Unity.Object, exactly 1 of the partial classes needs to be in a file with the same filename. This is to know the one that can be referenced from ie. GameObjects
2026-03-24T09:46:25.048Z|0x6798|'Packages/com.unity.cinemachine/Editor/Editors/CinemachineVirtualCameraBaseEditor.cs' contains partial class of Unity.Object, exactly 1 of the partial classes needs to be in a file with the same filename. This is to know the one that can be referenced from ie. GameObjects
2026-03-24T09:46:25.096Z|0x6798|Refreshing native plugins compatible for Editor in 0.62 ms, found 2 plugins.
2026-03-24T09:46:25.290Z|0x6798|Native extension for Android target not found
2026-03-24T09:46:25.303Z|0x6798|Native extension for WindowsStandalone target not found
2026-03-24T09:46:25.304Z|0x6798|Native extension for WebGL target not found
2026-03-24T09:46:25.542Z|0x6798|Assembly reference Packages/com.unity.cinemachine/Editor/Samples/ExposeHDRPInternals/HDRP-Editor-ref.asmref has no target assembly definition
[Package Manager] Failed to launch server process. Reason: Unity was launched with the -noUpm command-line argument
2026-03-24T09:46:25.905Z|0x6798|[Package Manager] Unable to send message (not connected to server process).
2026-03-24T09:46:25.905Z|0x6798|[Package Manager] Cannot connect to Unity Package Manager local server
2026-03-24T09:46:25.927Z|0x6798|[Package Manager] Failed to launch server process. Reason: Unity was launched with the -noUpm command-line argument
2026-03-24T09:46:25.928Z|0x6798|[Package Manager] Unable to send message (not connected to server process).
2026-03-24T09:46:25.928Z|0x6798|[Package Manager] Cannot connect to Unity Package Manager local server
2026-03-24T09:46:26.283Z|0x6798|ScheduleIndexationOnStartup MainProcess:False IndexOnStartup:True
Mono: successfully reloaded assembly
2026-03-24T09:46:26.374Z|0x6798|- Finished resetting the current domain, in  1.277 seconds
2026-03-24T09:46:26.374Z|0x6798|Domain Reload Profiling: 2340ms
	BeginReloadAssembly (255ms)
		ExecutionOrderSort (0ms)
		DisableScriptedObjects (7ms)
		BackupInstance (0ms)
		ReleaseScriptingObjects (0ms)
		CreateAndSetChildDomain (66ms)
	RebuildCommonClasses (44ms)
	RebuildNativeTypeToScriptingClass (16ms)
	initialDomainReloadingComplete (41ms)
	LoadAllAssembliesAndSetupDomain (706ms)
		LoadAssemblies (489ms)
		RebuildTransferFunctionScriptingTraits (0ms)
		AnalyzeDomain (335ms)
			TypeCache.Refresh (20ms)
				TypeCache.ScanAssembly (1ms)
			BuildScriptInfoCaches (296ms)
			ResolveRequiredComponents (13ms)
	FinalizeReload (1278ms)
		ReleaseScriptCaches (0ms)
		RebuildScriptCaches (0ms)
		SetupLoadedEditorAssemblies (1024ms)
			LogAssemblyErrors (0ms)
			InitializePlatformSupportModulesInManaged (19ms)
			SetLoadedEditorAssemblies (9ms)
			BeforeProcessingInitializeOnLoad (310ms)
			ProcessInitializeOnLoadAttributes (577ms)
			ProcessInitializeOnLoadMethodAttributes (102ms)
			AfterProcessingInitializeOnLoad (6ms)
			EditorAssembliesLoaded (0ms)
		ExecutionOrderSort2 (0ms)
		AwakeInstancesAfterBackupRestoration (26ms)
2026-03-24T09:46:26.905Z|0x6798|Refreshing native plugins compatible for Editor in 1.00 ms, found 2 plugins.
2026-03-24T09:46:26.905Z|0x6798|Preloading 0 native plugins for Editor in 0.00 ms.
2026-03-24T09:46:26.907Z|0x1aaa4|Unloading 17 Unused Serialized files (Serialized files now loaded: 0)
2026-03-24T09:46:26.929Z|0x6798|Unloading 4702 unused Assets / (3.9 MB). Loaded Objects now: 5643.
Memory consumption went from 140.4 MB to 136.5 MB.
2026-03-24T09:46:26.929Z|0x6798|Total: 22.332600 ms (FindLiveObjects: 1.242700 ms CreateObjectMapping: 1.889300 ms MarkObjects: 13.936300 ms  DeleteObjects: 5.260700 ms)

2026-03-24T09:46:26.929Z|0x6798|Prepare: number of updated asset objects reloaded= 0
2026-03-24T10:01:08.401Z|0x6798|========================================================================
2026-03-24T10:01:08.401Z|0x6798|Received Prepare
2026-03-24T10:01:08.468Z|0x6798|Assembly reference Packages/com.unity.cinemachine/Editor/Samples/ExposeHDRPInternals/HDRP-Editor-ref.asmref has no target assembly definition
Assembly reference Packages/com.unity.cinemachine/Editor/Samples/ExposeHDRPInternals/HDRP-Editor-ref.asmref has no target assembly definition
Begin MonoManager ReloadAssembly
2026-03-24T10:01:08.632Z|0x6798|[Licensing::Client] Successfully resolved entitlement details
2026-03-24T10:01:09.491Z|0x6798|- Loaded All Assemblies, in  0.861 seconds
2026-03-24T10:01:09.657Z|0x6798|Assembly reference Packages/com.unity.cinemachine/Editor/Samples/ExposeHDRPInternals/HDRP-Editor-ref.asmref has no target assembly definition
'Packages/com.unity.cinemachine/Editor/Obsolete/CinemachineVirtualCameraBaseEditor.cs' contains partial class of Unity.Object, exactly 1 of the partial classes needs to be in a file with the same filename. This is to know the one that can be referenced from ie. GameObjects
2026-03-24T10:01:09.785Z|0x6798|'Packages/com.unity.cinemachine/Editor/Editors/CinemachineVirtualCameraBaseEditor.cs' contains partial class of Unity.Object, exactly 1 of the partial classes needs to be in a file with the same filename. This is to know the one that can be referenced from ie. GameObjects
2026-03-24T10:01:09.816Z|0x6798|Refreshing native plugins compatible for Editor in 0.49 ms, found 2 plugins.
2026-03-24T10:01:09.956Z|0x6798|Native extension for Android target not found
2026-03-24T10:01:09.964Z|0x6798|Native extension for WindowsStandalone target not found
2026-03-24T10:01:09.964Z|0x6798|Native extension for WebGL target not found
2026-03-24T10:01:10.121Z|0x6798|Assembly reference Packages/com.unity.cinemachine/Editor/Samples/ExposeHDRPInternals/HDRP-Editor-ref.asmref has no target assembly definition
[Package Manager] Failed to launch server process. Reason: Unity was launched with the -noUpm command-line argument
2026-03-24T10:01:10.364Z|0x6798|[Package Manager] Unable to send message (not connected to server process).
2026-03-24T10:01:10.364Z|0x6798|[Package Manager] Cannot connect to Unity Package Manager local server
2026-03-24T10:01:10.379Z|0x6798|[Package Manager] Failed to launch server process. Reason: Unity was launched with the -noUpm command-line argument
2026-03-24T10:01:10.379Z|0x6798|[Package Manager] Unable to send message (not connected to server process).
2026-03-24T10:01:10.379Z|0x6798|[Package Manager] Cannot connect to Unity Package Manager local server
2026-03-24T10:01:10.661Z|0x6798|ScheduleIndexationOnStartup MainProcess:False IndexOnStartup:True
Mono: successfully reloaded assembly
2026-03-24T10:01:10.735Z|0x6798|- Finished resetting the current domain, in  0.919 seconds
2026-03-24T10:01:10.736Z|0x6798|Domain Reload Profiling: 1780ms
	BeginReloadAssembly (249ms)
		ExecutionOrderSort (0ms)
		DisableScriptedObjects (7ms)
		BackupInstance (0ms)
		ReleaseScriptingObjects (0ms)
		CreateAndSetChildDomain (64ms)
	RebuildCommonClasses (44ms)
	RebuildNativeTypeToScriptingClass (15ms)
	initialDomainReloadingComplete (32ms)
	LoadAllAssembliesAndSetupDomain (521ms)
		LoadAssemblies (408ms)
		RebuildTransferFunctionScriptingTraits (0ms)
		AnalyzeDomain (230ms)
			TypeCache.Refresh (9ms)
				TypeCache.ScanAssembly (0ms)
			BuildScriptInfoCaches (202ms)
			ResolveRequiredComponents (12ms)
	FinalizeReload (919ms)
		ReleaseScriptCaches (0ms)
		RebuildScriptCaches (0ms)
		SetupLoadedEditorAssemblies (733ms)
			LogAssemblyErrors (0ms)
			InitializePlatformSupportModulesInManaged (12ms)
			SetLoadedEditorAssemblies (6ms)
			BeforeProcessingInitializeOnLoad (215ms)
			ProcessInitializeOnLoadAttributes (413ms)
			ProcessInitializeOnLoadMethodAttributes (80ms)
			AfterProcessingInitializeOnLoad (6ms)
			EditorAssembliesLoaded (0ms)
		ExecutionOrderSort2 (0ms)
		AwakeInstancesAfterBackupRestoration (18ms)
2026-03-24T10:01:11.274Z|0x6798|Refreshing native plugins compatible for Editor in 1.26 ms, found 2 plugins.
2026-03-24T10:01:11.274Z|0x6798|Preloading 0 native plugins for Editor in 0.00 ms.
2026-03-24T10:01:11.277Z|0xfc28|Unloading 17 Unused Serialized files (Serialized files now loaded: 0)
2026-03-24T10:01:11.302Z|0x6798|Unloading 4702 unused Assets / (4.2 MB). Loaded Objects now: 5646.
Memory consumption went from 140.5 MB to 136.2 MB.
2026-03-24T10:01:11.303Z|0x6798|Total: 24.994600 ms (FindLiveObjects: 1.728100 ms CreateObjectMapping: 2.034800 ms MarkObjects: 14.171900 ms  DeleteObjects: 7.056500 ms)

2026-03-24T10:01:11.303Z|0x6798|Prepare: number of updated asset objects reloaded= 0
2026-03-24T10:03:21.542Z|0x6798|========================================================================
2026-03-24T10:03:21.542Z|0x6798|Received Prepare
2026-03-24T10:03:21.679Z|0x6798|Assembly reference Packages/com.unity.cinemachine/Editor/Samples/ExposeHDRPInternals/HDRP-Editor-ref.asmref has no target assembly definition
Assembly reference Packages/com.unity.cinemachine/Editor/Samples/ExposeHDRPInternals/HDRP-Editor-ref.asmref has no target assembly definition
Begin MonoManager ReloadAssembly
2026-03-24T10:03:21.936Z|0x6798|[Licensing::Client] Successfully resolved entitlement details
2026-03-24T10:03:23.577Z|0x6798|- Loaded All Assemblies, in  1.645 seconds
2026-03-24T10:03:23.854Z|0x6798|Assembly reference Packages/com.unity.cinemachine/Editor/Samples/ExposeHDRPInternals/HDRP-Editor-ref.asmref has no target assembly definition
'Packages/com.unity.cinemachine/Editor/Obsolete/CinemachineVirtualCameraBaseEditor.cs' contains partial class of Unity.Object, exactly 1 of the partial classes needs to be in a file with the same filename. This is to know the one that can be referenced from ie. GameObjects
2026-03-24T10:03:24.047Z|0x6798|'Packages/com.unity.cinemachine/Editor/Editors/CinemachineVirtualCameraBaseEditor.cs' contains partial class of Unity.Object, exactly 1 of the partial classes needs to be in a file with the same filename. This is to know the one that can be referenced from ie. GameObjects
2026-03-24T10:03:24.109Z|0x6798|Refreshing native plugins compatible for Editor in 0.89 ms, found 2 plugins.
2026-03-24T10:03:24.370Z|0x6798|Native extension for Android target not found
2026-03-24T10:03:24.384Z|0x6798|Native extension for WindowsStandalone target not found
2026-03-24T10:03:24.385Z|0x6798|Native extension for WebGL target not found
2026-03-24T10:03:24.661Z|0x6798|Assembly reference Packages/com.unity.cinemachine/Editor/Samples/ExposeHDRPInternals/HDRP-Editor-ref.asmref has no target assembly definition
[MODES] ModeService[none].Initialize
[MODES] ModeService[none].LoadModes
[MODES] Loading mode Default (0) for mode-current-id-tutorial
[Package Manager] Failed to launch server process. Reason: Unity was launched with the -noUpm command-line argument
2026-03-24T10:03:25.271Z|0x6798|[Package Manager] Unable to send message (not connected to server process).
2026-03-24T10:03:25.272Z|0x6798|[Package Manager] Cannot connect to Unity Package Manager local server
2026-03-24T10:03:25.298Z|0x6798|[Package Manager] Failed to launch server process. Reason: Unity was launched with the -noUpm command-line argument
2026-03-24T10:03:25.298Z|0x6798|[Package Manager] Unable to send message (not connected to server process).
2026-03-24T10:03:25.298Z|0x6798|[Package Manager] Cannot connect to Unity Package Manager local server
2026-03-24T10:03:25.753Z|0x6798|ScheduleIndexationOnStartup MainProcess:False IndexOnStartup:True
Mono: successfully reloaded assembly
2026-03-24T10:03:25.876Z|0x6798|- Finished resetting the current domain, in  1.765 seconds
2026-03-24T10:03:25.877Z|0x6798|Domain Reload Profiling: 3412ms
	BeginReloadAssembly (490ms)
		ExecutionOrderSort (0ms)
		DisableScriptedObjects (29ms)
		BackupInstance (0ms)
		ReleaseScriptingObjects (0ms)
		CreateAndSetChildDomain (128ms)
	RebuildCommonClasses (80ms)
	RebuildNativeTypeToScriptingClass (24ms)
	initialDomainReloadingComplete (55ms)
	LoadAllAssembliesAndSetupDomain (996ms)
		LoadAssemblies (817ms)
		RebuildTransferFunctionScriptingTraits (0ms)
		AnalyzeDomain (399ms)
			TypeCache.Refresh (24ms)
				TypeCache.ScanAssembly (5ms)
			BuildScriptInfoCaches (344ms)
			ResolveRequiredComponents (21ms)
	FinalizeReload (1766ms)
		ReleaseScriptCaches (0ms)
		RebuildScriptCaches (0ms)
		SetupLoadedEditorAssemblies (1430ms)
			LogAssemblyErrors (0ms)
			InitializePlatformSupportModulesInManaged (22ms)
			SetLoadedEditorAssemblies (10ms)
			BeforeProcessingInitializeOnLoad (352ms)
			ProcessInitializeOnLoadAttributes (890ms)
			ProcessInitializeOnLoadMethodAttributes (146ms)
			AfterProcessingInitializeOnLoad (9ms)
			EditorAssembliesLoaded (1ms)
		ExecutionOrderSort2 (0ms)
		AwakeInstancesAfterBackupRestoration (33ms)
2026-03-24T10:03:26.530Z|0x6798|Refreshing native plugins compatible for Editor in 1.34 ms, found 2 plugins.
2026-03-24T10:03:26.530Z|0x6798|Preloading 0 native plugins for Editor in 0.00 ms.
2026-03-24T10:03:26.532Z|0x7180|Unloading 19 Unused Serialized files (Serialized files now loaded: 0)
2026-03-24T10:03:26.565Z|0x6798|Unloading 4821 unused Assets / (4.6 MB). Loaded Objects now: 5773.
Memory consumption went from 141.7 MB to 137.1 MB.
2026-03-24T10:03:26.565Z|0x6798|Total: 32.450800 ms (FindLiveObjects: 2.539600 ms CreateObjectMapping: 2.597900 ms MarkObjects: 18.643600 ms  DeleteObjects: 8.665700 ms)

2026-03-24T10:03:26.565Z|0x6798|Prepare: number of updated asset objects reloaded= 0
2026-03-24T10:04:06.652Z|0x6798|========================================================================
Received Import Request.
  Time since last request: 1343.428902 seconds.
  path: Assets/Scripts/Bullet/BulletPool.cs
  artifactKey: Guid(fd6e71d163b5f104585632cd03295392) Importer(2089858483,b0f066a214c2f5e87bad3c948f4d605d)
2026-03-24T10:04:06.672Z|0x6798|Start importing Assets/Scripts/Bullet/BulletPool.cs using Guid(fd6e71d163b5f104585632cd03295392) Importer(2089858483,b0f066a214c2f5e87bad3c948f4d605d) (ScriptedImporter) -> (artifact id: '7a800fa40effdeda7284454ad4f2c7c2') in 0.2030045 seconds
2026-03-24T10:04:06.904Z|0x6798|Number of updated asset objects reloaded before import = 0Number of asset objects unloaded after import = 0

2026-03-24T10:04:06.904Z|0x6798|========================================================================
Received Import Request.
  Time since last request: 0.000029 seconds.
  path: Assets/Prefabs/Bullets/Bullet_Assault.prefab
  artifactKey: Guid(97961d6b05c1b6c48b53dd6b1bf6ef30) Importer(2089858483,b0f066a214c2f5e87bad3c948f4d605d)
2026-03-24T10:04:06.921Z|0x6798|Start importing Assets/Prefabs/Bullets/Bullet_Assault.prefab using Guid(97961d6b05c1b6c48b53dd6b1bf6ef30) Importer(2089858483,b0f066a214c2f5e87bad3c948f4d605d) (ScriptedImporter) -> (artifact id: '405a612546db3f91f95bca4909e3c5a0') in 0.087394 seconds
2026-03-24T10:04:07.032Z|0x6798|Number of updated asset objects reloaded before import = 0Number of asset objects unloaded after import = 12

2026-03-24T10:04:07.032Z|0x6798|========================================================================
Received Import Request.
  Time since last request: 0.000047 seconds.
  path: Assets/Breathing Idle.fbx
  artifactKey: Guid(646b0b317355f1b40aaecffbb2430fb6) Importer(2089858483,b0f066a214c2f5e87bad3c948f4d605d)
2026-03-24T10:04:07.046Z|0x6798|Start importing Assets/Breathing Idle.fbx using Guid(646b0b317355f1b40aaecffbb2430fb6) Importer(2089858483,b0f066a214c2f5e87bad3c948f4d605d) (ScriptedImporter) -> (artifact id: '9dc13489db47210bcb12346f3c5e1836') in 0.1333231 seconds
2026-03-24T10:04:07.205Z|0x6798|Number of updated asset objects reloaded before import = 0Number of asset objects unloaded after import = 157

2026-03-24T10:04:07.205Z|0x6798|========================================================================
Received Import Request.
  Time since last request: 0.000030 seconds.
  path: Assets/Prefabs/Bullets/Bullet_HalfShotgun.prefab
  artifactKey: Guid(518d5eaa370c0cf4e93b4d03b6df306a) Importer(2089858483,b0f066a214c2f5e87bad3c948f4d605d)
2026-03-24T10:04:07.220Z|0x6798|Start importing Assets/Prefabs/Bullets/Bullet_HalfShotgun.prefab using Guid(518d5eaa370c0cf4e93b4d03b6df306a) Importer(2089858483,b0f066a214c2f5e87bad3c948f4d605d) (ScriptedImporter) -> (artifact id: '1d4116a37e7fc3dfa9d4b3c23ff45e4a') in 0.0246704 seconds
2026-03-24T10:04:07.272Z|0x6798|Number of updated asset objects reloaded before import = 0Number of asset objects unloaded after import = 11

2026-03-24T10:04:07.272Z|0x6798|========================================================================
Received Import Request.
  Time since last request: 0.000046 seconds.
  path: Assets/Prefabs/Bullets/Bullet_Shotgun.prefab
  artifactKey: Guid(193ce499e005cb845bc57bc826163852) Importer(2089858483,b0f066a214c2f5e87bad3c948f4d605d)
2026-03-24T10:04:07.288Z|0x6798|Start importing Assets/Prefabs/Bullets/Bullet_Shotgun.prefab using Guid(193ce499e005cb845bc57bc826163852) Importer(2089858483,b0f066a214c2f5e87bad3c948f4d605d) (ScriptedImporter) -> (artifact id: '55c62b2f4aa3a255abcef64317fce042') in 0.0229306 seconds
2026-03-24T10:04:07.341Z|0x6798|Number of updated asset objects reloaded before import = 0Number of asset objects unloaded after import = 11

2026-03-24T10:04:07.341Z|0x6798|========================================================================
Received Import Request.
  Time since last request: 0.000215 seconds.
  path: Assets/Scripts/Gun.cs
  artifactKey: Guid(a3329c4b0d85c66468bc20470b14c10b) Importer(2089858483,b0f066a214c2f5e87bad3c948f4d605d)
2026-03-24T10:04:07.357Z|0x6798|Start importing Assets/Scripts/Gun.cs using Guid(a3329c4b0d85c66468bc20470b14c10b) Importer(2089858483,b0f066a214c2f5e87bad3c948f4d605d) (ScriptedImporter) -> (artifact id: '670d0f63a1086ed1ad7b07541d1277fe') in 0.0197065 seconds
2026-03-24T10:04:07.408Z|0x6798|Number of updated asset objects reloaded before import = 0Number of asset objects unloaded after import = 0

2026-03-24T10:04:07.408Z|0x6798|========================================================================
Received Import Request.
  Time since last request: 0.000021 seconds.
  path: Assets/Prefabs/Bullets/Bullet_Pistol_2.prefab
  artifactKey: Guid(6d712dbcb0527a74daa5dfbaeb492c31) Importer(2089858483,b0f066a214c2f5e87bad3c948f4d605d)
2026-03-24T10:04:07.422Z|0x6798|Start importing Assets/Prefabs/Bullets/Bullet_Pistol_2.prefab using Guid(6d712dbcb0527a74daa5dfbaeb492c31) Importer(2089858483,b0f066a214c2f5e87bad3c948f4d605d) (ScriptedImporter) -> (artifact id: '18e38349210f3d713a701bcf84786d3a') in 0.0251223 seconds
2026-03-24T10:04:07.476Z|0x6798|Number of updated asset objects reloaded before import = 0Number of asset objects unloaded after import = 11

2026-03-24T10:04:07.476Z|0x6798|========================================================================
Received Import Request.
  Time since last request: 0.000046 seconds.
  path: Assets/Scenes/MainMovement.unity
  artifactKey: Guid(9fc0d4010bbf28b4594072e72b8655ab) Importer(2089858483,b0f066a214c2f5e87bad3c948f4d605d)
2026-03-24T10:04:07.492Z|0x6798|Start importing Assets/Scenes/MainMovement.unity using Guid(9fc0d4010bbf28b4594072e72b8655ab) Importer(2089858483,b0f066a214c2f5e87bad3c948f4d605d) (ScriptedImporter) -> (artifact id: 'a49ea42dc38064ed712be61fcb11acb7') in 0.0241157 seconds
2026-03-24T10:04:07.545Z|0x6798|Number of updated asset objects reloaded before import = 0Number of asset objects unloaded after import = 1

2026-03-24T10:05:07.521Z|0x17c18|Editor requested this worker to shutdown with reason: Scaling down because of idle timeout
2026-03-24T10:05:07.585Z|0x6798|AssetImportWorker is now disconnected from the server
2026-03-24T10:05:07.585Z|0x6798|Process exiting
2026-03-24T10:05:07.585Z|0x6798|Exiting without the bug reporter. Application will terminate with return code 0