2026-03-26T05:37:05.619Z|0x13f40|[Licensing::Module] Trying to connect to existing licensing client channel...
2026-03-26T05:37:05.619Z|0x1ac|Built from '6000.3/staging' branch; Version is '6000.3.8f1 (1c7db571dde0) revision 1867189'; Using compiler version '194234433'; Build Type 'Release'
2026-03-26T05:37:05.619Z|0x13f40|[Licensing::IpcConnector] Successfully connected to: "LicenseClient-Rajat" at "2026-03-26T05:37:05.6195704Z"
2026-03-26T05:37:05.619Z|0x1ac|OS: 'Windows 11  (10.0.26100) CoreSingleLanguage' Language: 'en' Physical Memory: 23983 MB
2026-03-26T05:37:05.619Z|0x1ac|BatchMode: 1, IsHumanControllingUs: 0, StartBugReporterOnCrash: 0, Is64bit: 1
2026-03-26T05:37:05.619Z|0x1ac|System  architecture: x64
2026-03-26T05:37:05.620Z|0x1ac|Process architecture: x64
2026-03-26T05:37:05.620Z|0x1ac|Date: 2026-03-26T05:37:05Z
2026-03-26T05:37:05.763Z|0x1ac|
COMMAND LINE ARGUMENTS:
2026-03-26T05:37:05.763Z|0x1ac|C:\Program Files\Unity\Hub\Editor\6000.3.8f1\Editor\Unity.exe
2026-03-26T05:37:05.763Z|0x1ac|-adb2
2026-03-26T05:37:05.763Z|0x1ac|-batchMode
2026-03-26T05:37:05.763Z|0x1ac|-noUpm
2026-03-26T05:37:05.763Z|0x1ac|-name
2026-03-26T05:37:05.763Z|0x1ac|AssetImportWorker2
2026-03-26T05:37:05.763Z|0x1ac|-projectPath
2026-03-26T05:37:05.763Z|0x1ac|D:/Work/rigidbody-fps-controller-tutorial
2026-03-26T05:37:05.763Z|0x1ac|-logFile
2026-03-26T05:37:05.763Z|0x1ac|Logs/AssetImportWorker2.log
2026-03-26T05:37:05.763Z|0x1ac|-srvPort
2026-03-26T05:37:05.763Z|0x1ac|64364
2026-03-26T05:37:05.763Z|0x1ac|-licensingIpc
2026-03-26T05:37:05.763Z|0x1ac|LicenseClient-Rajat
2026-03-26T05:37:05.763Z|0x1ac|-job-worker-count
2026-03-26T05:37:05.763Z|0x1ac|7
2026-03-26T05:37:05.763Z|0x1ac|-background-job-worker-count
2026-03-26T05:37:05.763Z|0x1ac|8
2026-03-26T05:37:05.763Z|0x1ac|-gc-helper-count
2026-03-26T05:37:05.763Z|0x1ac|1
2026-03-26T05:37:05.763Z|0x1ac|-name
2026-03-26T05:37:05.763Z|0x1ac|AssetImport
2026-03-26T05:37:05.763Z|0x1ac|Successfully changed project path to: D:/Work/rigidbody-fps-controller-tutorial
2026-03-26T05:37:05.764Z|0x1ac|D:/Work/rigidbody-fps-controller-tutorial
2026-03-26T05:37:05.765Z|0x1ac|[UnityMemory] Configuration Parameters - Can be set up in boot.config
2026-03-26T05:37:05.765Z|0x1ac|    "memorysetup-temp-allocator-size-nav-mesh-worker=65536"
2026-03-26T05:37:05.765Z|0x1ac|    "memorysetup-temp-allocator-size-audio-worker=65536"
2026-03-26T05:37:05.765Z|0x1ac|    "memorysetup-temp-allocator-size-gfx=262144"
2026-03-26T05:37:05.765Z|0x1ac|    "memorysetup-allocator-temp-initial-block-size-main=262144"
2026-03-26T05:37:05.765Z|0x1ac|    "memorysetup-allocator-temp-initial-block-size-worker=262144"
2026-03-26T05:37:05.765Z|0x1ac|    "memorysetup-temp-allocator-size-background-worker=32768"
2026-03-26T05:37:05.765Z|0x1ac|    "memorysetup-temp-allocator-size-job-worker=262144"
2026-03-26T05:37:05.765Z|0x1ac|    "memorysetup-temp-allocator-size-preload-manager=33554432"
2026-03-26T05:37:05.765Z|0x1ac|    "memorysetup-temp-allocator-size-gi-baking-worker=262144"
2026-03-26T05:37:05.765Z|0x1ac|    "memorysetup-temp-allocator-size-gi-baking-worker=262144"
2026-03-26T05:37:05.765Z|0x1ac|    "memorysetup-temp-allocator-size-gi-baking-worker=262144"
2026-03-26T05:37:05.765Z|0x1ac|    "memorysetup-temp-allocator-size-gi-baking-worker=262144"
2026-03-26T05:37:05.765Z|0x1ac|    "memorysetup-temp-allocator-size-gi-baking-worker=262144"
2026-03-26T05:37:05.765Z|0x1ac|    "memorysetup-bucket-allocator-granularity=16"
2026-03-26T05:37:05.765Z|0x1ac|    "memorysetup-bucket-allocator-bucket-count=8"
2026-03-26T05:37:05.765Z|0x1ac|    "memorysetup-bucket-allocator-block-size=33554432"
2026-03-26T05:37:05.765Z|0x1ac|    "memorysetup-bucket-allocator-block-count=8"
2026-03-26T05:37:05.765Z|0x1ac|    "memorysetup-main-allocator-block-size=16777216"
2026-03-26T05:37:05.765Z|0x1ac|    "memorysetup-thread-allocator-block-size=16777216"
2026-03-26T05:37:05.765Z|0x1ac|    "memorysetup-gfx-main-allocator-block-size=16777216"
2026-03-26T05:37:05.765Z|0x1ac|    "memorysetup-gfx-thread-allocator-block-size=16777216"
2026-03-26T05:37:05.765Z|0x1ac|    "memorysetup-cache-allocator-block-size=4194304"
2026-03-26T05:37:05.765Z|0x1ac|    "memorysetup-typetree-allocator-block-size=2097152"
2026-03-26T05:37:05.765Z|0x1ac|    "memorysetup-profiler-bucket-allocator-granularity=16"
2026-03-26T05:37:05.765Z|0x1ac|    "memorysetup-profiler-bucket-allocator-bucket-count=8"
2026-03-26T05:37:05.765Z|0x1ac|    "memorysetup-profiler-bucket-allocator-block-size=33554432"
2026-03-26T05:37:05.765Z|0x1ac|    "memorysetup-profiler-bucket-allocator-block-count=8"
2026-03-26T05:37:05.765Z|0x1ac|    "memorysetup-profiler-allocator-block-size=16777216"
2026-03-26T05:37:05.765Z|0x1ac|    "memorysetup-profiler-editor-allocator-block-size=1048576"
2026-03-26T05:37:05.765Z|0x1ac|    "memorysetup-temp-allocator-size-main=16777216"
2026-03-26T05:37:05.765Z|0x1ac|    "memorysetup-job-temp-allocator-block-size=2097152"
2026-03-26T05:37:05.765Z|0x1ac|    "memorysetup-job-temp-allocator-block-size-background=1048576"
2026-03-26T05:37:05.765Z|0x1ac|    "memorysetup-job-temp-allocator-reduction-small-platforms=262144"
2026-03-26T05:37:05.765Z|0x1ac|    "memorysetup-temp-allocator-size-cloud-worker=32768"
2026-03-26T05:37:05.774Z|0x1ac|Player connection [428]  Target information:

2026-03-26T05:37:05.774Z|0x1ac|Player connection [428]  * "[IP] 192.168.1.24 [Port] 0 [Flags] 2 [Guid] 233675692 [EditorId] 233675692 [Version] 1048832 [Id] WindowsEditor(7,Rajat) [Debug] 1 [PackageName] WindowsEditor [ProjectName] Editor" 

2026-03-26T05:37:05.777Z|0x1ac|Player connection [428] Host joined multi-casting on [225.0.0.222:54997]...
2026-03-26T05:37:05.778Z|0x1ac|Player connection [428] Host joined alternative multi-casting on [225.0.0.222:34997]...
2026-03-26T05:37:05.778Z|0x1ac|JobSystem: Creating JobQueue using job-worker-count value 7
2026-03-26T05:37:05.784Z|0x1ac|Input System module state changed to: Initialized.
2026-03-26T05:37:05.786Z|0x1ac|[Physics::Module] Initialized fallback backend.
2026-03-26T05:37:05.786Z|0x1ac|[Physics::Module] Id: 0xdecafbad
2026-03-26T05:37:05.840Z|0x1ac|Library Redirect Path: Library/
2026-03-26T05:37:05.878Z|0x1ac|[Physics::Module] Selected backend.
2026-03-26T05:37:05.878Z|0x1ac|[Physics::Module] Name: PhysX
2026-03-26T05:37:05.878Z|0x1ac|[Physics::Module] Id: 0xf2b8ea05
2026-03-26T05:37:05.878Z|0x1ac|[Physics::Module] SDK Version: 4.1.2
2026-03-26T05:37:05.878Z|0x1ac|[Physics::Module] Integration Version: 1.0.0
2026-03-26T05:37:05.878Z|0x1ac|[Physics::Module] Threading Mode: Multi-Threaded
2026-03-26T05:37:05.901Z|0x1ac|Refreshing native plugins compatible for Editor in 12.36 ms, found 3 plugins.
2026-03-26T05:37:05.901Z|0x1ac|Preloading 0 native plugins for Editor in 0.00 ms.
2026-03-26T05:37:05.901Z|0x1ac|Initialize engine version: 6000.3.8f1 (1c7db571dde0)
2026-03-26T05:37:05.902Z|0x1ac|[Subsystems] Discovering subsystems at path C:/Program Files/Unity/Hub/Editor/6000.3.8f1/Editor/Data/Resources/UnitySubsystems
2026-03-26T05:37:05.902Z|0x1ac|[Subsystems] Discovering subsystems at path D:/Work/rigidbody-fps-controller-tutorial/Assets
2026-03-26T05:37:05.903Z|0x1ac|GfxDevice: creating device client; kGfxThreadingModeNonThreaded
2026-03-26T05:37:06.194Z|0x1ac|Direct3D:
2026-03-26T05:37:06.195Z|0x1ac|    Version:  Direct3D 11.0 [level 11.1]
2026-03-26T05:37:06.195Z|0x1ac|    Renderer: NVIDIA GeForce GTX 1650 (ID=0x1f9d)
2026-03-26T05:37:06.195Z|0x1ac|    Vendor:   NVIDIA
2026-03-26T05:37:06.195Z|0x1ac|    VRAM:     3937 MB
2026-03-26T05:37:06.195Z|0x1ac|    Driver:   32.0.15.7700
2026-03-26T05:37:06.402Z|0x1ac|Initialize mono
2026-03-26T05:37:06.402Z|0x1ac|Mono path[0] = 'C:/Program Files/Unity/Hub/Editor/6000.3.8f1/Editor/Data/Managed'
2026-03-26T05:37:06.402Z|0x1ac|Mono path[1] = 'C:/Program Files/Unity/Hub/Editor/6000.3.8f1/Editor/Data/MonoBleedingEdge/lib/mono/unityjit-win32'
2026-03-26T05:37:06.402Z|0x1ac|Mono config path = 'C:/Program Files/Unity/Hub/Editor/6000.3.8f1/Editor/Data/MonoBleedingEdge/etc'
2026-03-26T05:37:06.402Z|0x1ac|Using monoOptions --debugger-agent=transport=dt_socket,embedding=1,server=y,suspend=n,address=127.0.0.1:56380
2026-03-26T05:37:06.466Z|0x1ac|Begin MonoManager ReloadAssembly
2026-03-26T05:37:06.712Z|0x1ac|Registering precompiled unity dll's ...
2026-03-26T05:37:06.713Z|0x1ac|Register platform support module: C:/Program Files/Unity/Hub/Editor/6000.3.8f1/Editor/Data/PlaybackEngines/WebGLSupport/UnityEditor.WebGL.Extensions.dll
2026-03-26T05:37:06.714Z|0x1ac|Register platform support module: C:/Program Files/Unity/Hub/Editor/6000.3.8f1/Editor/Data/PlaybackEngines/WindowsStandaloneSupport/UnityEditor.WindowsStandalone.Extensions.dll
2026-03-26T05:37:06.714Z|0x1ac|[Licensing::Module] Licensing is not yet initialized.
2026-03-26T05:37:06.860Z|0x13f40|[Licensing::Client] Handshaking with LicensingClient:
  Version:                 1.17.4+4293ba1
  Session Id:              7ea4993bbd7541c98932ccd35cf62583
  Correlation Id:          f946aece0ee89e47364d3bf1c19a29da
  External correlation Id: 2460672672357204823
  Machine Id:              bZLnVjDChyW3KAMtcXptXTvD4Rw=
2026-03-26T05:37:06.860Z|0x13f40|[Licensing::Module] Successfully connected to LicensingClient on channel: "LicenseClient-Rajat" (connect: 0.00s, validation: 0.00s, handshake: 1.24s)
2026-03-26T05:37:06.860Z|0x13f40|[Licensing::IpcConnector] Successfully connected to: "LicenseClient-Rajat-notifications" at "2026-03-26T05:37:06.8602326Z"
2026-03-26T05:37:06.860Z|0x13f40|[Licensing::Module] Licensing Background thread has ended after 1.24s
2026-03-26T05:37:06.860Z|0x1ac|[Licensing::Module] Licensing is initialized (took 0.15s).
2026-03-26T05:37:06.863Z|0x1ac|[Licensing::Client] Successfully resolved entitlement details
2026-03-26T05:37:06.863Z|0x1ac|[Licensing::Module] License group:
  Id: 13469681201219-rendered-ideas-softgame-pvt-ltd-UnitXXXX
  Product: Unity Pro
  Type: Assigned
  Expiration: 2026-04-07T00:00:00Z
2026-03-26T05:37:06.863Z|0x1ac|Register platform support module: C:/Program Files/Unity/Hub/Editor/6000.3.8f1/Editor/Data/PlaybackEngines/AndroidPlayer/UnityEditor.Android.Extensions.dll
2026-03-26T05:37:06.864Z|0x1ac|Registered in 0.152182 seconds.
2026-03-26T05:37:07.170Z|0x1ac|- Loaded All Assemblies, in  0.704 seconds
2026-03-26T05:37:07.291Z|0x1ac|Native extension for Android target not found
2026-03-26T05:37:07.619Z|0x1ac|Android Extension - Scanning For ADB Devices 283 ms
Native extension for WindowsStandalone target not found
2026-03-26T05:37:07.620Z|0x1ac|Native extension for WebGL target not found
2026-03-26T05:37:08.088Z|0x1ac|ScheduleIndexationOnStartup MainProcess:False IndexOnStartup:True
Mono: successfully reloaded assembly
2026-03-26T05:37:08.142Z|0x1ac|- Finished resetting the current domain, in  0.972 seconds
2026-03-26T05:37:08.142Z|0x1ac|Domain Reload Profiling: 1673ms
	BeginReloadAssembly (154ms)
		ExecutionOrderSort (0ms)
		DisableScriptedObjects (0ms)
		BackupInstance (0ms)
		ReleaseScriptingObjects (0ms)
		CreateAndSetChildDomain (1ms)
	RebuildCommonClasses (53ms)
	RebuildNativeTypeToScriptingClass (16ms)
	initialDomainReloadingComplete (214ms)
	LoadAllAssembliesAndSetupDomain (263ms)
		LoadAssemblies (153ms)
		RebuildTransferFunctionScriptingTraits (0ms)
		AnalyzeDomain (258ms)
			TypeCache.Refresh (256ms)
				TypeCache.ScanAssembly (238ms)
			BuildScriptInfoCaches (0ms)
			ResolveRequiredComponents (1ms)
	FinalizeReload (972ms)
		ReleaseScriptCaches (0ms)
		RebuildScriptCaches (0ms)
		SetupLoadedEditorAssemblies (906ms)
			LogAssemblyErrors (0ms)
			InitializePlatformSupportModulesInManaged (408ms)
			SetLoadedEditorAssemblies (6ms)
			BeforeProcessingInitializeOnLoad (143ms)
			ProcessInitializeOnLoadAttributes (239ms)
			ProcessInitializeOnLoadMethodAttributes (111ms)
			AfterProcessingInitializeOnLoad (0ms)
			EditorAssembliesLoaded (0ms)
		ExecutionOrderSort2 (0ms)
		AwakeInstancesAfterBackupRestoration (0ms)
2026-03-26T05:37:08.304Z|0x1ac|Assembly reference Packages/com.unity.cinemachine/Editor/Samples/ExposeHDRPInternals/HDRP-Editor-ref.asmref has no target assembly definition
========================================================================
2026-03-26T05:37:08.411Z|0x1ac|Worker process is ready to serve import requests
2026-03-26T05:37:08.414Z|0x1ac|Import Worker Mode flag is 0x00
2026-03-26T05:37:08.488Z|0x1ac|Assembly reference Packages/com.unity.cinemachine/Editor/Samples/ExposeHDRPInternals/HDRP-Editor-ref.asmref has no target assembly definition
Assembly reference Packages/com.unity.cinemachine/Editor/Samples/ExposeHDRPInternals/HDRP-Editor-ref.asmref has no target assembly definition
Begin MonoManager ReloadAssembly
2026-03-26T05:37:08.702Z|0x1ac|[Licensing::Client] Successfully resolved entitlement details
2026-03-26T05:37:09.800Z|0x1ac|- Loaded All Assemblies, in  1.101 seconds
2026-03-26T05:37:09.982Z|0x1ac|Assembly reference Packages/com.unity.cinemachine/Editor/Samples/ExposeHDRPInternals/HDRP-Editor-ref.asmref has no target assembly definition
'Packages/com.unity.cinemachine/Editor/Obsolete/CinemachineVirtualCameraBaseEditor.cs' contains partial class of Unity.Object, exactly 1 of the partial classes needs to be in a file with the same filename. This is to know the one that can be referenced from ie. GameObjects
2026-03-26T05:37:10.140Z|0x1ac|'Packages/com.unity.cinemachine/Editor/Editors/CinemachineVirtualCameraBaseEditor.cs' contains partial class of Unity.Object, exactly 1 of the partial classes needs to be in a file with the same filename. This is to know the one that can be referenced from ie. GameObjects
2026-03-26T05:37:10.183Z|0x1ac|Refreshing native plugins compatible for Editor in 1.45 ms, found 3 plugins.
2026-03-26T05:37:10.445Z|0x1ac|Native extension for Android target not found
2026-03-26T05:37:10.457Z|0x1ac|Native extension for WindowsStandalone target not found
2026-03-26T05:37:10.458Z|0x1ac|Native extension for WebGL target not found
2026-03-26T05:37:10.662Z|0x1ac|Assembly reference Packages/com.unity.cinemachine/Editor/Samples/ExposeHDRPInternals/HDRP-Editor-ref.asmref has no target assembly definition
[MODES] ModeService[none].Initialize
[MODES] ModeService[none].LoadModes
[MODES] Loading mode Default (0) for mode-current-id-tutorial
Package Manager log level set to [2]
2026-03-26T05:37:11.099Z|0x1ac|[Package Manager] Failed to launch server process. Reason: Unity was launched with the -noUpm command-line argument
2026-03-26T05:37:11.099Z|0x1ac|[Package Manager] Unable to send message (not connected to server process).
2026-03-26T05:37:11.099Z|0x1ac|[Package Manager] Cannot connect to Unity Package Manager local server
2026-03-26T05:37:11.114Z|0x1ac|[Package Manager] Failed to launch server process. Reason: Unity was launched with the -noUpm command-line argument
2026-03-26T05:37:11.115Z|0x1ac|[Package Manager] Unable to send message (not connected to server process).
2026-03-26T05:37:11.115Z|0x1ac|[Package Manager] Cannot connect to Unity Package Manager local server
2026-03-26T05:37:11.458Z|0x1ac|ScheduleIndexationOnStartup MainProcess:False IndexOnStartup:True
Mono: successfully reloaded assembly
2026-03-26T05:37:11.514Z|0x1ac|- Finished resetting the current domain, in  1.330 seconds
2026-03-26T05:37:11.515Z|0x1ac|Domain Reload Profiling: 2426ms
	BeginReloadAssembly (261ms)
		ExecutionOrderSort (0ms)
		DisableScriptedObjects (10ms)
		BackupInstance (0ms)
		ReleaseScriptingObjects (0ms)
		CreateAndSetChildDomain (49ms)
	RebuildCommonClasses (48ms)
	RebuildNativeTypeToScriptingClass (17ms)
	initialDomainReloadingComplete (51ms)
	LoadAllAssembliesAndSetupDomain (718ms)
		LoadAssemblies (492ms)
		RebuildTransferFunctionScriptingTraits (0ms)
		AnalyzeDomain (359ms)
			TypeCache.Refresh (261ms)
				TypeCache.ScanAssembly (240ms)
			BuildScriptInfoCaches (78ms)
			ResolveRequiredComponents (14ms)
	FinalizeReload (1330ms)
		ReleaseScriptCaches (0ms)
		RebuildScriptCaches (0ms)
		SetupLoadedEditorAssemblies (1040ms)
			LogAssemblyErrors (0ms)
			InitializePlatformSupportModulesInManaged (17ms)
			SetLoadedEditorAssemblies (9ms)
			BeforeProcessingInitializeOnLoad (277ms)
			ProcessInitializeOnLoadAttributes (639ms)
			ProcessInitializeOnLoadMethodAttributes (93ms)
			AfterProcessingInitializeOnLoad (6ms)
			EditorAssembliesLoaded (0ms)
		ExecutionOrderSort2 (0ms)
		AwakeInstancesAfterBackupRestoration (6ms)
2026-03-26T05:37:11.708Z|0x1ac|Launched and connected shader compiler UnityShaderCompiler.exe after 0.01 seconds
2026-03-26T05:37:12.312Z|0x1ac|Refreshing native plugins compatible for Editor in 2.75 ms, found 3 plugins.
2026-03-26T05:37:12.312Z|0x1ac|Preloading 0 native plugins for Editor in 0.00 ms.
2026-03-26T05:37:12.315Z|0x4c74|Unloading 18 Unused Serialized files (Serialized files now loaded: 0)
2026-03-26T05:37:12.340Z|0x1ac|Unloading 5449 unused Assets / (5.3 MB). Loaded Objects now: 6298.
Memory consumption went from 149.2 MB to 143.9 MB.
2026-03-26T05:37:12.341Z|0x1ac|Total: 25.734700 ms (FindLiveObjects: 1.469600 ms CreateObjectMapping: 3.029800 ms MarkObjects: 14.553100 ms  DeleteObjects: 6.678300 ms)

2026-03-26T05:37:17.370Z|0x1ac|========================================================================
Received Import Request.
  Time since last request: 2565843.206827 seconds.
  path: Assets/PBS Barrels and Crates/Models/Materials/Hazmat Barrel 2.mat
  artifactKey: Guid(25b124dc376940d4bbc61570267493ce) Importer(2089858483,b0f066a214c2f5e87bad3c948f4d605d)
2026-03-26T05:37:17.381Z|0x1ac|Start importing Assets/PBS Barrels and Crates/Models/Materials/Hazmat Barrel 2.mat using Guid(25b124dc376940d4bbc61570267493ce) Importer(2089858483,b0f066a214c2f5e87bad3c948f4d605d) (ScriptedImporter) -> (artifact id: '23d3f7b02ea2357faf8f4e3644cf24be') in 0.1288827 seconds
2026-03-26T05:37:17.535Z|0x1ac|Number of updated asset objects reloaded before import = 0Number of asset objects unloaded after import = 3

2026-03-26T05:37:24.402Z|0x1ac|========================================================================
Received Import Request.
  Time since last request: 6.866078 seconds.
  path: Assets/PBS Barrels and Crates/Models/Materials/demo text dry.mat
  artifactKey: Guid(0a3882c1860019141a89ee7625871532) Importer(2089858483,b0f066a214c2f5e87bad3c948f4d605d)
2026-03-26T05:37:24.413Z|0x1ac|Start importing Assets/PBS Barrels and Crates/Models/Materials/demo text dry.mat using Guid(0a3882c1860019141a89ee7625871532) Importer(2089858483,b0f066a214c2f5e87bad3c948f4d605d) (ScriptedImporter) -> (artifact id: 'b48703ae5bd82ce0b0ec7db29a0e9f2a') in 0.0293126 seconds
2026-03-26T05:37:24.470Z|0x1ac|Number of updated asset objects reloaded before import = 0Number of asset objects unloaded after import = 2

2026-03-26T05:37:24.470Z|0x1ac|========================================================================
Received Import Request.
  Time since last request: 0.000023 seconds.
  path: Assets/PBS Barrels and Crates/demo scene/Materials/No Name.mat
  artifactKey: Guid(1d02e655f4e3e46338d58a0520182867) Importer(2089858483,b0f066a214c2f5e87bad3c948f4d605d)
2026-03-26T05:37:24.480Z|0x1ac|Start importing Assets/PBS Barrels and Crates/demo scene/Materials/No Name.mat using Guid(1d02e655f4e3e46338d58a0520182867) Importer(2089858483,b0f066a214c2f5e87bad3c948f4d605d) (ScriptedImporter) -> (artifact id: 'a6677f0afa5c4384b6e7e9c1b636e0ab') in 0.0181419 seconds
2026-03-26T05:37:24.527Z|0x1ac|Number of updated asset objects reloaded before import = 0Number of asset objects unloaded after import = 1

2026-03-26T05:37:24.527Z|0x1ac|========================================================================
Received Import Request.
  Time since last request: 0.000025 seconds.
  path: Assets/Plugins/AnimationUprising/Strider/Demo/Materials/ProtoGridBlack2.mat
  artifactKey: Guid(9d08a3c23fee0bf4cbbffc073a644a1a) Importer(2089858483,b0f066a214c2f5e87bad3c948f4d605d)
2026-03-26T05:37:24.537Z|0x1ac|Start importing Assets/Plugins/AnimationUprising/Strider/Demo/Materials/ProtoGridBlack2.mat using Guid(9d08a3c23fee0bf4cbbffc073a644a1a) Importer(2089858483,b0f066a214c2f5e87bad3c948f4d605d) (ScriptedImporter) -> (artifact id: '954bb665e38c2c75dda8d3924b0f9f53') in 0.02368 seconds
2026-03-26T05:37:24.591Z|0x1ac|Number of updated asset objects reloaded before import = 0Number of asset objects unloaded after import = 2

2026-03-26T05:37:24.591Z|0x1ac|========================================================================
Received Import Request.
  Time since last request: 0.000048 seconds.
  path: Assets/Plugins/AnimationUprising/Strider/Demo/Materials/ProtoGridBlack.mat
  artifactKey: Guid(774c5872c7e83b14e920f48cb319334b) Importer(2089858483,b0f066a214c2f5e87bad3c948f4d605d)
2026-03-26T05:37:24.609Z|0x1ac|Start importing Assets/Plugins/AnimationUprising/Strider/Demo/Materials/ProtoGridBlack.mat using Guid(774c5872c7e83b14e920f48cb319334b) Importer(2089858483,b0f066a214c2f5e87bad3c948f4d605d) (ScriptedImporter) -> (artifact id: '600f50890d87702d0504e9bb3e839c35') in 0.0246405 seconds
2026-03-26T05:37:24.658Z|0x1ac|Number of updated asset objects reloaded before import = 0Number of asset objects unloaded after import = 2

2026-03-26T05:37:24.658Z|0x1ac|========================================================================
Received Import Request.
  Time since last request: 0.000039 seconds.
  path: Assets/PBS Barrels and Crates/Models/Materials/PBS Mobile Dry Crate.mat
  artifactKey: Guid(0c3081a9ad933a249b7b2a9668cdd3ec) Importer(2089858483,b0f066a214c2f5e87bad3c948f4d605d)
2026-03-26T05:37:24.670Z|0x1ac|Start importing Assets/PBS Barrels and Crates/Models/Materials/PBS Mobile Dry Crate.mat using Guid(0c3081a9ad933a249b7b2a9668cdd3ec) Importer(2089858483,b0f066a214c2f5e87bad3c948f4d605d) (ScriptedImporter) -> (artifact id: '802a42adbd874608e2d199d15ed1ffeb') in 0.0373903 seconds
2026-03-26T05:37:24.739Z|0x1ac|Number of updated asset objects reloaded before import = 0Number of asset objects unloaded after import = 5

2026-03-26T05:37:24.740Z|0x1ac|========================================================================
Received Import Request.
  Time since last request: 0.000035 seconds.
  path: Assets/PBS Barrels and Crates/Models/Materials/BarrelWithTap.mat
  artifactKey: Guid(83c8dcf530de14df68a51ed4832937ce) Importer(2089858483,b0f066a214c2f5e87bad3c948f4d605d)
2026-03-26T05:37:24.756Z|0x1ac|Start importing Assets/PBS Barrels and Crates/Models/Materials/BarrelWithTap.mat using Guid(83c8dcf530de14df68a51ed4832937ce) Importer(2089858483,b0f066a214c2f5e87bad3c948f4d605d) (ScriptedImporter) -> (artifact id: '783ad489fea8b471fe6b9094896c332a') in 0.031421 seconds
2026-03-26T05:37:24.812Z|0x1ac|Number of updated asset objects reloaded before import = 0Number of asset objects unloaded after import = 4

2026-03-26T05:37:24.812Z|0x1ac|========================================================================
Received Import Request.
  Time since last request: 0.000035 seconds.
  path: Assets/PBS Barrels and Crates/Models/Materials/PBS Wet Crate.mat
  artifactKey: Guid(b749ace3490dca644bc7891dd01d2d78) Importer(2089858483,b0f066a214c2f5e87bad3c948f4d605d)
2026-03-26T05:37:24.826Z|0x1ac|Start importing Assets/PBS Barrels and Crates/Models/Materials/PBS Wet Crate.mat using Guid(b749ace3490dca644bc7891dd01d2d78) Importer(2089858483,b0f066a214c2f5e87bad3c948f4d605d) (ScriptedImporter) -> (artifact id: '28d50fa5c1b97f6e0f29a888d4434d11') in 0.025506 seconds
2026-03-26T05:37:24.882Z|0x1ac|Number of updated asset objects reloaded before import = 0Number of asset objects unloaded after import = 4

2026-03-26T05:37:24.882Z|0x1ac|========================================================================
Received Import Request.
  Time since last request: 0.000053 seconds.
  path: Assets/PBS Barrels and Crates/Models/Materials/Metal Crate.mat
  artifactKey: Guid(18655a456c450a141a70eba718437e07) Importer(2089858483,b0f066a214c2f5e87bad3c948f4d605d)
2026-03-26T05:37:24.898Z|0x1ac|Start importing Assets/PBS Barrels and Crates/Models/Materials/Metal Crate.mat using Guid(18655a456c450a141a70eba718437e07) Importer(2089858483,b0f066a214c2f5e87bad3c948f4d605d) (ScriptedImporter) -> (artifact id: '00db6451fb3d0576a5d44ed5f873da6b') in 0.0292951 seconds
2026-03-26T05:37:24.954Z|0x1ac|Number of updated asset objects reloaded before import = 0Number of asset objects unloaded after import = 5

2026-03-26T05:37:24.954Z|0x1ac|========================================================================
Received Import Request.
  Time since last request: 0.000024 seconds.
  path: Assets/PBS Barrels and Crates/Models/Materials/Hazmat Barrel.mat
  artifactKey: Guid(8ce08f6a0b6770b42823e3255ffd63a2) Importer(2089858483,b0f066a214c2f5e87bad3c948f4d605d)
2026-03-26T05:37:24.965Z|0x1ac|Start importing Assets/PBS Barrels and Crates/Models/Materials/Hazmat Barrel.mat using Guid(8ce08f6a0b6770b42823e3255ffd63a2) Importer(2089858483,b0f066a214c2f5e87bad3c948f4d605d) (ScriptedImporter) -> (artifact id: 'bde04c58288513580cd6ae247540fce2') in 0.024836 seconds
2026-03-26T05:37:25.022Z|0x1ac|Number of updated asset objects reloaded before import = 0Number of asset objects unloaded after import = 3

2026-03-26T05:37:25.022Z|0x1ac|========================================================================
Received Import Request.
  Time since last request: 0.000039 seconds.
  path: Assets/PBS Barrels and Crates/Models/Materials/PBS Mobile Wet Crate.mat
  artifactKey: Guid(ead71dd9abd42a540874524011bbc701) Importer(2089858483,b0f066a214c2f5e87bad3c948f4d605d)
2026-03-26T05:37:25.035Z|0x1ac|Start importing Assets/PBS Barrels and Crates/Models/Materials/PBS Mobile Wet Crate.mat using Guid(ead71dd9abd42a540874524011bbc701) Importer(2089858483,b0f066a214c2f5e87bad3c948f4d605d) (ScriptedImporter) -> (artifact id: '9207bd6895d3c540c07897df294903f9') in 0.0442918 seconds
2026-03-26T05:37:25.106Z|0x1ac|Number of updated asset objects reloaded before import = 0Number of asset objects unloaded after import = 5

2026-03-26T05:37:29.734Z|0x1ac|========================================================================
Received Import Request.
  Time since last request: 4.627712 seconds.
  path: Assets/PBS Barrels and Crates/Models/Barrel Collider.fbx
  artifactKey: Guid(deb8a4d5f3ea54f43a84576a93d357f4) Importer(815301076,1909f56bfc062723c751e8b465ee728b)
2026-03-26T05:37:29.745Z|0x1ac|Start importing Assets/PBS Barrels and Crates/Models/Barrel Collider.fbx using Guid(deb8a4d5f3ea54f43a84576a93d357f4) Importer(815301076,1909f56bfc062723c751e8b465ee728b) (PreviewImporter) -> (artifact id: '50ad4bb99451d6af638d7b8a62a44756') in 0.5541479 seconds
2026-03-26T05:37:30.323Z|0x1ac|Number of updated asset objects reloaded before import = 0Number of asset objects unloaded after import = 8

2026-03-26T05:37:32.270Z|0x1ac|========================================================================
Received Import Request.
  Time since last request: 1.945664 seconds.
  path: Assets/PBS Barrels and Crates/Barrel Dry Highpoly.prefab
  artifactKey: Guid(9e1aac4af1443c346a2e51796f6f9358) Importer(815301076,1909f56bfc062723c751e8b465ee728b)
2026-03-26T05:37:32.281Z|0x1ac|Start importing Assets/PBS Barrels and Crates/Barrel Dry Highpoly.prefab using Guid(9e1aac4af1443c346a2e51796f6f9358) Importer(815301076,1909f56bfc062723c751e8b465ee728b) (PreviewImporter) -> (artifact id: '7cd5cccff716682a12c32bb73e24d4e9') in 0.911099 seconds
2026-03-26T05:37:33.218Z|0x1ac|Number of updated asset objects reloaded before import = 0Number of asset objects unloaded after import = 15

2026-03-26T05:37:34.318Z|0x1ac|========================================================================
Received Import Request.
  Time since last request: 1.099262 seconds.
  path: Assets/PBS Barrels and Crates/Barrel Dry Mediumpoly.prefab
  artifactKey: Guid(6c88f13e6ee82414595ce8cff7d2093e) Importer(815301076,1909f56bfc062723c751e8b465ee728b)
2026-03-26T05:37:34.328Z|0x1ac|Start importing Assets/PBS Barrels and Crates/Barrel Dry Mediumpoly.prefab using Guid(6c88f13e6ee82414595ce8cff7d2093e) Importer(815301076,1909f56bfc062723c751e8b465ee728b) (PreviewImporter) -> (artifact id: 'c78e00faeff654ed78bbee6bba687d95') in 0.0289014 seconds
2026-03-26T05:37:34.381Z|0x1ac|Number of updated asset objects reloaded before import = 0Number of asset objects unloaded after import = 15

2026-03-26T05:37:35.259Z|0x1ac|========================================================================
Received Import Request.
  Time since last request: 0.878313 seconds.
  path: Assets/PBS Barrels and Crates/Barrel Hazmat.prefab
  artifactKey: Guid(536c2f601b9350143b058acd2ae2f33f) Importer(815301076,1909f56bfc062723c751e8b465ee728b)
2026-03-26T05:37:35.270Z|0x1ac|Start importing Assets/PBS Barrels and Crates/Barrel Hazmat.prefab using Guid(536c2f601b9350143b058acd2ae2f33f) Importer(815301076,1909f56bfc062723c751e8b465ee728b) (PreviewImporter) -> (artifact id: 'b333ba7cf118370d21f61334ae989330') in 0.8841235 seconds
2026-03-26T05:37:36.179Z|0x1ac|Number of updated asset objects reloaded before import = 0Number of asset objects unloaded after import = 10

2026-03-26T05:37:46.936Z|0x1ac|========================================================================
Received Import Request.
  Time since last request: 10.756949 seconds.
  path: Assets/PBS Barrels and Crates/Crate Wet_BrokenLarge.prefab
  artifactKey: Guid(623666fadde7d4a5189587c942b5fb20) Importer(815301076,1909f56bfc062723c751e8b465ee728b)
2026-03-26T05:37:46.947Z|0x1ac|Start importing Assets/PBS Barrels and Crates/Crate Wet_BrokenLarge.prefab using Guid(623666fadde7d4a5189587c942b5fb20) Importer(815301076,1909f56bfc062723c751e8b465ee728b) (PreviewImporter) -> (artifact id: '1810387de086c339126100cbd256fc91') in 0.8744165 seconds
2026-03-26T05:37:47.847Z|0x1ac|Number of updated asset objects reloaded before import = 0Number of asset objects unloaded after import = 44

2026-03-26T05:37:48.260Z|0x1ac|========================================================================
Received Import Request.
  Time since last request: 0.412793 seconds.
  path: Assets/PBS Barrels and Crates/Crate Wet Mobile.prefab
  artifactKey: Guid(86e5a55fb56c18d429227c6eb9651767) Importer(815301076,1909f56bfc062723c751e8b465ee728b)
2026-03-26T05:37:48.271Z|0x1ac|Start importing Assets/PBS Barrels and Crates/Crate Wet Mobile.prefab using Guid(86e5a55fb56c18d429227c6eb9651767) Importer(815301076,1909f56bfc062723c751e8b465ee728b) (PreviewImporter) -> (artifact id: 'dff7e368aa3d4ede3af11cc07bb2d5e1') in 0.9714522 seconds
2026-03-26T05:37:49.264Z|0x1ac|Number of updated asset objects reloaded before import = 0Number of asset objects unloaded after import = 14

2026-03-26T05:38:32.138Z|0x1ac|========================================================================
Received Import Request.
  Time since last request: 42.874266 seconds.
  path: Assets/PBS Barrels and Crates/Crate Dry Mobile.prefab
  artifactKey: Guid(4cd38b6190110bf428e083b590c665bd) Importer(815301076,1909f56bfc062723c751e8b465ee728b)
2026-03-26T05:38:32.149Z|0x1ac|Start importing Assets/PBS Barrels and Crates/Crate Dry Mobile.prefab using Guid(4cd38b6190110bf428e083b590c665bd) Importer(815301076,1909f56bfc062723c751e8b465ee728b) (PreviewImporter) -> (artifact id: '6a8dd243a4601cb3d67bff47efbb20d5') in 0.0267005 seconds
2026-03-26T05:38:32.201Z|0x1ac|Number of updated asset objects reloaded before import = 0Number of asset objects unloaded after import = 14

2026-03-26T05:38:49.554Z|0x1ac|========================================================================
Received Import Request.
  Time since last request: 17.353345 seconds.
  path: Assets/PBS Barrels and Crates/Barrel Hazmat 2.prefab
  artifactKey: Guid(9b29f4929e235b745b7dcc6fb798d94f) Importer(815301076,1909f56bfc062723c751e8b465ee728b)
2026-03-26T05:38:49.565Z|0x1ac|Start importing Assets/PBS Barrels and Crates/Barrel Hazmat 2.prefab using Guid(9b29f4929e235b745b7dcc6fb798d94f) Importer(815301076,1909f56bfc062723c751e8b465ee728b) (PreviewImporter) -> (artifact id: 'cfdd8da36d9bdff2b3c3de68dbe90bad') in 0.0217679 seconds
2026-03-26T05:38:49.611Z|0x1ac|Number of updated asset objects reloaded before import = 0Number of asset objects unloaded after import = 13

2026-03-26T05:42:00.600Z|0x1ac|========================================================================
Received Import Request.
  Time since last request: 191.019238 seconds.
  path: Assets/Prefabs/Barrel Group.prefab
  artifactKey: Guid(4d17b70845f5a1748aacb22ddde663a3) Importer(815301076,1909f56bfc062723c751e8b465ee728b)
2026-03-26T05:42:00.611Z|0x1ac|Start importing Assets/Prefabs/Barrel Group.prefab using Guid(4d17b70845f5a1748aacb22ddde663a3) Importer(815301076,1909f56bfc062723c751e8b465ee728b) (PreviewImporter) -> (artifact id: 'fa16257fb313714bc2d99ab8dd673d0c') in 0.0246196 seconds
2026-03-26T05:42:00.658Z|0x1ac|Number of updated asset objects reloaded before import = 0Number of asset objects unloaded after import = 28

2026-03-26T05:42:01.575Z|0x1ac|========================================================================
Received Import Request.
  Time since last request: 0.914936 seconds.
  path: Assets/Prefabs/Barrel Group.prefab
  artifactKey: Guid(4d17b70845f5a1748aacb22ddde663a3) Importer(2089858483,b0f066a214c2f5e87bad3c948f4d605d)
2026-03-26T05:42:01.586Z|0x1ac|Start importing Assets/Prefabs/Barrel Group.prefab using Guid(4d17b70845f5a1748aacb22ddde663a3) Importer(2089858483,b0f066a214c2f5e87bad3c948f4d605d) (ScriptedImporter) -> (artifact id: '393b7d96390c31f1bcbd6667e7ac6efc') in 0.0196692 seconds
2026-03-26T05:42:01.629Z|0x1ac|Number of updated asset objects reloaded before import = 0Number of asset objects unloaded after import = 17

2026-03-26T05:44:28.532Z|0x1ac|========================================================================
2026-03-26T05:44:28.532Z|0x1ac|Received Prepare
2026-03-26T05:44:28.584Z|0x1ac|'Packages/com.unity.cinemachine/Editor/Obsolete/CinemachineVirtualCameraBaseEditor.cs' contains partial class of Unity.Object, exactly 1 of the partial classes needs to be in a file with the same filename. This is to know the one that can be referenced from ie. GameObjects
2026-03-26T05:44:28.602Z|0x1ac|'Packages/com.unity.cinemachine/Editor/Editors/CinemachineVirtualCameraBaseEditor.cs' contains partial class of Unity.Object, exactly 1 of the partial classes needs to be in a file with the same filename. This is to know the one that can be referenced from ie. GameObjects
2026-03-26T05:44:29.329Z|0x1ac|Refreshing native plugins compatible for Editor in 2.12 ms, found 3 plugins.
2026-03-26T05:44:29.329Z|0x1ac|Preloading 0 native plugins for Editor in 0.00 ms.
2026-03-26T05:44:29.330Z|0x4c74|Unloading 18 Unused Serialized files (Serialized files now loaded: 0)
2026-03-26T05:44:29.363Z|0x1ac|Unloading 5443 unused Assets / (4.3 MB). Loaded Objects now: 6420.
Memory consumption went from 151.1 MB to 146.8 MB.
2026-03-26T05:44:29.363Z|0x1ac|Total: 32.678700 ms (FindLiveObjects: 1.624200 ms CreateObjectMapping: 2.142800 ms MarkObjects: 23.455900 ms  DeleteObjects: 5.452500 ms)

2026-03-26T05:44:29.363Z|0x1ac|Prepare: number of updated asset objects reloaded= 0
2026-03-26T05:44:29.733Z|0x1ac|========================================================================
Received Import Request.
  Time since last request: 148.128837 seconds.
  path: Assets/Scripts/BarrelSpawner.cs
  artifactKey: Guid(cd5626d2ad606964b932baaf46b9ccd8) Importer(2089858483,b0f066a214c2f5e87bad3c948f4d605d)
2026-03-26T05:44:29.759Z|0x1ac|Start importing Assets/Scripts/BarrelSpawner.cs using Guid(cd5626d2ad606964b932baaf46b9ccd8) Importer(2089858483,b0f066a214c2f5e87bad3c948f4d605d) (ScriptedImporter) -> (artifact id: 'dbd5e0d50c0c908bf2474200c301e6ff') in 0.0684463 seconds
2026-03-26T05:44:29.912Z|0x1ac|Number of updated asset objects reloaded before import = 0Number of asset objects unloaded after import = 0

2026-03-26T05:44:29.958Z|0x1ac|========================================================================
Received Import Request.
  Time since last request: 0.046572 seconds.
  path: Assets/Scripts/BarrelSpawner.cs
  artifactKey: Guid(cd5626d2ad606964b932baaf46b9ccd8) Importer(815301076,1909f56bfc062723c751e8b465ee728b)
2026-03-26T05:44:29.981Z|0x1ac|Start importing Assets/Scripts/BarrelSpawner.cs using Guid(cd5626d2ad606964b932baaf46b9ccd8) Importer(815301076,1909f56bfc062723c751e8b465ee728b) (PreviewImporter) -> (artifact id: '2673ae5a57c2b446edf27413c5e0a00f') in 0.0017307 seconds
2026-03-26T05:44:30.036Z|0x1ac|Number of updated asset objects reloaded before import = 0Number of asset objects unloaded after import = 0

2026-03-26T05:44:39.405Z|0x1ac|========================================================================
2026-03-26T05:44:39.405Z|0x1ac|Received Prepare
2026-03-26T05:44:39.505Z|0x1ac|Assembly reference Packages/com.unity.cinemachine/Editor/Samples/ExposeHDRPInternals/HDRP-Editor-ref.asmref has no target assembly definition
Assembly reference Packages/com.unity.cinemachine/Editor/Samples/ExposeHDRPInternals/HDRP-Editor-ref.asmref has no target assembly definition
Begin MonoManager ReloadAssembly
2026-03-26T05:44:39.745Z|0x1ac|[Licensing::Client] Successfully resolved entitlement details
2026-03-26T05:44:41.069Z|0x1ac|- Loaded All Assemblies, in  1.328 seconds
2026-03-26T05:44:41.302Z|0x1ac|Assembly reference Packages/com.unity.cinemachine/Editor/Samples/ExposeHDRPInternals/HDRP-Editor-ref.asmref has no target assembly definition
'Packages/com.unity.cinemachine/Editor/Obsolete/CinemachineVirtualCameraBaseEditor.cs' contains partial class of Unity.Object, exactly 1 of the partial classes needs to be in a file with the same filename. This is to know the one that can be referenced from ie. GameObjects
2026-03-26T05:44:41.470Z|0x1ac|'Packages/com.unity.cinemachine/Editor/Editors/CinemachineVirtualCameraBaseEditor.cs' contains partial class of Unity.Object, exactly 1 of the partial classes needs to be in a file with the same filename. This is to know the one that can be referenced from ie. GameObjects
2026-03-26T05:44:41.516Z|0x1ac|Refreshing native plugins compatible for Editor in 1.39 ms, found 3 plugins.
2026-03-26T05:44:41.786Z|0x1ac|Native extension for Android target not found
2026-03-26T05:44:41.799Z|0x1ac|Native extension for WindowsStandalone target not found
2026-03-26T05:44:41.800Z|0x1ac|Native extension for WebGL target not found
2026-03-26T05:44:42.061Z|0x1ac|Assembly reference Packages/com.unity.cinemachine/Editor/Samples/ExposeHDRPInternals/HDRP-Editor-ref.asmref has no target assembly definition
[MODES] ModeService[none].Initialize
[MODES] ModeService[none].LoadModes
[Package Manager] Failed to launch server process. Reason: Unity was launched with the -noUpm command-line argument
2026-03-26T05:44:42.546Z|0x1ac|[Package Manager] Unable to send message (not connected to server process).
2026-03-26T05:44:42.546Z|0x1ac|[Package Manager] Cannot connect to Unity Package Manager local server
2026-03-26T05:44:42.564Z|0x1ac|[Package Manager] Failed to launch server process. Reason: Unity was launched with the -noUpm command-line argument
2026-03-26T05:44:42.564Z|0x1ac|[Package Manager] Unable to send message (not connected to server process).
2026-03-26T05:44:42.564Z|0x1ac|[Package Manager] Cannot connect to Unity Package Manager local server
2026-03-26T05:44:42.953Z|0x1ac|ScheduleIndexationOnStartup MainProcess:False IndexOnStartup:True
Mono: successfully reloaded assembly
2026-03-26T05:44:43.058Z|0x1ac|- Finished resetting the current domain, in  1.541 seconds
2026-03-26T05:44:43.059Z|0x1ac|Domain Reload Profiling: 2870ms
	BeginReloadAssembly (396ms)
		ExecutionOrderSort (0ms)
		DisableScriptedObjects (41ms)
		BackupInstance (0ms)
		ReleaseScriptingObjects (0ms)
		CreateAndSetChildDomain (115ms)
	RebuildCommonClasses (68ms)
	RebuildNativeTypeToScriptingClass (25ms)
	initialDomainReloadingComplete (51ms)
	LoadAllAssembliesAndSetupDomain (788ms)
		LoadAssemblies (622ms)
		RebuildTransferFunctionScriptingTraits (0ms)
		AnalyzeDomain (323ms)
			TypeCache.Refresh (10ms)
				TypeCache.ScanAssembly (1ms)
			BuildScriptInfoCaches (294ms)
			ResolveRequiredComponents (13ms)
	FinalizeReload (1542ms)
		ReleaseScriptCaches (0ms)
		RebuildScriptCaches (0ms)
		SetupLoadedEditorAssemblies (1207ms)
			LogAssemblyErrors (0ms)
			InitializePlatformSupportModulesInManaged (20ms)
			SetLoadedEditorAssemblies (11ms)
			BeforeProcessingInitializeOnLoad (340ms)
			ProcessInitializeOnLoadAttributes (714ms)
			ProcessInitializeOnLoadMethodAttributes (116ms)
			AfterProcessingInitializeOnLoad (6ms)
			EditorAssembliesLoaded (1ms)
		ExecutionOrderSort2 (0ms)
		AwakeInstancesAfterBackupRestoration (34ms)
2026-03-26T05:44:44.001Z|0x1ac|Refreshing native plugins compatible for Editor in 3.10 ms, found 3 plugins.
2026-03-26T05:44:44.002Z|0x1ac|Preloading 0 native plugins for Editor in 0.00 ms.
2026-03-26T05:44:44.003Z|0x16b08|Unloading 18 Unused Serialized files (Serialized files now loaded: 0)
2026-03-26T05:44:44.035Z|0x1ac|Unloading 5448 unused Assets / (4.8 MB). Loaded Objects now: 6351.
Memory consumption went from 156.2 MB to 151.4 MB.
2026-03-26T05:44:44.035Z|0x1ac|Total: 31.664300 ms (FindLiveObjects: 1.632300 ms CreateObjectMapping: 3.374100 ms MarkObjects: 19.377900 ms  DeleteObjects: 7.276300 ms)

2026-03-26T05:44:44.035Z|0x1ac|Prepare: number of updated asset objects reloaded= 0
2026-03-26T05:45:34.353Z|0x1ac|========================================================================
2026-03-26T05:45:34.353Z|0x1ac|Received Prepare
2026-03-26T05:45:34.414Z|0x1ac|'Packages/com.unity.cinemachine/Editor/Obsolete/CinemachineVirtualCameraBaseEditor.cs' contains partial class of Unity.Object, exactly 1 of the partial classes needs to be in a file with the same filename. This is to know the one that can be referenced from ie. GameObjects
2026-03-26T05:45:34.431Z|0x1ac|'Packages/com.unity.cinemachine/Editor/Editors/CinemachineVirtualCameraBaseEditor.cs' contains partial class of Unity.Object, exactly 1 of the partial classes needs to be in a file with the same filename. This is to know the one that can be referenced from ie. GameObjects
2026-03-26T05:45:35.104Z|0x1ac|Refreshing native plugins compatible for Editor in 1.42 ms, found 3 plugins.
2026-03-26T05:45:35.105Z|0x1ac|Preloading 0 native plugins for Editor in 0.00 ms.
2026-03-26T05:45:35.105Z|0x16b08|Unloading 18 Unused Serialized files (Serialized files now loaded: 0)
2026-03-26T05:45:35.134Z|0x1ac|Unloading 5442 unused Assets / (4.7 MB). Loaded Objects now: 6352.
Memory consumption went from 156.2 MB to 151.5 MB.
2026-03-26T05:45:35.134Z|0x1ac|Total: 28.297900 ms (FindLiveObjects: 1.500700 ms CreateObjectMapping: 2.359100 ms MarkObjects: 17.544700 ms  DeleteObjects: 6.889300 ms)

2026-03-26T05:45:35.134Z|0x1ac|Prepare: number of updated asset objects reloaded= 0
2026-03-26T05:45:36.080Z|0x1ac|========================================================================
Received Import Request.
  Time since last request: 66.055140 seconds.
  path: Assets/Scripts/Barrel.cs
  artifactKey: Guid(72b536f478b724b4c96f208e7c6ab2aa) Importer(2089858483,b0f066a214c2f5e87bad3c948f4d605d)
2026-03-26T05:45:36.094Z|0x1ac|Start importing Assets/Scripts/Barrel.cs using Guid(72b536f478b724b4c96f208e7c6ab2aa) Importer(2089858483,b0f066a214c2f5e87bad3c948f4d605d) (ScriptedImporter) -> (artifact id: '87fa055a97607436319bd24264c963d6') in 0.1192659 seconds
2026-03-26T05:45:36.240Z|0x1ac|Number of updated asset objects reloaded before import = 0Number of asset objects unloaded after import = 0

2026-03-26T05:45:36.240Z|0x1ac|========================================================================
Received Import Request.
  Time since last request: 0.000032 seconds.
  path: Assets/Scripts/Barrel.cs
  artifactKey: Guid(72b536f478b724b4c96f208e7c6ab2aa) Importer(815301076,1909f56bfc062723c751e8b465ee728b)
2026-03-26T05:45:36.254Z|0x1ac|Start importing Assets/Scripts/Barrel.cs using Guid(72b536f478b724b4c96f208e7c6ab2aa) Importer(815301076,1909f56bfc062723c751e8b465ee728b) (PreviewImporter) -> (artifact id: 'db8e882afbc8d85ed633dabad159cc51') in 0.0008967 seconds
2026-03-26T05:45:36.276Z|0x1ac|Number of updated asset objects reloaded before import = 0Number of asset objects unloaded after import = 0

2026-03-26T05:45:42.929Z|0x1ac|========================================================================
2026-03-26T05:45:42.929Z|0x1ac|Received Prepare
2026-03-26T05:45:43.001Z|0x1ac|Assembly reference Packages/com.unity.cinemachine/Editor/Samples/ExposeHDRPInternals/HDRP-Editor-ref.asmref has no target assembly definition
Assembly reference Packages/com.unity.cinemachine/Editor/Samples/ExposeHDRPInternals/HDRP-Editor-ref.asmref has no target assembly definition
Begin MonoManager ReloadAssembly
2026-03-26T05:45:43.205Z|0x1ac|[Licensing::Client] Successfully resolved entitlement details
2026-03-26T05:45:44.125Z|0x1ac|- Loaded All Assemblies, in  0.922 seconds
2026-03-26T05:45:44.291Z|0x1ac|Assembly reference Packages/com.unity.cinemachine/Editor/Samples/ExposeHDRPInternals/HDRP-Editor-ref.asmref has no target assembly definition
'Packages/com.unity.cinemachine/Editor/Obsolete/CinemachineVirtualCameraBaseEditor.cs' contains partial class of Unity.Object, exactly 1 of the partial classes needs to be in a file with the same filename. This is to know the one that can be referenced from ie. GameObjects
2026-03-26T05:45:44.434Z|0x1ac|'Packages/com.unity.cinemachine/Editor/Editors/CinemachineVirtualCameraBaseEditor.cs' contains partial class of Unity.Object, exactly 1 of the partial classes needs to be in a file with the same filename. This is to know the one that can be referenced from ie. GameObjects
2026-03-26T05:45:44.469Z|0x1ac|Refreshing native plugins compatible for Editor in 0.98 ms, found 3 plugins.
2026-03-26T05:45:44.628Z|0x1ac|Native extension for Android target not found
2026-03-26T05:45:44.637Z|0x1ac|Native extension for WindowsStandalone target not found
2026-03-26T05:45:44.637Z|0x1ac|Native extension for WebGL target not found
2026-03-26T05:45:44.814Z|0x1ac|Assembly reference Packages/com.unity.cinemachine/Editor/Samples/ExposeHDRPInternals/HDRP-Editor-ref.asmref has no target assembly definition
Error saving file Library/StateCache/LayerSettings/9e/9ecc5c3c162a7aba29bafa64c8b94b7c.json. Error: System.IO.IOException: Sharing violation on path D:\Work\rigidbody-fps-controller-tutorial\Library\StateCache\LayerSettings\9e\9ecc5c3c162a7aba29bafa64c8b94b7c.json
  at System.IO.FileStream..ctor (System.String path, System.IO.FileMode mode, System.IO.FileAccess access, System.IO.FileShare share, System.Int32 bufferSize, System.Boolean anonymous, System.IO.FileOptions options) [0x0019e] in <1eb9db207454431c84a47bcd81e79c37>:0 
  at System.IO.FileStream..ctor (System.String path, System.IO.FileMode mode, System.IO.FileAccess access, System.IO.FileShare share, System.Int32 bufferSize, System.IO.FileOptions options) [0x00000] in <1eb9db207454431c84a47bcd81e79c37>:0 
  at (wrapper remoting-invoke-with-check) System.IO.FileStream..ctor(string,System.IO.FileMode,System.IO.FileAccess,System.IO.FileShare,int,System.IO.FileOptions)
  at System.IO.StreamWriter..ctor (System.String path, System.Boolean append, System.Text.Encoding encoding, System.Int32 bufferSize) [0x00055] in <1eb9db207454431c84a47bcd81e79c37>:0 
  at System.IO.StreamWriter..ctor (System.String path, System.Boolean append, System.Text.Encoding encoding) [0x00000] in <1eb9db207454431c84a47bcd81e79c37>:0 
  at (wrapper remoting-invoke-with-check) System.IO.StreamWriter..ctor(string,bool,System.Text.Encoding)
  at System.IO.File.WriteAllText (System.String path, System.String contents, System.Text.Encoding encoding) [0x00034] in <1eb9db207454431c84a47bcd81e79c37>:0 
  at UnityEditor.StateCache`1[T].SaveJsonState (System.String filePath, T value) [0x00014] in <6dd00658fb454e6fb4c06a416ab8eaa1>:0 
  at UnityEditor.StateCache`1[T].SetState (UnityEngine.Hash128 key, T obj) [0x00059] in <6dd00658fb454e6fb4c06a416ab8eaa1>:0 
UnityEngine.Debug:ExtractStackTraceNoAlloc (byte*,int,string)
UnityEngine.StackTraceUtility:ExtractStackTrace ()
UnityEngine.DebugLogHandler:Internal_Log (UnityEngine.LogType,UnityEngine.LogOption,string,UnityEngine.Object)
UnityEngine.DebugLogHandler:LogFormat (UnityEngine.LogType,UnityEngine.Object,string,object[])
UnityEngine.Logger:Log (UnityEngine.LogType,object)
UnityEngine.Debug:LogError (object)
UnityEditor.StateCache`1<UnityEditor.Tools/LayerSettings>:SetState (UnityEngine.Hash128,UnityEditor.Tools/LayerSettings)
UnityEditor.Tools:set_lockedLayers (int)
UnityEditor.Tools:OnEnable ()
UnityEngine.ScriptableObject:CreateScriptableObjectInstanceFromType (System.Type,bool)
UnityEngine.ScriptableObject:CreateInstance (System.Type)
UnityEngine.ScriptableObject:CreateInstance<UnityEditor.Tools> ()
UnityEditor.Tools:get_get ()
UnityEditor.Tools:get_visibleLayers ()
UnityEditor.Animations.Rigging.BoneRendererUtils:.cctor () (at ./Library/PackageCache/com.unity.animation.rigging@ae5f251e1ed4/Editor/Utils/BoneRendererUtils.cs:121)
System.Runtime.CompilerServices.RuntimeHelpers:RunClassConstructor (System.RuntimeTypeHandle)
UnityEditor.EditorAssemblies:ProcessInitializeOnLoadAttributes (System.Type[])

(Filename: ./Library/PackageCache/com.unity.animation.rigging@ae5f251e1ed4/Editor/Utils/BoneRendererUtils.cs Line: 121)

2026-03-26T05:45:45.142Z|0x1ac|[MODES] ModeService[none].Initialize
[MODES] ModeService[none].LoadModes
[Package Manager] Failed to launch server process. Reason: Unity was launched with the -noUpm command-line argument
2026-03-26T05:45:45.165Z|0x1ac|[Package Manager] Unable to send message (not connected to server process).
2026-03-26T05:45:45.165Z|0x1ac|[Package Manager] Cannot connect to Unity Package Manager local server
2026-03-26T05:45:45.179Z|0x1ac|[Package Manager] Failed to launch server process. Reason: Unity was launched with the -noUpm command-line argument
2026-03-26T05:45:45.179Z|0x1ac|[Package Manager] Unable to send message (not connected to server process).
2026-03-26T05:45:45.179Z|0x1ac|[Package Manager] Cannot connect to Unity Package Manager local server
2026-03-26T05:45:45.494Z|0x1ac|ScheduleIndexationOnStartup MainProcess:False IndexOnStartup:True
Mono: successfully reloaded assembly
2026-03-26T05:45:45.580Z|0x1ac|- Finished resetting the current domain, in  1.110 seconds
2026-03-26T05:45:45.580Z|0x1ac|Domain Reload Profiling: 2033ms
	BeginReloadAssembly (261ms)
		ExecutionOrderSort (0ms)
		DisableScriptedObjects (14ms)
		BackupInstance (0ms)
		ReleaseScriptingObjects (0ms)
		CreateAndSetChildDomain (73ms)
	RebuildCommonClasses (43ms)
	RebuildNativeTypeToScriptingClass (16ms)
	initialDomainReloadingComplete (33ms)
	LoadAllAssembliesAndSetupDomain (569ms)
		LoadAssemblies (438ms)
		RebuildTransferFunctionScriptingTraits (0ms)
		AnalyzeDomain (240ms)
			TypeCache.Refresh (11ms)
				TypeCache.ScanAssembly (1ms)
			BuildScriptInfoCaches (208ms)
			ResolveRequiredComponents (15ms)
	FinalizeReload (1110ms)
		ReleaseScriptCaches (0ms)
		RebuildScriptCaches (0ms)
		SetupLoadedEditorAssemblies (894ms)
			LogAssemblyErrors (0ms)
			InitializePlatformSupportModulesInManaged (13ms)
			SetLoadedEditorAssemblies (8ms)
			BeforeProcessingInitializeOnLoad (249ms)
			ProcessInitializeOnLoadAttributes (528ms)
			ProcessInitializeOnLoadMethodAttributes (91ms)
			AfterProcessingInitializeOnLoad (6ms)
			EditorAssembliesLoaded (0ms)
		ExecutionOrderSort2 (0ms)
		AwakeInstancesAfterBackupRestoration (32ms)
2026-03-26T05:45:46.347Z|0x1ac|Refreshing native plugins compatible for Editor in 3.89 ms, found 3 plugins.
2026-03-26T05:45:46.347Z|0x1ac|Preloading 0 native plugins for Editor in 0.00 ms.
2026-03-26T05:45:46.349Z|0xda84|Unloading 18 Unused Serialized files (Serialized files now loaded: 0)
2026-03-26T05:45:46.377Z|0x1ac|Unloading 5449 unused Assets / (4.6 MB). Loaded Objects now: 6356.
Memory consumption went from 156.0 MB to 151.5 MB.
2026-03-26T05:45:46.377Z|0x1ac|Total: 27.597400 ms (FindLiveObjects: 1.604800 ms CreateObjectMapping: 2.647900 ms MarkObjects: 16.404000 ms  DeleteObjects: 6.937100 ms)

2026-03-26T05:45:46.377Z|0x1ac|Prepare: number of updated asset objects reloaded= 0
2026-03-26T05:59:01.055Z|0x1ac|========================================================================
2026-03-26T05:59:01.055Z|0x1ac|Received Prepare
2026-03-26T05:59:01.139Z|0x1ac|Assembly reference Packages/com.unity.cinemachine/Editor/Samples/ExposeHDRPInternals/HDRP-Editor-ref.asmref has no target assembly definition
Assembly reference Packages/com.unity.cinemachine/Editor/Samples/ExposeHDRPInternals/HDRP-Editor-ref.asmref has no target assembly definition
Begin MonoManager ReloadAssembly
2026-03-26T05:59:01.341Z|0x1ac|[Licensing::Client] Successfully resolved entitlement details
2026-03-26T05:59:02.257Z|0x1ac|- Loaded All Assemblies, in  0.919 seconds
2026-03-26T05:59:02.427Z|0x1ac|Assembly reference Packages/com.unity.cinemachine/Editor/Samples/ExposeHDRPInternals/HDRP-Editor-ref.asmref has no target assembly definition
'Packages/com.unity.cinemachine/Editor/Obsolete/CinemachineVirtualCameraBaseEditor.cs' contains partial class of Unity.Object, exactly 1 of the partial classes needs to be in a file with the same filename. This is to know the one that can be referenced from ie. GameObjects
2026-03-26T05:59:02.573Z|0x1ac|'Packages/com.unity.cinemachine/Editor/Editors/CinemachineVirtualCameraBaseEditor.cs' contains partial class of Unity.Object, exactly 1 of the partial classes needs to be in a file with the same filename. This is to know the one that can be referenced from ie. GameObjects
2026-03-26T05:59:02.614Z|0x1ac|Refreshing native plugins compatible for Editor in 1.17 ms, found 3 plugins.
2026-03-26T05:59:02.774Z|0x1ac|Native extension for Android target not found
2026-03-26T05:59:02.782Z|0x1ac|Native extension for WindowsStandalone target not found
2026-03-26T05:59:02.783Z|0x1ac|Native extension for WebGL target not found
2026-03-26T05:59:02.962Z|0x1ac|Assembly reference Packages/com.unity.cinemachine/Editor/Samples/ExposeHDRPInternals/HDRP-Editor-ref.asmref has no target assembly definition
[MODES] ModeService[none].Initialize
[MODES] ModeService[none].LoadModes
[Package Manager] Failed to launch server process. Reason: Unity was launched with the -noUpm command-line argument
2026-03-26T05:59:03.293Z|0x1ac|[Package Manager] Unable to send message (not connected to server process).
2026-03-26T05:59:03.293Z|0x1ac|[Package Manager] Cannot connect to Unity Package Manager local server
2026-03-26T05:59:03.307Z|0x1ac|[Package Manager] Failed to launch server process. Reason: Unity was launched with the -noUpm command-line argument
2026-03-26T05:59:03.307Z|0x1ac|[Package Manager] Unable to send message (not connected to server process).
2026-03-26T05:59:03.307Z|0x1ac|[Package Manager] Cannot connect to Unity Package Manager local server
2026-03-26T05:59:03.613Z|0x1ac|ScheduleIndexationOnStartup MainProcess:False IndexOnStartup:True
Mono: successfully reloaded assembly
2026-03-26T05:59:03.697Z|0x1ac|- Finished resetting the current domain, in  1.082 seconds
2026-03-26T05:59:03.698Z|0x1ac|Domain Reload Profiling: 2001ms
	BeginReloadAssembly (258ms)
		ExecutionOrderSort (0ms)
		DisableScriptedObjects (13ms)
		BackupInstance (0ms)
		ReleaseScriptingObjects (0ms)
		CreateAndSetChildDomain (64ms)
	RebuildCommonClasses (42ms)
	RebuildNativeTypeToScriptingClass (15ms)
	initialDomainReloadingComplete (36ms)
	LoadAllAssembliesAndSetupDomain (568ms)
		LoadAssemblies (447ms)
		RebuildTransferFunctionScriptingTraits (0ms)
		AnalyzeDomain (236ms)
			TypeCache.Refresh (14ms)
				TypeCache.ScanAssembly (1ms)
			BuildScriptInfoCaches (205ms)
			ResolveRequiredComponents (12ms)
	FinalizeReload (1083ms)
		ReleaseScriptCaches (0ms)
		RebuildScriptCaches (0ms)
		SetupLoadedEditorAssemblies (868ms)
			LogAssemblyErrors (0ms)
			InitializePlatformSupportModulesInManaged (12ms)
			SetLoadedEditorAssemblies (7ms)
			BeforeProcessingInitializeOnLoad (248ms)
			ProcessInitializeOnLoadAttributes (507ms)
			ProcessInitializeOnLoadMethodAttributes (89ms)
			AfterProcessingInitializeOnLoad (5ms)
			EditorAssembliesLoaded (0ms)
		ExecutionOrderSort2 (0ms)
		AwakeInstancesAfterBackupRestoration (30ms)
2026-03-26T05:59:04.361Z|0x1ac|Refreshing native plugins compatible for Editor in 2.83 ms, found 3 plugins.
2026-03-26T05:59:04.361Z|0x1ac|Preloading 0 native plugins for Editor in 0.00 ms.
2026-03-26T05:59:04.363Z|0x19d98|Unloading 18 Unused Serialized files (Serialized files now loaded: 0)
2026-03-26T05:59:04.388Z|0x1ac|Unloading 5449 unused Assets / (4.4 MB). Loaded Objects now: 6360.
Memory consumption went from 156.1 MB to 151.6 MB.
2026-03-26T05:59:04.388Z|0x1ac|Total: 24.819400 ms (FindLiveObjects: 1.649800 ms CreateObjectMapping: 1.875000 ms MarkObjects: 14.667200 ms  DeleteObjects: 6.623100 ms)

2026-03-26T05:59:04.388Z|0x1ac|Prepare: number of updated asset objects reloaded= 0
2026-03-26T05:59:56.863Z|0x1ac|========================================================================
Received Import Request.
  Time since last request: 860.716968 seconds.
  path: Assets/Scripts/Target.cs
  artifactKey: Guid(9a718230f5a476249bec473a7d2026a1) Importer(815301076,1909f56bfc062723c751e8b465ee728b)
2026-03-26T05:59:56.877Z|0x1ac|Start importing Assets/Scripts/Target.cs using Guid(9a718230f5a476249bec473a7d2026a1) Importer(815301076,1909f56bfc062723c751e8b465ee728b) (PreviewImporter) -> (artifact id: '73d461449553572ea580f4f145803bee') in 0.0195609 seconds
2026-03-26T05:59:56.919Z|0x1ac|Number of updated asset objects reloaded before import = 0Number of asset objects unloaded after import = 0

2026-03-26T06:02:36.328Z|0x1ac|========================================================================
2026-03-26T06:02:36.328Z|0x1ac|Received Prepare
2026-03-26T06:02:36.397Z|0x1ac|'Packages/com.unity.cinemachine/Editor/Obsolete/CinemachineVirtualCameraBaseEditor.cs' contains partial class of Unity.Object, exactly 1 of the partial classes needs to be in a file with the same filename. This is to know the one that can be referenced from ie. GameObjects
2026-03-26T06:02:36.417Z|0x1ac|'Packages/com.unity.cinemachine/Editor/Editors/CinemachineVirtualCameraBaseEditor.cs' contains partial class of Unity.Object, exactly 1 of the partial classes needs to be in a file with the same filename. This is to know the one that can be referenced from ie. GameObjects
2026-03-26T06:02:37.202Z|0x1ac|Refreshing native plugins compatible for Editor in 2.04 ms, found 3 plugins.
2026-03-26T06:02:37.202Z|0x1ac|Preloading 0 native plugins for Editor in 0.00 ms.
2026-03-26T06:02:37.202Z|0x19d98|Unloading 18 Unused Serialized files (Serialized files now loaded: 0)
2026-03-26T06:02:37.229Z|0x1ac|Unloading 5442 unused Assets / (4.4 MB). Loaded Objects now: 6360.
Memory consumption went from 156.2 MB to 151.8 MB.
2026-03-26T06:02:37.229Z|0x1ac|Total: 26.091900 ms (FindLiveObjects: 1.394800 ms CreateObjectMapping: 1.832500 ms MarkObjects: 16.587000 ms  DeleteObjects: 6.273200 ms)

2026-03-26T06:02:37.229Z|0x1ac|Prepare: number of updated asset objects reloaded= 0
2026-03-26T06:02:44.148Z|0x1ac|========================================================================
2026-03-26T06:02:44.148Z|0x1ac|Received Prepare
2026-03-26T06:02:44.221Z|0x1ac|Assembly reference Packages/com.unity.cinemachine/Editor/Samples/ExposeHDRPInternals/HDRP-Editor-ref.asmref has no target assembly definition
Assembly reference Packages/com.unity.cinemachine/Editor/Samples/ExposeHDRPInternals/HDRP-Editor-ref.asmref has no target assembly definition
Begin MonoManager ReloadAssembly
2026-03-26T06:02:44.420Z|0x1ac|[Licensing::Client] Successfully resolved entitlement details
2026-03-26T06:02:45.321Z|0x1ac|- Loaded All Assemblies, in  0.903 seconds
2026-03-26T06:02:45.489Z|0x1ac|Assembly reference Packages/com.unity.cinemachine/Editor/Samples/ExposeHDRPInternals/HDRP-Editor-ref.asmref has no target assembly definition
'Packages/com.unity.cinemachine/Editor/Obsolete/CinemachineVirtualCameraBaseEditor.cs' contains partial class of Unity.Object, exactly 1 of the partial classes needs to be in a file with the same filename. This is to know the one that can be referenced from ie. GameObjects
2026-03-26T06:02:45.637Z|0x1ac|'Packages/com.unity.cinemachine/Editor/Editors/CinemachineVirtualCameraBaseEditor.cs' contains partial class of Unity.Object, exactly 1 of the partial classes needs to be in a file with the same filename. This is to know the one that can be referenced from ie. GameObjects
2026-03-26T06:02:45.678Z|0x1ac|Refreshing native plugins compatible for Editor in 1.12 ms, found 3 plugins.
2026-03-26T06:02:45.830Z|0x1ac|Native extension for Android target not found
2026-03-26T06:02:45.838Z|0x1ac|Native extension for WindowsStandalone target not found
2026-03-26T06:02:45.839Z|0x1ac|Native extension for WebGL target not found
2026-03-26T06:02:46.013Z|0x1ac|Assembly reference Packages/com.unity.cinemachine/Editor/Samples/ExposeHDRPInternals/HDRP-Editor-ref.asmref has no target assembly definition
[MODES] ModeService[none].Initialize
[MODES] ModeService[none].LoadModes
[Package Manager] Failed to launch server process. Reason: Unity was launched with the -noUpm command-line argument
2026-03-26T06:02:46.323Z|0x1ac|[Package Manager] Unable to send message (not connected to server process).
2026-03-26T06:02:46.323Z|0x1ac|[Package Manager] Cannot connect to Unity Package Manager local server
2026-03-26T06:02:46.335Z|0x1ac|[Package Manager] Failed to launch server process. Reason: Unity was launched with the -noUpm command-line argument
2026-03-26T06:02:46.335Z|0x1ac|[Package Manager] Unable to send message (not connected to server process).
2026-03-26T06:02:46.335Z|0x1ac|[Package Manager] Cannot connect to Unity Package Manager local server
2026-03-26T06:02:46.649Z|0x1ac|ScheduleIndexationOnStartup MainProcess:False IndexOnStartup:True
Mono: successfully reloaded assembly
2026-03-26T06:02:46.821Z|0x1ac|- Finished resetting the current domain, in  1.142 seconds
2026-03-26T06:02:46.822Z|0x1ac|Domain Reload Profiling: 2048ms
	BeginReloadAssembly (266ms)
		ExecutionOrderSort (0ms)
		DisableScriptedObjects (14ms)
		BackupInstance (0ms)
		ReleaseScriptingObjects (0ms)
		CreateAndSetChildDomain (71ms)
	RebuildCommonClasses (44ms)
	RebuildNativeTypeToScriptingClass (16ms)
	initialDomainReloadingComplete (32ms)
	LoadAllAssembliesAndSetupDomain (548ms)
		LoadAssemblies (418ms)
		RebuildTransferFunctionScriptingTraits (0ms)
		AnalyzeDomain (241ms)
			TypeCache.Refresh (12ms)
				TypeCache.ScanAssembly (1ms)
			BuildScriptInfoCaches (211ms)
			ResolveRequiredComponents (12ms)
	FinalizeReload (1143ms)
		ReleaseScriptCaches (0ms)
		RebuildScriptCaches (0ms)
		SetupLoadedEditorAssemblies (867ms)
			LogAssemblyErrors (0ms)
			InitializePlatformSupportModulesInManaged (12ms)
			SetLoadedEditorAssemblies (7ms)
			BeforeProcessingInitializeOnLoad (244ms)
			ProcessInitializeOnLoadAttributes (470ms)
			ProcessInitializeOnLoadMethodAttributes (125ms)
			AfterProcessingInitializeOnLoad (9ms)
			EditorAssembliesLoaded (1ms)
		ExecutionOrderSort2 (0ms)
		AwakeInstancesAfterBackupRestoration (78ms)
2026-03-26T06:02:47.615Z|0x1ac|Refreshing native plugins compatible for Editor in 3.76 ms, found 3 plugins.
2026-03-26T06:02:47.615Z|0x1ac|Preloading 0 native plugins for Editor in 0.00 ms.
2026-03-26T06:02:47.616Z|0x1a1f8|Unloading 18 Unused Serialized files (Serialized files now loaded: 0)
2026-03-26T06:02:47.646Z|0x1ac|Unloading 5449 unused Assets / (4.5 MB). Loaded Objects now: 6364.
Memory consumption went from 156.1 MB to 151.6 MB.
2026-03-26T06:02:47.646Z|0x1ac|Total: 29.221400 ms (FindLiveObjects: 1.936800 ms CreateObjectMapping: 2.338800 ms MarkObjects: 17.414300 ms  DeleteObjects: 7.527700 ms)

2026-03-26T06:02:47.646Z|0x1ac|Prepare: number of updated asset objects reloaded= 0
2026-03-26T06:03:28.021Z|0x1ac|========================================================================
Received Import Request.
  Time since last request: 211.126928 seconds.
  path: Assets/Prefabs/Barrel Group.prefab
  artifactKey: Guid(4d17b70845f5a1748aacb22ddde663a3) Importer(815301076,1909f56bfc062723c751e8b465ee728b)
2026-03-26T06:03:28.035Z|0x1ac|Start importing Assets/Prefabs/Barrel Group.prefab using Guid(4d17b70845f5a1748aacb22ddde663a3) Importer(815301076,1909f56bfc062723c751e8b465ee728b) (PreviewImporter) -> (artifact id: '916fbbf8bd987475fb40fab888c63983') in 0.501716 seconds
2026-03-26T06:03:28.560Z|0x1ac|Number of updated asset objects reloaded before import = 0Number of asset objects unloaded after import = 34

2026-03-26T06:04:56.889Z|0x1ac|========================================================================
Received Import Request.
  Time since last request: 88.338618 seconds.
  path: Assets/Prefabs/Barrel Group.prefab
  artifactKey: Guid(4d17b70845f5a1748aacb22ddde663a3) Importer(815301076,1909f56bfc062723c751e8b465ee728b)
2026-03-26T06:04:56.901Z|0x1ac|Start importing Assets/Prefabs/Barrel Group.prefab using Guid(4d17b70845f5a1748aacb22ddde663a3) Importer(815301076,1909f56bfc062723c751e8b465ee728b) (PreviewImporter) -> (artifact id: '97ca28fbb27c195f4941e6a500680a93') in 0.023601 seconds
2026-03-26T06:04:56.948Z|0x1ac|Number of updated asset objects reloaded before import = 0Number of asset objects unloaded after import = 33

2026-03-26T06:05:36.386Z|0x1ac|========================================================================
2026-03-26T06:05:36.386Z|0x1ac|Received Prepare
2026-03-26T06:05:36.471Z|0x1ac|Assembly reference Packages/com.unity.cinemachine/Editor/Samples/ExposeHDRPInternals/HDRP-Editor-ref.asmref has no target assembly definition
Assembly reference Packages/com.unity.cinemachine/Editor/Samples/ExposeHDRPInternals/HDRP-Editor-ref.asmref has no target assembly definition
Begin MonoManager ReloadAssembly
2026-03-26T06:05:36.669Z|0x1ac|[Licensing::Client] Successfully resolved entitlement details
2026-03-26T06:05:37.600Z|0x1ac|- Loaded All Assemblies, in  0.933 seconds
2026-03-26T06:05:37.762Z|0x1ac|Assembly reference Packages/com.unity.cinemachine/Editor/Samples/ExposeHDRPInternals/HDRP-Editor-ref.asmref has no target assembly definition
'Packages/com.unity.cinemachine/Editor/Obsolete/CinemachineVirtualCameraBaseEditor.cs' contains partial class of Unity.Object, exactly 1 of the partial classes needs to be in a file with the same filename. This is to know the one that can be referenced from ie. GameObjects
2026-03-26T06:05:37.905Z|0x1ac|'Packages/com.unity.cinemachine/Editor/Editors/CinemachineVirtualCameraBaseEditor.cs' contains partial class of Unity.Object, exactly 1 of the partial classes needs to be in a file with the same filename. This is to know the one that can be referenced from ie. GameObjects
2026-03-26T06:05:37.942Z|0x1ac|Refreshing native plugins compatible for Editor in 0.90 ms, found 3 plugins.
2026-03-26T06:05:38.111Z|0x1ac|Native extension for Android target not found
2026-03-26T06:05:38.120Z|0x1ac|Native extension for WindowsStandalone target not found
2026-03-26T06:05:38.121Z|0x1ac|Native extension for WebGL target not found
2026-03-26T06:05:38.316Z|0x1ac|Assembly reference Packages/com.unity.cinemachine/Editor/Samples/ExposeHDRPInternals/HDRP-Editor-ref.asmref has no target assembly definition
[MODES] ModeService[none].Initialize
[MODES] ModeService[none].LoadModes
[Package Manager] Failed to launch server process. Reason: Unity was launched with the -noUpm command-line argument
2026-03-26T06:05:38.632Z|0x1ac|[Package Manager] Unable to send message (not connected to server process).
2026-03-26T06:05:38.632Z|0x1ac|[Package Manager] Cannot connect to Unity Package Manager local server
2026-03-26T06:05:38.646Z|0x1ac|[Package Manager] Failed to launch server process. Reason: Unity was launched with the -noUpm command-line argument
2026-03-26T06:05:38.646Z|0x1ac|[Package Manager] Unable to send message (not connected to server process).
2026-03-26T06:05:38.646Z|0x1ac|[Package Manager] Cannot connect to Unity Package Manager local server
2026-03-26T06:05:38.946Z|0x1ac|ScheduleIndexationOnStartup MainProcess:False IndexOnStartup:True
Mono: successfully reloaded assembly
2026-03-26T06:05:39.036Z|0x1ac|- Finished resetting the current domain, in  1.093 seconds
2026-03-26T06:05:39.037Z|0x1ac|Domain Reload Profiling: 2026ms
	BeginReloadAssembly (305ms)
		ExecutionOrderSort (0ms)
		DisableScriptedObjects (40ms)
		BackupInstance (0ms)
		ReleaseScriptingObjects (0ms)
		CreateAndSetChildDomain (83ms)
	RebuildCommonClasses (46ms)
	RebuildNativeTypeToScriptingClass (16ms)
	initialDomainReloadingComplete (31ms)
	LoadAllAssembliesAndSetupDomain (536ms)
		LoadAssemblies (406ms)
		RebuildTransferFunctionScriptingTraits (0ms)
		AnalyzeDomain (239ms)
			TypeCache.Refresh (11ms)
				TypeCache.ScanAssembly (1ms)
			BuildScriptInfoCaches (209ms)
			ResolveRequiredComponents (13ms)
	FinalizeReload (1094ms)
		ReleaseScriptCaches (0ms)
		RebuildScriptCaches (0ms)
		SetupLoadedEditorAssemblies (869ms)
			LogAssemblyErrors (0ms)
			InitializePlatformSupportModulesInManaged (13ms)
			SetLoadedEditorAssemblies (7ms)
			BeforeProcessingInitializeOnLoad (264ms)
			ProcessInitializeOnLoadAttributes (480ms)
			ProcessInitializeOnLoadMethodAttributes (99ms)
			AfterProcessingInitializeOnLoad (6ms)
			EditorAssembliesLoaded (0ms)
		ExecutionOrderSort2 (0ms)
		AwakeInstancesAfterBackupRestoration (32ms)
2026-03-26T06:05:39.778Z|0x1ac|Refreshing native plugins compatible for Editor in 4.68 ms, found 3 plugins.
2026-03-26T06:05:39.778Z|0x1ac|Preloading 0 native plugins for Editor in 0.00 ms.
2026-03-26T06:05:39.780Z|0x142a0|Unloading 18 Unused Serialized files (Serialized files now loaded: 0)
2026-03-26T06:05:39.811Z|0x1ac|Unloading 5451 unused Assets / (4.8 MB). Loaded Objects now: 6388.
Memory consumption went from 156.3 MB to 151.5 MB.
2026-03-26T06:05:39.811Z|0x1ac|Total: 30.030300 ms (FindLiveObjects: 2.982600 ms CreateObjectMapping: 2.382900 ms MarkObjects: 15.145200 ms  DeleteObjects: 9.515600 ms)

2026-03-26T06:05:39.811Z|0x1ac|Prepare: number of updated asset objects reloaded= 0
2026-03-26T06:06:42.845Z|0x1ac|========================================================================
Received Import Request.
  Time since last request: 105.909685 seconds.
  path: Assets/Prefabs/Barrel Group.prefab
  artifactKey: Guid(4d17b70845f5a1748aacb22ddde663a3) Importer(815301076,1909f56bfc062723c751e8b465ee728b)
2026-03-26T06:06:42.860Z|0x1ac|Start importing Assets/Prefabs/Barrel Group.prefab using Guid(4d17b70845f5a1748aacb22ddde663a3) Importer(815301076,1909f56bfc062723c751e8b465ee728b) (PreviewImporter) -> (artifact id: '46582e393e33d6062bc1e524157ea0f9') in 0.5340562 seconds
2026-03-26T06:06:43.418Z|0x1ac|Number of updated asset objects reloaded before import = 0Number of asset objects unloaded after import = 38

2026-03-26T06:45:24.606Z|0x1ac|========================================================================
2026-03-26T06:45:24.606Z|0x1ac|Received Prepare
2026-03-26T06:45:24.704Z|0x1ac|Assembly reference Packages/com.unity.cinemachine/Editor/Samples/ExposeHDRPInternals/HDRP-Editor-ref.asmref has no target assembly definition
Assembly reference Packages/com.unity.cinemachine/Editor/Samples/ExposeHDRPInternals/HDRP-Editor-ref.asmref has no target assembly definition
Begin MonoManager ReloadAssembly
2026-03-26T06:45:24.905Z|0x1ac|[Licensing::Client] Successfully resolved entitlement details
2026-03-26T06:45:25.992Z|0x1ac|- Loaded All Assemblies, in  1.089 seconds
2026-03-26T06:45:26.172Z|0x1ac|Assembly reference Packages/com.unity.cinemachine/Editor/Samples/ExposeHDRPInternals/HDRP-Editor-ref.asmref has no target assembly definition
'Packages/com.unity.cinemachine/Editor/Obsolete/CinemachineVirtualCameraBaseEditor.cs' contains partial class of Unity.Object, exactly 1 of the partial classes needs to be in a file with the same filename. This is to know the one that can be referenced from ie. GameObjects
2026-03-26T06:45:26.338Z|0x1ac|'Packages/com.unity.cinemachine/Editor/Editors/CinemachineVirtualCameraBaseEditor.cs' contains partial class of Unity.Object, exactly 1 of the partial classes needs to be in a file with the same filename. This is to know the one that can be referenced from ie. GameObjects
2026-03-26T06:45:26.381Z|0x1ac|Refreshing native plugins compatible for Editor in 0.96 ms, found 3 plugins.
2026-03-26T06:45:26.573Z|0x1ac|Native extension for Android target not found
2026-03-26T06:45:26.583Z|0x1ac|Native extension for WindowsStandalone target not found
2026-03-26T06:45:26.584Z|0x1ac|Native extension for WebGL target not found
2026-03-26T06:45:26.797Z|0x1ac|Assembly reference Packages/com.unity.cinemachine/Editor/Samples/ExposeHDRPInternals/HDRP-Editor-ref.asmref has no target assembly definition
[MODES] ModeService[none].Initialize
[MODES] ModeService[none].LoadModes
[Package Manager] Failed to launch server process. Reason: Unity was launched with the -noUpm command-line argument
2026-03-26T06:45:27.173Z|0x1ac|[Package Manager] Unable to send message (not connected to server process).
2026-03-26T06:45:27.173Z|0x1ac|[Package Manager] Cannot connect to Unity Package Manager local server
2026-03-26T06:45:27.190Z|0x1ac|[Package Manager] Failed to launch server process. Reason: Unity was launched with the -noUpm command-line argument
2026-03-26T06:45:27.190Z|0x1ac|[Package Manager] Unable to send message (not connected to server process).
2026-03-26T06:45:27.190Z|0x1ac|[Package Manager] Cannot connect to Unity Package Manager local server
2026-03-26T06:45:27.507Z|0x1ac|ScheduleIndexationOnStartup MainProcess:False IndexOnStartup:True
Mono: successfully reloaded assembly
2026-03-26T06:45:27.596Z|0x1ac|- Finished resetting the current domain, in  1.213 seconds
2026-03-26T06:45:27.597Z|0x1ac|Domain Reload Profiling: 2304ms
	BeginReloadAssembly (356ms)
		ExecutionOrderSort (0ms)
		DisableScriptedObjects (44ms)
		BackupInstance (0ms)
		ReleaseScriptingObjects (0ms)
		CreateAndSetChildDomain (114ms)
	RebuildCommonClasses (47ms)
	RebuildNativeTypeToScriptingClass (16ms)
	initialDomainReloadingComplete (36ms)
	LoadAllAssembliesAndSetupDomain (635ms)
		LoadAssemblies (507ms)
		RebuildTransferFunctionScriptingTraits (0ms)
		AnalyzeDomain (255ms)
			TypeCache.Refresh (12ms)
				TypeCache.ScanAssembly (1ms)
			BuildScriptInfoCaches (225ms)
			ResolveRequiredComponents (12ms)
	FinalizeReload (1214ms)
		ReleaseScriptCaches (0ms)
		RebuildScriptCaches (0ms)
		SetupLoadedEditorAssemblies (966ms)
			LogAssemblyErrors (0ms)
			InitializePlatformSupportModulesInManaged (17ms)
			SetLoadedEditorAssemblies (8ms)
			BeforeProcessingInitializeOnLoad (291ms)
			ProcessInitializeOnLoadAttributes (551ms)
			ProcessInitializeOnLoadMethodAttributes (93ms)
			AfterProcessingInitializeOnLoad (6ms)
			EditorAssembliesLoaded (0ms)
		ExecutionOrderSort2 (0ms)
		AwakeInstancesAfterBackupRestoration (34ms)
2026-03-26T06:45:28.343Z|0x1ac|Refreshing native plugins compatible for Editor in 2.30 ms, found 3 plugins.
2026-03-26T06:45:28.343Z|0x1ac|Preloading 0 native plugins for Editor in 0.00 ms.
2026-03-26T06:45:28.346Z|0x8d4c|Unloading 18 Unused Serialized files (Serialized files now loaded: 0)
2026-03-26T06:45:28.375Z|0x1ac|Unloading 5456 unused Assets / (4.4 MB). Loaded Objects now: 6417.
Memory consumption went from 156.4 MB to 152.0 MB.
2026-03-26T06:45:28.375Z|0x1ac|Total: 29.269900 ms (FindLiveObjects: 2.259900 ms CreateObjectMapping: 2.655100 ms MarkObjects: 17.090200 ms  DeleteObjects: 7.260800 ms)

2026-03-26T06:45:28.375Z|0x1ac|Prepare: number of updated asset objects reloaded= 0
2026-03-26T06:45:39.395Z|0x1ac|========================================================================
Received Import Request.
  Time since last request: 2336.163155 seconds.
  path: Assets/Physics Materials
  artifactKey: Guid(bb14c9d518bd6fd4f86c71dc418d139f) Importer(815301076,1909f56bfc062723c751e8b465ee728b)
2026-03-26T06:45:39.409Z|0x1ac|Start importing Assets/Physics Materials using Guid(bb14c9d518bd6fd4f86c71dc418d139f) Importer(815301076,1909f56bfc062723c751e8b465ee728b) (PreviewImporter) -> (artifact id: '472736cc7ad644511a5e4668b4f78f01') in 0.0172894 seconds
2026-03-26T06:45:39.454Z|0x1ac|Number of updated asset objects reloaded before import = 0Number of asset objects unloaded after import = 0

2026-03-26T06:45:46.286Z|0x1ac|========================================================================
2026-03-26T06:45:46.286Z|0x1ac|Received Prepare
2026-03-26T06:45:46.345Z|0x1ac|'Packages/com.unity.cinemachine/Editor/Obsolete/CinemachineVirtualCameraBaseEditor.cs' contains partial class of Unity.Object, exactly 1 of the partial classes needs to be in a file with the same filename. This is to know the one that can be referenced from ie. GameObjects
2026-03-26T06:45:46.365Z|0x1ac|'Packages/com.unity.cinemachine/Editor/Editors/CinemachineVirtualCameraBaseEditor.cs' contains partial class of Unity.Object, exactly 1 of the partial classes needs to be in a file with the same filename. This is to know the one that can be referenced from ie. GameObjects
2026-03-26T06:45:47.162Z|0x1ac|Refreshing native plugins compatible for Editor in 3.81 ms, found 3 plugins.
2026-03-26T06:45:47.163Z|0x1ac|Preloading 0 native plugins for Editor in 0.00 ms.
2026-03-26T06:45:47.163Z|0x8d4c|Unloading 18 Unused Serialized files (Serialized files now loaded: 0)
2026-03-26T06:45:47.186Z|0x1ac|Unloading 5447 unused Assets / (4.2 MB). Loaded Objects now: 6417.
Memory consumption went from 156.4 MB to 152.2 MB.
2026-03-26T06:45:47.186Z|0x1ac|Total: 22.764000 ms (FindLiveObjects: 1.883300 ms CreateObjectMapping: 2.395500 ms MarkObjects: 13.163900 ms  DeleteObjects: 5.318700 ms)

2026-03-26T06:45:47.186Z|0x1ac|Prepare: number of updated asset objects reloaded= 0
2026-03-26T06:45:47.188Z|0x1ac|========================================================================
2026-03-26T06:45:47.188Z|0x1ac|Received Prepare
2026-03-26T06:45:47.311Z|0x1ac|'Packages/com.unity.cinemachine/Editor/Obsolete/CinemachineVirtualCameraBaseEditor.cs' contains partial class of Unity.Object, exactly 1 of the partial classes needs to be in a file with the same filename. This is to know the one that can be referenced from ie. GameObjects
2026-03-26T06:45:47.364Z|0x1ac|'Packages/com.unity.cinemachine/Editor/Editors/CinemachineVirtualCameraBaseEditor.cs' contains partial class of Unity.Object, exactly 1 of the partial classes needs to be in a file with the same filename. This is to know the one that can be referenced from ie. GameObjects
2026-03-26T06:45:48.179Z|0x1ac|Refreshing native plugins compatible for Editor in 1.54 ms, found 3 plugins.
2026-03-26T06:45:48.180Z|0x1ac|Preloading 0 native plugins for Editor in 0.00 ms.
2026-03-26T06:45:48.180Z|0x8d4c|Unloading 18 Unused Serialized files (Serialized files now loaded: 0)
2026-03-26T06:45:48.205Z|0x1ac|Unloading 5447 unused Assets / (4.1 MB). Loaded Objects now: 6417.
Memory consumption went from 156.4 MB to 152.3 MB.
2026-03-26T06:45:48.206Z|0x1ac|Total: 25.138200 ms (FindLiveObjects: 1.868800 ms CreateObjectMapping: 2.195400 ms MarkObjects: 15.707600 ms  DeleteObjects: 5.363500 ms)

2026-03-26T06:45:48.206Z|0x1ac|Prepare: number of updated asset objects reloaded= 0
2026-03-26T06:45:55.901Z|0x1ac|========================================================================
2026-03-26T06:45:55.901Z|0x1ac|Received Prepare
2026-03-26T06:45:55.979Z|0x1ac|Assembly reference Packages/com.unity.cinemachine/Editor/Samples/ExposeHDRPInternals/HDRP-Editor-ref.asmref has no target assembly definition
Assembly reference Packages/com.unity.cinemachine/Editor/Samples/ExposeHDRPInternals/HDRP-Editor-ref.asmref has no target assembly definition
Begin MonoManager ReloadAssembly
2026-03-26T06:45:57.117Z|0x1ac|- Loaded All Assemblies, in  0.939 seconds
2026-03-26T06:45:57.339Z|0x1ac|Assembly reference Packages/com.unity.cinemachine/Editor/Samples/ExposeHDRPInternals/HDRP-Editor-ref.asmref has no target assembly definition
'Packages/com.unity.cinemachine/Editor/Obsolete/CinemachineVirtualCameraBaseEditor.cs' contains partial class of Unity.Object, exactly 1 of the partial classes needs to be in a file with the same filename. This is to know the one that can be referenced from ie. GameObjects
2026-03-26T06:45:57.502Z|0x1ac|'Packages/com.unity.cinemachine/Editor/Editors/CinemachineVirtualCameraBaseEditor.cs' contains partial class of Unity.Object, exactly 1 of the partial classes needs to be in a file with the same filename. This is to know the one that can be referenced from ie. GameObjects
2026-03-26T06:45:57.536Z|0x1ac|Refreshing native plugins compatible for Editor in 0.99 ms, found 3 plugins.
2026-03-26T06:45:57.688Z|0x1ac|Native extension for Android target not found
2026-03-26T06:45:57.695Z|0x1ac|Native extension for WindowsStandalone target not found
2026-03-26T06:45:57.696Z|0x1ac|Native extension for WebGL target not found
2026-03-26T06:45:57.926Z|0x1ac|Assembly reference Packages/com.unity.cinemachine/Editor/Samples/ExposeHDRPInternals/HDRP-Editor-ref.asmref has no target assembly definition
[MODES] ModeService[none].Initialize
[MODES] ModeService[none].LoadModes
[Package Manager] Failed to launch server process. Reason: Unity was launched with the -noUpm command-line argument
2026-03-26T06:45:58.282Z|0x1ac|[Package Manager] Unable to send message (not connected to server process).
2026-03-26T06:45:58.282Z|0x1ac|[Package Manager] Cannot connect to Unity Package Manager local server
2026-03-26T06:45:58.294Z|0x1ac|[Package Manager] Failed to launch server process. Reason: Unity was launched with the -noUpm command-line argument
2026-03-26T06:45:58.294Z|0x1ac|[Package Manager] Unable to send message (not connected to server process).
2026-03-26T06:45:58.294Z|0x1ac|[Package Manager] Cannot connect to Unity Package Manager local server
2026-03-26T06:45:58.638Z|0x1ac|ScheduleIndexationOnStartup MainProcess:False IndexOnStartup:True
Mono: successfully reloaded assembly
2026-03-26T06:45:58.736Z|0x1ac|- Finished resetting the current domain, in  1.199 seconds
2026-03-26T06:45:58.737Z|0x1ac|Domain Reload Profiling: 2139ms
	BeginReloadAssembly (253ms)
		ExecutionOrderSort (0ms)
		DisableScriptedObjects (12ms)
		BackupInstance (0ms)
		ReleaseScriptingObjects (0ms)
		CreateAndSetChildDomain (70ms)
	RebuildCommonClasses (44ms)
	RebuildNativeTypeToScriptingClass (15ms)
	initialDomainReloadingComplete (31ms)
	LoadAllAssembliesAndSetupDomain (597ms)
		LoadAssemblies (417ms)
		RebuildTransferFunctionScriptingTraits (0ms)
		AnalyzeDomain (287ms)
			TypeCache.Refresh (11ms)
				TypeCache.ScanAssembly (1ms)
			BuildScriptInfoCaches (255ms)
			ResolveRequiredComponents (14ms)
	FinalizeReload (1199ms)
		ReleaseScriptCaches (0ms)
		RebuildScriptCaches (0ms)
		SetupLoadedEditorAssemblies (986ms)
			LogAssemblyErrors (0ms)
			InitializePlatformSupportModulesInManaged (11ms)
			SetLoadedEditorAssemblies (6ms)
			BeforeProcessingInitializeOnLoad (330ms)
			ProcessInitializeOnLoadAttributes (516ms)
			ProcessInitializeOnLoadMethodAttributes (114ms)
			AfterProcessingInitializeOnLoad (9ms)
			EditorAssembliesLoaded (1ms)
		ExecutionOrderSort2 (0ms)
		AwakeInstancesAfterBackupRestoration (35ms)
2026-03-26T06:45:59.372Z|0x1ac|Refreshing native plugins compatible for Editor in 2.19 ms, found 3 plugins.
2026-03-26T06:45:59.372Z|0x1ac|Preloading 0 native plugins for Editor in 0.00 ms.
2026-03-26T06:45:59.374Z|0x1a4b4|Unloading 18 Unused Serialized files (Serialized files now loaded: 0)
2026-03-26T06:45:59.399Z|0x1ac|Unloading 5454 unused Assets / (4.3 MB). Loaded Objects now: 6421.
Memory consumption went from 156.3 MB to 152.0 MB.
2026-03-26T06:45:59.399Z|0x1ac|Total: 25.424400 ms (FindLiveObjects: 1.730900 ms CreateObjectMapping: 2.311400 ms MarkObjects: 15.409300 ms  DeleteObjects: 5.968900 ms)

2026-03-26T06:45:59.400Z|0x1ac|Prepare: number of updated asset objects reloaded= 0
2026-03-26T06:47:52.628Z|0x1ac|========================================================================
Received Import Request.
  Time since last request: 133.180600 seconds.
  path: Assets/External/Game Assets
  artifactKey: Guid(119fd9eb2641f7248a8a1ce5494ef5e0) Importer(815301076,1909f56bfc062723c751e8b465ee728b)
2026-03-26T06:47:52.643Z|0x1ac|Start importing Assets/External/Game Assets using Guid(119fd9eb2641f7248a8a1ce5494ef5e0) Importer(815301076,1909f56bfc062723c751e8b465ee728b) (PreviewImporter) -> (artifact id: '553ced5570c7b02e8926262ad61622c4') in 0.0314773 seconds
2026-03-26T06:47:52.699Z|0x1ac|Number of updated asset objects reloaded before import = 0Number of asset objects unloaded after import = 0

2026-03-26T06:47:53.370Z|0x1ac|========================================================================
Received Import Request.
  Time since last request: 0.671364 seconds.
  path: Assets/External/Game Assets/Aegis77
  artifactKey: Guid(5d2ea44d584329e4492d050c9a0e09b3) Importer(815301076,1909f56bfc062723c751e8b465ee728b)
2026-03-26T06:47:53.383Z|0x1ac|Start importing Assets/External/Game Assets/Aegis77 using Guid(5d2ea44d584329e4492d050c9a0e09b3) Importer(815301076,1909f56bfc062723c751e8b465ee728b) (PreviewImporter) -> (artifact id: 'ad2af1b0f9db43c43fccc4f7e83ddff2') in 0.0006997 seconds
2026-03-26T06:47:53.403Z|0x1ac|Number of updated asset objects reloaded before import = 0Number of asset objects unloaded after import = 0

2026-03-26T06:47:54.026Z|0x1ac|========================================================================
Received Import Request.
  Time since last request: 0.622931 seconds.
  path: Assets/External/Game Assets/Aegis77/Grenades testing
  artifactKey: Guid(1fb3512422843d842bcf2d305346450b) Importer(815301076,1909f56bfc062723c751e8b465ee728b)
2026-03-26T06:47:54.038Z|0x1ac|Start importing Assets/External/Game Assets/Aegis77/Grenades testing using Guid(1fb3512422843d842bcf2d305346450b) Importer(815301076,1909f56bfc062723c751e8b465ee728b) (PreviewImporter) -> (artifact id: 'e336aee5f4a4effe329ab84aa57be633') in 0.0006243 seconds
2026-03-26T06:47:54.060Z|0x1ac|Number of updated asset objects reloaded before import = 0Number of asset objects unloaded after import = 0

2026-03-26T06:47:55.869Z|0x1ac|========================================================================
Received Import Request.
  Time since last request: 1.808627 seconds.
  path: Assets/External/Game Assets/Aegis77/Grenades testing/Scenes
  artifactKey: Guid(f36422aa9bcdc6b459d17e6381b3b98c) Importer(815301076,1909f56bfc062723c751e8b465ee728b)
2026-03-26T06:47:55.881Z|0x1ac|Start importing Assets/External/Game Assets/Aegis77/Grenades testing/Scenes using Guid(f36422aa9bcdc6b459d17e6381b3b98c) Importer(815301076,1909f56bfc062723c751e8b465ee728b) (PreviewImporter) -> (artifact id: '0ca0e7dd170a5617ea2aa145bc190f05') in 0.0006289 seconds
2026-03-26T06:47:55.904Z|0x1ac|Number of updated asset objects reloaded before import = 0Number of asset objects unloaded after import = 0

2026-03-26T06:47:57.451Z|0x1ac|========================================================================
Received Import Request.
  Time since last request: 1.547252 seconds.
  path: Assets/External/Game Assets/Aegis77/Grenades testing/Scenes/Test Scene 1.unity
  artifactKey: Guid(39cb0c771fbc23047aaea6c89bb3456d) Importer(815301076,1909f56bfc062723c751e8b465ee728b)
2026-03-26T06:47:57.463Z|0x1ac|Start importing Assets/External/Game Assets/Aegis77/Grenades testing/Scenes/Test Scene 1.unity using Guid(39cb0c771fbc23047aaea6c89bb3456d) Importer(815301076,1909f56bfc062723c751e8b465ee728b) (PreviewImporter) -> (artifact id: '4fee7284f4a0eb6ac637fb0456e9c875') in 0.0006954 seconds
2026-03-26T06:47:57.486Z|0x1ac|Number of updated asset objects reloaded before import = 0Number of asset objects unloaded after import = 0

2026-03-26T06:48:17.209Z|0x1ac|========================================================================
Received Import Request.
  Time since last request: 19.724150 seconds.
  path: Assets/External/Game Assets/Aegis77/Grenades testing/Scenes/Test Scene
  artifactKey: Guid(2c6a403b7120bf24181bea6d62e86996) Importer(815301076,1909f56bfc062723c751e8b465ee728b)
2026-03-26T06:48:17.223Z|0x1ac|Start importing Assets/External/Game Assets/Aegis77/Grenades testing/Scenes/Test Scene using Guid(2c6a403b7120bf24181bea6d62e86996) Importer(815301076,1909f56bfc062723c751e8b465ee728b) (PreviewImporter) -> (artifact id: '96d1e9a77f5667ddeac0bd78d3016666') in 0.0007958 seconds
2026-03-26T06:48:17.249Z|0x1ac|Number of updated asset objects reloaded before import = 0Number of asset objects unloaded after import = 0

2026-03-26T06:48:22.513Z|0x1ac|========================================================================
Received Import Request.
  Time since last request: 5.264627 seconds.
  path: Assets/External/Game Assets/Aegis77/Grenades testing/Materials
  artifactKey: Guid(afa3349b64281b64a8d3682ea75ce46c) Importer(815301076,1909f56bfc062723c751e8b465ee728b)
2026-03-26T06:48:22.525Z|0x1ac|Start importing Assets/External/Game Assets/Aegis77/Grenades testing/Materials using Guid(afa3349b64281b64a8d3682ea75ce46c) Importer(815301076,1909f56bfc062723c751e8b465ee728b) (PreviewImporter) -> (artifact id: '0a53a49f99a30ab8278597cca02d63c2') in 0.0006581 seconds
2026-03-26T06:48:22.547Z|0x1ac|Number of updated asset objects reloaded before import = 0Number of asset objects unloaded after import = 0

2026-03-26T06:48:49.569Z|0x1ac|========================================================================
Received Import Request.
  Time since last request: 27.022762 seconds.
  path: Assets/Scripts/Barrel.cs
  artifactKey: Guid(72b536f478b724b4c96f208e7c6ab2aa) Importer(2089858483,b0f066a214c2f5e87bad3c948f4d605d)
2026-03-26T06:48:49.581Z|0x1ac|Start importing Assets/Scripts/Barrel.cs using Guid(72b536f478b724b4c96f208e7c6ab2aa) Importer(2089858483,b0f066a214c2f5e87bad3c948f4d605d) (ScriptedImporter) -> (artifact id: 'f47c66ea953193bb54f6e0d7c297d729') in 0.0921525 seconds
2026-03-26T06:48:49.698Z|0x1ac|Number of updated asset objects reloaded before import = 0Number of asset objects unloaded after import = 0

2026-03-26T06:48:49.698Z|0x1ac|========================================================================
Received Import Request.
  Time since last request: 0.000020 seconds.
  path: Assets/Scenes/MainMovement.unity
  artifactKey: Guid(9fc0d4010bbf28b4594072e72b8655ab) Importer(2089858483,b0f066a214c2f5e87bad3c948f4d605d)
2026-03-26T06:48:49.711Z|0x1ac|Start importing Assets/Scenes/MainMovement.unity using Guid(9fc0d4010bbf28b4594072e72b8655ab) Importer(2089858483,b0f066a214c2f5e87bad3c948f4d605d) (ScriptedImporter) -> (artifact id: '4b6a48985f9d533786470d2fe286f418') in 0.0272142 seconds
2026-03-26T06:48:49.760Z|0x1ac|Number of updated asset objects reloaded before import = 0Number of asset objects unloaded after import = 1

2026-03-26T06:48:49.760Z|0x1ac|========================================================================
Received Import Request.
  Time since last request: 0.000044 seconds.
  path: Assets/Prefabs/Barrel Group.prefab
  artifactKey: Guid(4d17b70845f5a1748aacb22ddde663a3) Importer(2089858483,b0f066a214c2f5e87bad3c948f4d605d)
2026-03-26T06:48:49.774Z|0x1ac|Start importing Assets/Prefabs/Barrel Group.prefab using Guid(4d17b70845f5a1748aacb22ddde663a3) Importer(2089858483,b0f066a214c2f5e87bad3c948f4d605d) (ScriptedImporter) -> (artifact id: 'ddbeb80cce24f6944944a99bacd66c14') in 0.0281572 seconds
2026-03-26T06:48:49.824Z|0x1ac|Number of updated asset objects reloaded before import = 0Number of asset objects unloaded after import = 26

2026-03-26T06:50:21.650Z|0x1ac|========================================================================
Received Import Request.
  Time since last request: 91.829756 seconds.
  path: Assets/Scenes/MainMovement.unity
  artifactKey: Guid(9fc0d4010bbf28b4594072e72b8655ab) Importer(815301076,1909f56bfc062723c751e8b465ee728b)
2026-03-26T06:50:21.663Z|0x1ac|Start importing Assets/Scenes/MainMovement.unity using Guid(9fc0d4010bbf28b4594072e72b8655ab) Importer(815301076,1909f56bfc062723c751e8b465ee728b) (PreviewImporter) -> (artifact id: 'a70ed6e386ce8afffd59d7c01247747e') in 0.0007529 seconds
2026-03-26T06:50:21.687Z|0x1ac|Number of updated asset objects reloaded before import = 0Number of asset objects unloaded after import = 0

2026-03-26T06:50:44.065Z|0x1ac|========================================================================
Received Import Request.
  Time since last request: 22.378179 seconds.
  path: Assets/Scenes/MainMovement.unity
  artifactKey: Guid(9fc0d4010bbf28b4594072e72b8655ab) Importer(2089858483,b0f066a214c2f5e87bad3c948f4d605d)
2026-03-26T06:50:44.078Z|0x1ac|Start importing Assets/Scenes/MainMovement.unity using Guid(9fc0d4010bbf28b4594072e72b8655ab) Importer(2089858483,b0f066a214c2f5e87bad3c948f4d605d) (ScriptedImporter) -> (artifact id: 'fac2d022661d91615375328af4694a1c') in 0.0226183 seconds
2026-03-26T06:50:44.123Z|0x1ac|Number of updated asset objects reloaded before import = 0Number of asset objects unloaded after import = 1

2026-03-26T06:53:09.832Z|0x1ac|========================================================================
2026-03-26T06:53:09.832Z|0x1ac|Received Prepare
2026-03-26T06:53:09.904Z|0x1ac|'Packages/com.unity.cinemachine/Editor/Obsolete/CinemachineVirtualCameraBaseEditor.cs' contains partial class of Unity.Object, exactly 1 of the partial classes needs to be in a file with the same filename. This is to know the one that can be referenced from ie. GameObjects
2026-03-26T06:53:09.929Z|0x1ac|'Packages/com.unity.cinemachine/Editor/Editors/CinemachineVirtualCameraBaseEditor.cs' contains partial class of Unity.Object, exactly 1 of the partial classes needs to be in a file with the same filename. This is to know the one that can be referenced from ie. GameObjects
2026-03-26T06:53:10.640Z|0x1ac|Refreshing native plugins compatible for Editor in 1.45 ms, found 3 plugins.
2026-03-26T06:53:10.640Z|0x1ac|Preloading 0 native plugins for Editor in 0.00 ms.
2026-03-26T06:53:10.641Z|0x1a4b4|Unloading 18 Unused Serialized files (Serialized files now loaded: 0)
2026-03-26T06:53:10.671Z|0x1ac|Unloading 5451 unused Assets / (4.4 MB). Loaded Objects now: 6425.
Memory consumption went from 156.6 MB to 152.3 MB.
2026-03-26T06:53:10.671Z|0x1ac|Total: 29.380700 ms (FindLiveObjects: 1.688300 ms CreateObjectMapping: 2.141200 ms MarkObjects: 18.136200 ms  DeleteObjects: 7.410900 ms)

2026-03-26T06:53:10.671Z|0x1ac|Prepare: number of updated asset objects reloaded= 0
2026-03-26T06:53:12.139Z|0x1ac|========================================================================
Received Import Request.
  Time since last request: 148.022261 seconds.
  path: Assets/Mirza Beig/Cinematic Explosions FREE/Textures/Explosions/Explosion 3/Explosion3_emissive_and_scattering.png
  artifactKey: Guid(886f9ae1e40c15a4ab352ba482989cfa) Importer(2089858483,b0f066a214c2f5e87bad3c948f4d605d)
2026-03-26T06:53:12.157Z|0x1ac|Start importing Assets/Mirza Beig/Cinematic Explosions FREE/Textures/Explosions/Explosion 3/Explosion3_emissive_and_scattering.png using Guid(886f9ae1e40c15a4ab352ba482989cfa) Importer(2089858483,b0f066a214c2f5e87bad3c948f4d605d) (ScriptedImporter)[Licensing::Client] Successfully resolved entitlement details
2026-03-26T06:53:12.387Z|0x1ac| -> (artifact id: '5e789f8ed9da8e58e9bb46ea244d17e8') in 0.2301168 seconds
2026-03-26T06:53:12.416Z|0x1ac|Number of updated asset objects reloaded before import = 0Number of asset objects unloaded after import = 1

2026-03-26T06:53:12.416Z|0x1ac|========================================================================
Received Import Request.
  Time since last request: 0.000043 seconds.
  path: Assets/Mirza Beig/Cinematic Explosions FREE/Scenes/Cinematic Explosions FREE (Demo)
  artifactKey: Guid(bb5bb846c80b36a4e95e0032445d366c) Importer(2089858483,b0f066a214c2f5e87bad3c948f4d605d)
2026-03-26T06:53:12.434Z|0x1ac|Start importing Assets/Mirza Beig/Cinematic Explosions FREE/Scenes/Cinematic Explosions FREE (Demo) using Guid(bb5bb846c80b36a4e95e0032445d366c) Importer(2089858483,b0f066a214c2f5e87bad3c948f4d605d) (ScriptedImporter) -> (artifact id: '724d768509eb0da1a9af1ed3019838f6') in 0.0224659 seconds
2026-03-26T06:53:12.489Z|0x1ac|Number of updated asset objects reloaded before import = 0Number of asset objects unloaded after import = 1

2026-03-26T06:53:12.489Z|0x1ac|========================================================================
Received Import Request.
  Time since last request: 0.000041 seconds.
  path: Assets/Mirza Beig/Cinematic Explosions FREE/Prefabs/Explosions/Explosion FREE 2 Variant.prefab
  artifactKey: Guid(c6fb71e58ec36784687d958bc39de3f2) Importer(2089858483,b0f066a214c2f5e87bad3c948f4d605d)
2026-03-26T06:53:12.504Z|0x1ac|Start importing Assets/Mirza Beig/Cinematic Explosions FREE/Prefabs/Explosions/Explosion FREE 2 Variant.prefab using Guid(c6fb71e58ec36784687d958bc39de3f2) Importer(2089858483,b0f066a214c2f5e87bad3c948f4d605d) (ScriptedImporter) -> (artifact id: '7783d172aab1f6504fbb2d2dc70f7dc7') in 0.2720388 seconds
2026-03-26T06:53:12.814Z|0x1ac|Number of updated asset objects reloaded before import = 0Number of asset objects unloaded after import = 72

2026-03-26T06:53:12.814Z|0x1ac|========================================================================
Received Import Request.
  Time since last request: 0.000049 seconds.
  path: Assets/Mirza Beig/Cinematic Explosions FREE/Materials
  artifactKey: Guid(7a039ee6c786f274985a719a52d207ae) Importer(2089858483,b0f066a214c2f5e87bad3c948f4d605d)
2026-03-26T06:53:12.834Z|0x1ac|Start importing Assets/Mirza Beig/Cinematic Explosions FREE/Materials using Guid(7a039ee6c786f274985a719a52d207ae) Importer(2089858483,b0f066a214c2f5e87bad3c948f4d605d) (ScriptedImporter) -> (artifact id: 'a97fde3b6476eb8e4981df67e2a6fe54') in 0.0184762 seconds
2026-03-26T06:53:12.886Z|0x1ac|Number of updated asset objects reloaded before import = 0Number of asset objects unloaded after import = 1

2026-03-26T06:53:12.886Z|0x1ac|========================================================================
Received Import Request.
  Time since last request: 0.000047 seconds.
  path: Assets/Mirza Beig/Cinematic Explosions FREE/Textures/Explosions
  artifactKey: Guid(b30c8e6c36260ea47b4372e7eed9bc55) Importer(2089858483,b0f066a214c2f5e87bad3c948f4d605d)
2026-03-26T06:53:12.908Z|0x1ac|Start importing Assets/Mirza Beig/Cinematic Explosions FREE/Textures/Explosions using Guid(b30c8e6c36260ea47b4372e7eed9bc55) Importer(2089858483,b0f066a214c2f5e87bad3c948f4d605d) (ScriptedImporter) -> (artifact id: 'c6d3015287c9357501c473104323d1f0') in 0.0186229 seconds
2026-03-26T06:53:12.963Z|0x1ac|Number of updated asset objects reloaded before import = 0Number of asset objects unloaded after import = 1

2026-03-26T06:53:12.963Z|0x1ac|========================================================================
Received Import Request.
  Time since last request: 0.000041 seconds.
  path: Assets/Mirza Beig/Cinematic Explosions FREE/Animations/_Explosion (BASE).controller
  artifactKey: Guid(88bb3b13dd121c148bd35812791d8bdb) Importer(2089858483,b0f066a214c2f5e87bad3c948f4d605d)
2026-03-26T06:53:12.981Z|0x1ac|Start importing Assets/Mirza Beig/Cinematic Explosions FREE/Animations/_Explosion (BASE).controller using Guid(88bb3b13dd121c148bd35812791d8bdb) Importer(2089858483,b0f066a214c2f5e87bad3c948f4d605d) (ScriptedImporter) -> (artifact id: '406a986f1dd88d30db95bbe7ff3de7a1') in 0.0403052 seconds
2026-03-26T06:53:13.052Z|0x1ac|Number of updated asset objects reloaded before import = 0Number of asset objects unloaded after import = 4

2026-03-26T06:53:13.052Z|0x1ac|========================================================================
Received Import Request.
  Time since last request: 0.000037 seconds.
  path: Assets/Mirza Beig/Cinematic Explosions FREE/Scenes/Cinematic Explosions FREE (Demo)/Global Volume Profile.asset
  artifactKey: Guid(4140e7c8da9803649a5cb0d262e46fa0) Importer(2089858483,b0f066a214c2f5e87bad3c948f4d605d)
2026-03-26T06:53:13.068Z|0x1ac|Start importing Assets/Mirza Beig/Cinematic Explosions FREE/Scenes/Cinematic Explosions FREE (Demo)/Global Volume Profile.asset using Guid(4140e7c8da9803649a5cb0d262e46fa0) Importer(2089858483,b0f066a214c2f5e87bad3c948f4d605d) (ScriptedImporter) -> (artifact id: '216d49e577fdbd9451d2618fcf656123') in 0.0408914 seconds
2026-03-26T06:53:13.144Z|0x1ac|Number of updated asset objects reloaded before import = 0Number of asset objects unloaded after import = 10

2026-03-26T06:53:13.144Z|0x1ac|========================================================================
Received Import Request.
  Time since last request: 0.000055 seconds.
  path: Assets/Mirza Beig/Cinematic Explosions FREE/Scripts
  artifactKey: Guid(d22514fab372ea240ad17dbe062deaee) Importer(2089858483,b0f066a214c2f5e87bad3c948f4d605d)
2026-03-26T06:53:13.163Z|0x1ac|Start importing Assets/Mirza Beig/Cinematic Explosions FREE/Scripts using Guid(d22514fab372ea240ad17dbe062deaee) Importer(2089858483,b0f066a214c2f5e87bad3c948f4d605d) (ScriptedImporter) -> (artifact id: '7b849c02f70cebe45fd4008491225d71') in 0.0228595 seconds
2026-03-26T06:53:13.230Z|0x1ac|Number of updated asset objects reloaded before import = 0Number of asset objects unloaded after import = 1

2026-03-26T06:53:13.230Z|0x1ac|========================================================================
Received Import Request.
  Time since last request: 0.000056 seconds.
  path: Assets/Mirza Beig/Cinematic Explosions FREE/Prefabs/Explosions/Explosion 1.prefab
  artifactKey: Guid(3ace37360f306cb4aac03640550fa9ef) Importer(2089858483,b0f066a214c2f5e87bad3c948f4d605d)
2026-03-26T06:53:13.250Z|0x1ac|Start importing Assets/Mirza Beig/Cinematic Explosions FREE/Prefabs/Explosions/Explosion 1.prefab using Guid(3ace37360f306cb4aac03640550fa9ef) Importer(2089858483,b0f066a214c2f5e87bad3c948f4d605d) (ScriptedImporter) -> (artifact id: '42b10172dc606ac6c11439e269f9cf52') in 0.0897639 seconds
2026-03-26T06:53:13.379Z|0x1ac|Number of updated asset objects reloaded before import = 0Number of asset objects unloaded after import = 50

2026-03-26T06:53:13.379Z|0x1ac|========================================================================
Received Import Request.
  Time since last request: 0.000055 seconds.
  path: Assets/Mirza Beig/Cinematic Explosions FREE
  artifactKey: Guid(70bd49690d34f6043bdff4be4852f631) Importer(2089858483,b0f066a214c2f5e87bad3c948f4d605d)
2026-03-26T06:53:13.400Z|0x1ac|Start importing Assets/Mirza Beig/Cinematic Explosions FREE using Guid(70bd49690d34f6043bdff4be4852f631) Importer(2089858483,b0f066a214c2f5e87bad3c948f4d605d) (ScriptedImporter) -> (artifact id: '9b6220294bdd1f8348cd9888ef3c09dc') in 0.025043 seconds
2026-03-26T06:53:13.465Z|0x1ac|Number of updated asset objects reloaded before import = 0Number of asset objects unloaded after import = 1

2026-03-26T06:53:13.465Z|0x1ac|========================================================================
Received Import Request.
  Time since last request: 0.000045 seconds.
  path: Assets/Mirza Beig/Cinematic Explosions FREE/Textures/Explosions/Explosion 1/Explosion1_emissive_and_scattering.png
  artifactKey: Guid(db465adf7f142ea408cd0813393d3e6b) Importer(2089858483,b0f066a214c2f5e87bad3c948f4d605d)
2026-03-26T06:53:13.484Z|0x1ac|Start importing Assets/Mirza Beig/Cinematic Explosions FREE/Textures/Explosions/Explosion 1/Explosion1_emissive_and_scattering.png using Guid(db465adf7f142ea408cd0813393d3e6b) Importer(2089858483,b0f066a214c2f5e87bad3c948f4d605d) (ScriptedImporter) -> (artifact id: '45ed3d5f6cbbb80c7c06a09ff911e4c5') in 0.0661577 seconds
2026-03-26T06:53:13.589Z|0x1ac|Number of updated asset objects reloaded before import = 0Number of asset objects unloaded after import = 1

2026-03-26T06:53:13.589Z|0x1ac|========================================================================
Received Import Request.
  Time since last request: 0.000079 seconds.
  path: Assets/Mirza Beig/Cinematic Explosions FREE/Materials/Smoke/Smoke.mat
  artifactKey: Guid(6ecfc4134a93abd44b62eef8e1cb7a3c) Importer(2089858483,b0f066a214c2f5e87bad3c948f4d605d)
2026-03-26T06:53:13.629Z|0x1ac|Start importing Assets/Mirza Beig/Cinematic Explosions FREE/Materials/Smoke/Smoke.mat using Guid(6ecfc4134a93abd44b62eef8e1cb7a3c) Importer(2089858483,b0f066a214c2f5e87bad3c948f4d605d) (ScriptedImporter) -> (artifact id: 'c495ed25a7ce1adf0ee8c6071f5fafac') in 0.2690701 seconds
2026-03-26T06:53:13.946Z|0x1ac|Number of updated asset objects reloaded before import = 0Number of asset objects unloaded after import = 4

2026-03-26T06:53:13.946Z|0x1ac|========================================================================
Received Import Request.
  Time since last request: 0.000063 seconds.
  path: Assets/Mirza Beig/Cinematic Explosions FREE/Textures/Explosions/Explosion 1
  artifactKey: Guid(be2734a95b78b7c4992e5d65b1b12c54) Importer(2089858483,b0f066a214c2f5e87bad3c948f4d605d)
2026-03-26T06:53:13.969Z|0x1ac|Start importing Assets/Mirza Beig/Cinematic Explosions FREE/Textures/Explosions/Explosion 1 using Guid(be2734a95b78b7c4992e5d65b1b12c54) Importer(2089858483,b0f066a214c2f5e87bad3c948f4d605d) (ScriptedImporter) -> (artifact id: 'a7a02ed8b4c4395d35d7804653ceae29') in 0.0175044 seconds
2026-03-26T06:53:14.018Z|0x1ac|Number of updated asset objects reloaded before import = 0Number of asset objects unloaded after import = 1

2026-03-26T06:53:14.018Z|0x1ac|========================================================================
Received Import Request.
  Time since last request: 0.000056 seconds.
  path: Assets/Mirza Beig/Cinematic Explosions FREE/Materials/Explosions/Explosion FREE 3.mat
  artifactKey: Guid(0dabf48a4cebc8848b9dec45937811c8) Importer(2089858483,b0f066a214c2f5e87bad3c948f4d605d)
2026-03-26T06:53:14.039Z|0x1ac|Start importing Assets/Mirza Beig/Cinematic Explosions FREE/Materials/Explosions/Explosion FREE 3.mat using Guid(0dabf48a4cebc8848b9dec45937811c8) Importer(2089858483,b0f066a214c2f5e87bad3c948f4d605d) (ScriptedImporter) -> (artifact id: 'b322cec33eb40e8aa97c138373151d41') in 0.0823381 seconds
2026-03-26T06:53:14.191Z|0x1ac|Number of updated asset objects reloaded before import = 0Number of asset objects unloaded after import = 2

2026-03-26T06:53:14.191Z|0x1ac|========================================================================
Received Import Request.
  Time since last request: 0.000048 seconds.
  path: Assets/Mirza Beig/Cinematic Explosions FREE/Materials/Explosions/Explosion FREE 2.mat
  artifactKey: Guid(0e1b57a3fb290a741890ed4c8033fee4) Importer(2089858483,b0f066a214c2f5e87bad3c948f4d605d)
2026-03-26T06:53:14.209Z|0x1ac|Start importing Assets/Mirza Beig/Cinematic Explosions FREE/Materials/Explosions/Explosion FREE 2.mat using Guid(0e1b57a3fb290a741890ed4c8033fee4) Importer(2089858483,b0f066a214c2f5e87bad3c948f4d605d) (ScriptedImporter) -> (artifact id: '77ac8341b275438517c3375408162150') in 0.0619546 seconds
2026-03-26T06:53:14.306Z|0x1ac|Number of updated asset objects reloaded before import = 0Number of asset objects unloaded after import = 2

2026-03-26T06:53:14.306Z|0x1ac|========================================================================
Received Import Request.
  Time since last request: 0.000054 seconds.
  path: Assets/Mirza Beig/Cinematic Explosions FREE/Textures/Explosions/Explosion 1/Explosion1_smoke_mask.png
  artifactKey: Guid(b0988bc1e6992fe47a9d120d324f0b44) Importer(2089858483,b0f066a214c2f5e87bad3c948f4d605d)
2026-03-26T06:53:14.329Z|0x1ac|Start importing Assets/Mirza Beig/Cinematic Explosions FREE/Textures/Explosions/Explosion 1/Explosion1_smoke_mask.png using Guid(b0988bc1e6992fe47a9d120d324f0b44) Importer(2089858483,b0f066a214c2f5e87bad3c948f4d605d) (ScriptedImporter) -> (artifact id: 'f5477e9882a756e56aca9fd960af6af6') in 0.1033447 seconds
2026-03-26T06:53:14.467Z|0x1ac|Number of updated asset objects reloaded before import = 0Number of asset objects unloaded after import = 1

2026-03-26T06:53:14.467Z|0x1ac|========================================================================
Received Import Request.
  Time since last request: 0.000051 seconds.
  path: Assets/Mirza Beig/Cinematic Explosions FREE/Materials/Demo/Spark.mat
  artifactKey: Guid(30dec4072c071704097e9f3d3da62bd1) Importer(2089858483,b0f066a214c2f5e87bad3c948f4d605d)
2026-03-26T06:53:14.481Z|0x1ac|Start importing Assets/Mirza Beig/Cinematic Explosions FREE/Materials/Demo/Spark.mat using Guid(30dec4072c071704097e9f3d3da62bd1) Importer(2089858483,b0f066a214c2f5e87bad3c948f4d605d) (ScriptedImporter) -> (artifact id: 'abc63ed8a1479fb6d9bb87094a69d525') in 0.0817897 seconds
2026-03-26T06:53:14.584Z|0x1ac|Number of updated asset objects reloaded before import = 0Number of asset objects unloaded after import = 1

2026-03-26T06:53:14.585Z|0x1ac|========================================================================
Received Import Request.
  Time since last request: 0.000030 seconds.
  path: Assets/Mirza Beig/Cinematic Explosions FREE/Textures/Explosions/Explosion 1/Explosion1_gradient_based_normal_map.png
  artifactKey: Guid(99ad0516122bc3048b766ee366aa09a7) Importer(2089858483,b0f066a214c2f5e87bad3c948f4d605d)
2026-03-26T06:53:14.598Z|0x1ac|Start importing Assets/Mirza Beig/Cinematic Explosions FREE/Textures/Explosions/Explosion 1/Explosion1_gradient_based_normal_map.png using Guid(99ad0516122bc3048b766ee366aa09a7) Importer(2089858483,b0f066a214c2f5e87bad3c948f4d605d) (ScriptedImporter) -> (artifact id: '2304ca46785740f7f8db88f9f07d63d6') in 0.0410379 seconds
2026-03-26T06:53:14.666Z|0x1ac|Number of updated asset objects reloaded before import = 0Number of asset objects unloaded after import = 1

2026-03-26T06:53:14.666Z|0x1ac|========================================================================
Received Import Request.
  Time since last request: 0.000049 seconds.
  path: Assets/Mirza Beig/Cinematic Explosions FREE/Materials/Explosions/Explosion FREE 1.mat
  artifactKey: Guid(fa3fd89b6955c434db7d28a9405f6694) Importer(2089858483,b0f066a214c2f5e87bad3c948f4d605d)
2026-03-26T06:53:14.683Z|0x1ac|Start importing Assets/Mirza Beig/Cinematic Explosions FREE/Materials/Explosions/Explosion FREE 1.mat using Guid(fa3fd89b6955c434db7d28a9405f6694) Importer(2089858483,b0f066a214c2f5e87bad3c948f4d605d) (ScriptedImporter) -> (artifact id: '03f6f97025693ee637cdca0434e2a695') in 0.0522404 seconds
2026-03-26T06:53:14.773Z|0x1ac|Number of updated asset objects reloaded before import = 0Number of asset objects unloaded after import = 2

2026-03-26T06:53:14.773Z|0x1ac|========================================================================
Received Import Request.
  Time since last request: 0.000072 seconds.
  path: Assets/Mirza Beig/Cinematic Explosions FREE/Textures/Explosions/Explosion FREE 4.png
  artifactKey: Guid(8602fa038099a4e419eb585cec0fafe7) Importer(2089858483,b0f066a214c2f5e87bad3c948f4d605d)
2026-03-26T06:53:14.790Z|0x1ac|Start importing Assets/Mirza Beig/Cinematic Explosions FREE/Textures/Explosions/Explosion FREE 4.png using Guid(8602fa038099a4e419eb585cec0fafe7) Importer(2089858483,b0f066a214c2f5e87bad3c948f4d605d) (ScriptedImporter) -> (artifact id: '9c13b379c8b034ad265ffa46b9899825') in 0.0670146 seconds
2026-03-26T06:53:14.891Z|0x1ac|Number of updated asset objects reloaded before import = 0Number of asset objects unloaded after import = 1

2026-03-26T06:53:14.891Z|0x1ac|========================================================================
Received Import Request.
  Time since last request: 0.000044 seconds.
  path: Assets/Mirza Beig/Cinematic Explosions FREE/Textures/Explosions/Explosion 2/Explosion2_emissive_and_scattering.png
  artifactKey: Guid(7d1af105808636842905622e639d5250) Importer(2089858483,b0f066a214c2f5e87bad3c948f4d605d)
2026-03-26T06:53:14.907Z|0x1ac|Start importing Assets/Mirza Beig/Cinematic Explosions FREE/Textures/Explosions/Explosion 2/Explosion2_emissive_and_scattering.png using Guid(7d1af105808636842905622e639d5250) Importer(2089858483,b0f066a214c2f5e87bad3c948f4d605d) (ScriptedImporter) -> (artifact id: '62ed431d4d14a367e7d1ecc7a57f60f4') in 0.0579149 seconds
2026-03-26T06:53:14.995Z|0x1ac|Number of updated asset objects reloaded before import = 0Number of asset objects unloaded after import = 1

2026-03-26T06:53:14.995Z|0x1ac|========================================================================
Received Import Request.
  Time since last request: 0.000024 seconds.
  path: Assets/Mirza Beig/Cinematic Explosions FREE/Materials/Explosions/Explosion 1.mat
  artifactKey: Guid(d9420d6ef011f7042b0873f1bf9787bb) Importer(2089858483,b0f066a214c2f5e87bad3c948f4d605d)
2026-03-26T06:53:15.010Z|0x1ac|Start importing Assets/Mirza Beig/Cinematic Explosions FREE/Materials/Explosions/Explosion 1.mat using Guid(d9420d6ef011f7042b0873f1bf9787bb) Importer(2089858483,b0f066a214c2f5e87bad3c948f4d605d) (ScriptedImporter) -> (artifact id: '073d8aa48773ee4a0932bc7e0117e605') in 0.1140747 seconds
2026-03-26T06:53:15.168Z|0x1ac|Number of updated asset objects reloaded before import = 0Number of asset objects unloaded after import = 5

2026-03-26T06:53:15.169Z|0x1ac|========================================================================
Received Import Request.
  Time since last request: 0.000039 seconds.
  path: Assets/Mirza Beig/Cinematic Explosions FREE/Prefabs/Lights/Particle Light.prefab
  artifactKey: Guid(23bd0446f3d037d48a1bf0e344b8fe07) Importer(2089858483,b0f066a214c2f5e87bad3c948f4d605d)
2026-03-26T06:53:15.184Z|0x1ac|Start importing Assets/Mirza Beig/Cinematic Explosions FREE/Prefabs/Lights/Particle Light.prefab using Guid(23bd0446f3d037d48a1bf0e344b8fe07) Importer(2089858483,b0f066a214c2f5e87bad3c948f4d605d) (ScriptedImporter) -> (artifact id: 'd04998a7ce5cac6d0eb573989a70aa84') in 0.103555 seconds
2026-03-26T06:53:15.320Z|0x1ac|Number of updated asset objects reloaded before import = 0Number of asset objects unloaded after import = 6

2026-03-26T06:53:15.320Z|0x1ac|========================================================================
Received Import Request.
  Time since last request: 0.000044 seconds.
  path: Assets/Mirza Beig/Cinematic Explosions FREE/Materials/Lights/Blue.mat
  artifactKey: Guid(e157ca0e628047f439a7e98187804e55) Importer(2089858483,b0f066a214c2f5e87bad3c948f4d605d)
2026-03-26T06:53:15.337Z|0x1ac|Start importing Assets/Mirza Beig/Cinematic Explosions FREE/Materials/Lights/Blue.mat using Guid(e157ca0e628047f439a7e98187804e55) Importer(2089858483,b0f066a214c2f5e87bad3c948f4d605d) (ScriptedImporter) -> (artifact id: 'b3455fd5e5b86bd5daead7cfabcdf096') in 0.0345512 seconds
2026-03-26T06:53:15.401Z|0x1ac|Number of updated asset objects reloaded before import = 0Number of asset objects unloaded after import = 1

2026-03-26T06:53:15.402Z|0x1ac|========================================================================
Received Import Request.
  Time since last request: 0.000033 seconds.
  path: Assets/Mirza Beig/Cinematic Explosions FREE/Scripts/CustomImpulse.cs
  artifactKey: Guid(1fe0fb05fe5135c44bdc9ec77f6ec6f4) Importer(2089858483,b0f066a214c2f5e87bad3c948f4d605d)
2026-03-26T06:53:15.416Z|0x1ac|Start importing Assets/Mirza Beig/Cinematic Explosions FREE/Scripts/CustomImpulse.cs using Guid(1fe0fb05fe5135c44bdc9ec77f6ec6f4) Importer(2089858483,b0f066a214c2f5e87bad3c948f4d605d) (ScriptedImporter) -> (artifact id: '32c861d2cfca02ef96d24b6a126d67ed') in 0.0221603 seconds
2026-03-26T06:53:15.470Z|0x1ac|Number of updated asset objects reloaded before import = 0Number of asset objects unloaded after import = 0

2026-03-26T06:53:15.470Z|0x1ac|========================================================================
Received Import Request.
  Time since last request: 0.000034 seconds.
  path: Assets/Mirza Beig/Cinematic Explosions FREE/Prefabs
  artifactKey: Guid(08c85ac4fb6975f4780632c84b15637b) Importer(2089858483,b0f066a214c2f5e87bad3c948f4d605d)
2026-03-26T06:53:15.493Z|0x1ac|Start importing Assets/Mirza Beig/Cinematic Explosions FREE/Prefabs using Guid(08c85ac4fb6975f4780632c84b15637b) Importer(2089858483,b0f066a214c2f5e87bad3c948f4d605d) (ScriptedImporter) -> (artifact id: '115919bb350b090d21cc775307def5e7') in 0.0178661 seconds
2026-03-26T06:53:15.549Z|0x1ac|Number of updated asset objects reloaded before import = 0Number of asset objects unloaded after import = 1

2026-03-26T06:53:15.549Z|0x1ac|========================================================================
Received Import Request.
  Time since last request: 0.000046 seconds.
  path: Assets/Mirza Beig/Cinematic Explosions FREE/Materials/Explosions
  artifactKey: Guid(e68ad2af87a754d43a7a877adb602434) Importer(2089858483,b0f066a214c2f5e87bad3c948f4d605d)
2026-03-26T06:53:15.566Z|0x1ac|Start importing Assets/Mirza Beig/Cinematic Explosions FREE/Materials/Explosions using Guid(e68ad2af87a754d43a7a877adb602434) Importer(2089858483,b0f066a214c2f5e87bad3c948f4d605d) (ScriptedImporter) -> (artifact id: '1401c2debd58bd07bdbb0c3eb56e552b') in 0.0199514 seconds
2026-03-26T06:53:15.613Z|0x1ac|Number of updated asset objects reloaded before import = 0Number of asset objects unloaded after import = 1

2026-03-26T06:53:15.614Z|0x1ac|========================================================================
Received Import Request.
  Time since last request: 0.000605 seconds.
  path: Assets/Mirza Beig/Cinematic Explosions FREE/Materials/Demo/Plane.mat
  artifactKey: Guid(bf8e30af75affa54b94cfe6a27d65966) Importer(2089858483,b0f066a214c2f5e87bad3c948f4d605d)
2026-03-26T06:53:15.635Z|0x1ac|Start importing Assets/Mirza Beig/Cinematic Explosions FREE/Materials/Demo/Plane.mat using Guid(bf8e30af75affa54b94cfe6a27d65966) Importer(2089858483,b0f066a214c2f5e87bad3c948f4d605d) (ScriptedImporter) -> (artifact id: 'bbd29f0c5861fb78181b19342fa0c519') in 0.0236435 seconds
2026-03-26T06:53:15.682Z|0x1ac|Number of updated asset objects reloaded before import = 0Number of asset objects unloaded after import = 1

2026-03-26T06:53:15.683Z|0x1ac|========================================================================
Received Import Request.
  Time since last request: 0.000025 seconds.
  path: Assets/Mirza Beig/Cinematic Explosions FREE/Prefabs/Smoke
  artifactKey: Guid(b700b4379fc7bdf48b9f24325e179156) Importer(2089858483,b0f066a214c2f5e87bad3c948f4d605d)
2026-03-26T06:53:15.696Z|0x1ac|Start importing Assets/Mirza Beig/Cinematic Explosions FREE/Prefabs/Smoke using Guid(b700b4379fc7bdf48b9f24325e179156) Importer(2089858483,b0f066a214c2f5e87bad3c948f4d605d) (ScriptedImporter) -> (artifact id: '183ebdd59f9a9ea4b3a4bab317dd0401') in 0.0144035 seconds
2026-03-26T06:53:15.734Z|0x1ac|Number of updated asset objects reloaded before import = 0Number of asset objects unloaded after import = 1

2026-03-26T06:53:15.734Z|0x1ac|========================================================================
Received Import Request.
  Time since last request: 0.000023 seconds.
  path: Assets/Mirza Beig/Cinematic Explosions FREE/Materials/Demo
  artifactKey: Guid(d86b53a019b3684429cbce8fdb1b110a) Importer(2089858483,b0f066a214c2f5e87bad3c948f4d605d)
2026-03-26T06:53:15.747Z|0x1ac|Start importing Assets/Mirza Beig/Cinematic Explosions FREE/Materials/Demo using Guid(d86b53a019b3684429cbce8fdb1b110a) Importer(2089858483,b0f066a214c2f5e87bad3c948f4d605d) (ScriptedImporter) -> (artifact id: '97913baed637a47793a859710c5aedd7') in 0.0137257 seconds
2026-03-26T06:53:15.784Z|0x1ac|Number of updated asset objects reloaded before import = 0Number of asset objects unloaded after import = 1

2026-03-26T06:53:15.784Z|0x1ac|========================================================================
Received Import Request.
  Time since last request: 0.000031 seconds.
  path: Assets/Mirza Beig/Cinematic Explosions FREE/Prefabs/Explosions/Explosion FREE 1 Variant.prefab
  artifactKey: Guid(b70fbea4bc8994749ba52e4f560f9f28) Importer(2089858483,b0f066a214c2f5e87bad3c948f4d605d)
2026-03-26T06:53:15.798Z|0x1ac|Start importing Assets/Mirza Beig/Cinematic Explosions FREE/Prefabs/Explosions/Explosion FREE 1 Variant.prefab using Guid(b70fbea4bc8994749ba52e4f560f9f28) Importer(2089858483,b0f066a214c2f5e87bad3c948f4d605d) (ScriptedImporter) -> (artifact id: 'adc9a6f02329b363c52d19f283856d59') in 0.0776133 seconds
2026-03-26T06:53:15.898Z|0x1ac|Number of updated asset objects reloaded before import = 0Number of asset objects unloaded after import = 72

2026-03-26T06:53:15.898Z|0x1ac|========================================================================
Received Import Request.
  Time since last request: 0.000034 seconds.
  path: Assets/Mirza Beig/Cinematic Explosions FREE/Materials/Explosions/Explosion 2.mat
  artifactKey: Guid(47a9e33ed62ab0340ace2063abb6a335) Importer(2089858483,b0f066a214c2f5e87bad3c948f4d605d)
2026-03-26T06:53:15.912Z|0x1ac|Start importing Assets/Mirza Beig/Cinematic Explosions FREE/Materials/Explosions/Explosion 2.mat using Guid(47a9e33ed62ab0340ace2063abb6a335) Importer(2089858483,b0f066a214c2f5e87bad3c948f4d605d) (ScriptedImporter) -> (artifact id: '522753144e0f2a4a6f09e7cd6db6167f') in 0.085564 seconds
2026-03-26T06:53:16.030Z|0x1ac|Number of updated asset objects reloaded before import = 0Number of asset objects unloaded after import = 5

2026-03-26T06:53:16.031Z|0x1ac|========================================================================
Received Import Request.
  Time since last request: 0.000061 seconds.
  path: Assets/Mirza Beig/Cinematic Explosions FREE/Prefabs/Lights
  artifactKey: Guid(1632b99587041c14390ea1bff6f8ec24) Importer(2089858483,b0f066a214c2f5e87bad3c948f4d605d)
2026-03-26T06:53:16.048Z|0x1ac|Start importing Assets/Mirza Beig/Cinematic Explosions FREE/Prefabs/Lights using Guid(1632b99587041c14390ea1bff6f8ec24) Importer(2089858483,b0f066a214c2f5e87bad3c948f4d605d) (ScriptedImporter) -> (artifact id: '170214811035425705c4f8a70052dd73') in 0.0171454 seconds
2026-03-26T06:53:16.097Z|0x1ac|Number of updated asset objects reloaded before import = 0Number of asset objects unloaded after import = 1

2026-03-26T06:53:16.097Z|0x1ac|========================================================================
Received Import Request.
  Time since last request: 0.000029 seconds.
  path: Assets/Mirza Beig/Cinematic Explosions FREE/Textures/Explosions/Explosion FREE 2.png
  artifactKey: Guid(aa26ea63aced5d94fa78e2c7d8a9cf58) Importer(2089858483,b0f066a214c2f5e87bad3c948f4d605d)
2026-03-26T06:53:16.120Z|0x1ac|Start importing Assets/Mirza Beig/Cinematic Explosions FREE/Textures/Explosions/Explosion FREE 2.png using Guid(aa26ea63aced5d94fa78e2c7d8a9cf58) Importer(2089858483,b0f066a214c2f5e87bad3c948f4d605d) (ScriptedImporter) -> (artifact id: '086a17c27fffc68ec605c72ff25e1aa3') in 0.0679616 seconds
2026-03-26T06:53:16.214Z|0x1ac|Number of updated asset objects reloaded before import = 0Number of asset objects unloaded after import = 1

2026-03-26T06:53:16.214Z|0x1ac|========================================================================
Received Import Request.
  Time since last request: 0.000024 seconds.
  path: Assets/Mirza Beig/Cinematic Explosions FREE/Textures/Explosions/Explosion FREE 3.png
  artifactKey: Guid(3cbdc178bc9487c47bd9a4f7dfc95777) Importer(2089858483,b0f066a214c2f5e87bad3c948f4d605d)
2026-03-26T06:53:16.232Z|0x1ac|Start importing Assets/Mirza Beig/Cinematic Explosions FREE/Textures/Explosions/Explosion FREE 3.png using Guid(3cbdc178bc9487c47bd9a4f7dfc95777) Importer(2089858483,b0f066a214c2f5e87bad3c948f4d605d) (ScriptedImporter) -> (artifact id: '3fa813473f311d0de13dfb94f9e79def') in 0.0761741 seconds
2026-03-26T06:53:16.336Z|0x1ac|Number of updated asset objects reloaded before import = 0Number of asset objects unloaded after import = 1

2026-03-26T06:53:16.336Z|0x1ac|========================================================================
Received Import Request.
  Time since last request: 0.000037 seconds.
  path: Assets/Mirza Beig/Cinematic Explosions FREE/Scenes
  artifactKey: Guid(5dac5961664e9c94cb60ae977acead76) Importer(2089858483,b0f066a214c2f5e87bad3c948f4d605d)
2026-03-26T06:53:16.353Z|0x1ac|Start importing Assets/Mirza Beig/Cinematic Explosions FREE/Scenes using Guid(5dac5961664e9c94cb60ae977acead76) Importer(2089858483,b0f066a214c2f5e87bad3c948f4d605d) (ScriptedImporter) -> (artifact id: '57c02dddf03202a70e574099fecf9b85') in 0.0245917 seconds
2026-03-26T06:53:16.414Z|0x1ac|Number of updated asset objects reloaded before import = 0Number of asset objects unloaded after import = 1

2026-03-26T06:53:16.415Z|0x1ac|========================================================================
Received Import Request.
  Time since last request: 0.000055 seconds.
  path: Assets/Mirza Beig/Cinematic Explosions FREE/Scripts/FPSTest.cs
  artifactKey: Guid(d9274bb3e13e3724b9dedbbc8c7937be) Importer(2089858483,b0f066a214c2f5e87bad3c948f4d605d)
2026-03-26T06:53:16.433Z|0x1ac|Start importing Assets/Mirza Beig/Cinematic Explosions FREE/Scripts/FPSTest.cs using Guid(d9274bb3e13e3724b9dedbbc8c7937be) Importer(2089858483,b0f066a214c2f5e87bad3c948f4d605d) (ScriptedImporter) -> (artifact id: 'a6f084bd16f0091440ca5cac6246900d') in 0.0216665 seconds
2026-03-26T06:53:16.485Z|0x1ac|Number of updated asset objects reloaded before import = 0Number of asset objects unloaded after import = 0

2026-03-26T06:53:30.434Z|0x1ac|========================================================================
2026-03-26T06:53:30.434Z|0x1ac|Received Prepare
2026-03-26T06:53:30.520Z|0x1ac|Assembly reference Packages/com.unity.cinemachine/Editor/Samples/ExposeHDRPInternals/HDRP-Editor-ref.asmref has no target assembly definition
Assembly reference Packages/com.unity.cinemachine/Editor/Samples/ExposeHDRPInternals/HDRP-Editor-ref.asmref has no target assembly definition
Begin MonoManager ReloadAssembly
2026-03-26T06:53:30.734Z|0x1ac|[Licensing::Client] Successfully resolved entitlement details
2026-03-26T06:53:31.830Z|0x1ac|- Loaded All Assemblies, in  1.098 seconds
2026-03-26T06:53:32.061Z|0x1ac|Assembly reference Packages/com.unity.cinemachine/Editor/Samples/ExposeHDRPInternals/HDRP-Editor-ref.asmref has no target assembly definition
'Packages/com.unity.cinemachine/Editor/Obsolete/CinemachineVirtualCameraBaseEditor.cs' contains partial class of Unity.Object, exactly 1 of the partial classes needs to be in a file with the same filename. This is to know the one that can be referenced from ie. GameObjects
2026-03-26T06:53:32.257Z|0x1ac|'Packages/com.unity.cinemachine/Editor/Editors/CinemachineVirtualCameraBaseEditor.cs' contains partial class of Unity.Object, exactly 1 of the partial classes needs to be in a file with the same filename. This is to know the one that can be referenced from ie. GameObjects
2026-03-26T06:53:32.310Z|0x1ac|Refreshing native plugins compatible for Editor in 1.57 ms, found 3 plugins.
2026-03-26T06:53:32.395Z|0x1ac|Assertion failed on expression: 'pred(*previous, *i)'
2026-03-26T06:53:32.395Z|0x1ac|Assertion failed on expression: 'pred(*previous, *i)'
2026-03-26T06:53:32.395Z|0x1ac|Assertion failed on expression: 'pred(*previous, *i)'
2026-03-26T06:53:32.517Z|0x1ac|Native extension for Android target not found
2026-03-26T06:53:32.527Z|0x1ac|Native extension for WindowsStandalone target not found
2026-03-26T06:53:32.527Z|0x1ac|Native extension for WebGL target not found
2026-03-26T06:53:32.775Z|0x1ac|Assembly reference Packages/com.unity.cinemachine/Editor/Samples/ExposeHDRPInternals/HDRP-Editor-ref.asmref has no target assembly definition
[MODES] ModeService[none].Initialize
[MODES] ModeService[none].LoadModes
[Package Manager] Failed to launch server process. Reason: Unity was launched with the -noUpm command-line argument
2026-03-26T06:53:33.151Z|0x1ac|[Package Manager] Unable to send message (not connected to server process).
2026-03-26T06:53:33.151Z|0x1ac|[Package Manager] Cannot connect to Unity Package Manager local server
2026-03-26T06:53:33.168Z|0x1ac|[Package Manager] Failed to launch server process. Reason: Unity was launched with the -noUpm command-line argument
2026-03-26T06:53:33.168Z|0x1ac|[Package Manager] Unable to send message (not connected to server process).
2026-03-26T06:53:33.168Z|0x1ac|[Package Manager] Cannot connect to Unity Package Manager local server
2026-03-26T06:53:33.522Z|0x1ac|ScheduleIndexationOnStartup MainProcess:False IndexOnStartup:True
Error saving file Library/StateCache/LayerSettings/9e/9ecc5c3c162a7aba29bafa64c8b94b7c.json. Error: System.IO.IOException: Sharing violation on path D:\Work\rigidbody-fps-controller-tutorial\Library\StateCache\LayerSettings\9e\9ecc5c3c162a7aba29bafa64c8b94b7c.json
  at System.IO.FileStream..ctor (System.String path, System.IO.FileMode mode, System.IO.FileAccess access, System.IO.FileShare share, System.Int32 bufferSize, System.Boolean anonymous, System.IO.FileOptions options) [0x0019e] in <1eb9db207454431c84a47bcd81e79c37>:0 
  at System.IO.FileStream..ctor (System.String path, System.IO.FileMode mode, System.IO.FileAccess access, System.IO.FileShare share, System.Int32 bufferSize, System.IO.FileOptions options) [0x00000] in <1eb9db207454431c84a47bcd81e79c37>:0 
  at (wrapper remoting-invoke-with-check) System.IO.FileStream..ctor(string,System.IO.FileMode,System.IO.FileAccess,System.IO.FileShare,int,System.IO.FileOptions)
  at System.IO.StreamWriter..ctor (System.String path, System.Boolean append, System.Text.Encoding encoding, System.Int32 bufferSize) [0x00055] in <1eb9db207454431c84a47bcd81e79c37>:0 
  at System.IO.StreamWriter..ctor (System.String path, System.Boolean append, System.Text.Encoding encoding) [0x00000] in <1eb9db207454431c84a47bcd81e79c37>:0 
  at (wrapper remoting-invoke-with-check) System.IO.StreamWriter..ctor(string,bool,System.Text.Encoding)
  at System.IO.File.WriteAllText (System.String path, System.String contents, System.Text.Encoding encoding) [0x00034] in <1eb9db207454431c84a47bcd81e79c37>:0 
  at UnityEditor.StateCache`1[T].SaveJsonState (System.String filePath, T value) [0x00014] in <6dd00658fb454e6fb4c06a416ab8eaa1>:0 
  at UnityEditor.StateCache`1[T].SetState (UnityEngine.Hash128 key, T obj) [0x00059] in <6dd00658fb454e6fb4c06a416ab8eaa1>:0 
UnityEngine.Debug:ExtractStackTraceNoAlloc (byte*,int,string)
UnityEngine.StackTraceUtility:ExtractStackTrace ()
UnityEngine.DebugLogHandler:Internal_Log (UnityEngine.LogType,UnityEngine.LogOption,string,UnityEngine.Object)
UnityEngine.DebugLogHandler:LogFormat (UnityEngine.LogType,UnityEngine.Object,string,object[])
UnityEngine.Logger:Log (UnityEngine.LogType,object)
UnityEngine.Debug:LogError (object)
UnityEditor.StateCache`1<UnityEditor.Tools/LayerSettings>:SetState (UnityEngine.Hash128,UnityEditor.Tools/LayerSettings)
UnityEditor.Tools:set_lockedLayers (int)
UnityEditor.Tools:OnEnable ()

2026-03-26T06:53:33.598Z|0x1ac|Mono: successfully reloaded assembly
2026-03-26T06:53:33.628Z|0x1ac|- Finished resetting the current domain, in  1.317 seconds
2026-03-26T06:53:33.628Z|0x1ac|Domain Reload Profiling: 2418ms
	BeginReloadAssembly (309ms)
		ExecutionOrderSort (0ms)
		DisableScriptedObjects (19ms)
		BackupInstance (0ms)
		ReleaseScriptingObjects (0ms)
		CreateAndSetChildDomain (85ms)
	RebuildCommonClasses (53ms)
	RebuildNativeTypeToScriptingClass (16ms)
	initialDomainReloadingComplete (34ms)
	LoadAllAssembliesAndSetupDomain (689ms)
		LoadAssemblies (538ms)
		RebuildTransferFunctionScriptingTraits (0ms)
		AnalyzeDomain (287ms)
			TypeCache.Refresh (15ms)
				TypeCache.ScanAssembly (1ms)
			BuildScriptInfoCaches (250ms)
			ResolveRequiredComponents (15ms)
	FinalizeReload (1317ms)
		ReleaseScriptCaches (0ms)
		RebuildScriptCaches (0ms)
		SetupLoadedEditorAssemblies (1040ms)
			LogAssemblyErrors (0ms)
			InitializePlatformSupportModulesInManaged (14ms)
			SetLoadedEditorAssemblies (7ms)
			BeforeProcessingInitializeOnLoad (328ms)
			ProcessInitializeOnLoadAttributes (574ms)
			ProcessInitializeOnLoadMethodAttributes (108ms)
			AfterProcessingInitializeOnLoad (9ms)
			EditorAssembliesLoaded (1ms)
		ExecutionOrderSort2 (0ms)
		AwakeInstancesAfterBackupRestoration (44ms)
2026-03-26T06:53:34.258Z|0x1ac|Refreshing native plugins compatible for Editor in 1.47 ms, found 3 plugins.
2026-03-26T06:53:34.258Z|0x1ac|Preloading 0 native plugins for Editor in 0.00 ms.
2026-03-26T06:53:34.260Z|0x112a4|Unloading 18 Unused Serialized files (Serialized files now loaded: 0)
2026-03-26T06:53:34.286Z|0x1ac|Unloading 5461 unused Assets / (4.3 MB). Loaded Objects now: 6431.
Memory consumption went from 156.7 MB to 152.4 MB.
2026-03-26T06:53:34.286Z|0x1ac|Total: 25.785900 ms (FindLiveObjects: 1.977200 ms CreateObjectMapping: 2.552300 ms MarkObjects: 14.767200 ms  DeleteObjects: 6.486500 ms)

2026-03-26T06:53:34.286Z|0x1ac|Prepare: number of updated asset objects reloaded= 0
2026-03-26T07:01:28.862Z|0x1ac|========================================================================
2026-03-26T07:01:28.862Z|0x1ac|Received Prepare
2026-03-26T07:01:28.942Z|0x1ac|Assembly reference Packages/com.unity.cinemachine/Editor/Samples/ExposeHDRPInternals/HDRP-Editor-ref.asmref has no target assembly definition
Assembly reference Packages/com.unity.cinemachine/Editor/Samples/ExposeHDRPInternals/HDRP-Editor-ref.asmref has no target assembly definition
Begin MonoManager ReloadAssembly
2026-03-26T07:01:29.151Z|0x1ac|[Licensing::Client] Successfully resolved entitlement details
2026-03-26T07:01:30.070Z|0x1ac|- Loaded All Assemblies, in  0.921 seconds
2026-03-26T07:01:30.248Z|0x1ac|Assembly reference Packages/com.unity.cinemachine/Editor/Samples/ExposeHDRPInternals/HDRP-Editor-ref.asmref has no target assembly definition
'Packages/com.unity.cinemachine/Editor/Obsolete/CinemachineVirtualCameraBaseEditor.cs' contains partial class of Unity.Object, exactly 1 of the partial classes needs to be in a file with the same filename. This is to know the one that can be referenced from ie. GameObjects
2026-03-26T07:01:30.401Z|0x1ac|'Packages/com.unity.cinemachine/Editor/Editors/CinemachineVirtualCameraBaseEditor.cs' contains partial class of Unity.Object, exactly 1 of the partial classes needs to be in a file with the same filename. This is to know the one that can be referenced from ie. GameObjects
2026-03-26T07:01:30.443Z|0x1ac|Refreshing native plugins compatible for Editor in 0.99 ms, found 3 plugins.
2026-03-26T07:01:30.508Z|0x1ac|Assertion failed on expression: 'pred(*previous, *i)'
2026-03-26T07:01:30.508Z|0x1ac|Assertion failed on expression: 'pred(*previous, *i)'
2026-03-26T07:01:30.508Z|0x1ac|Assertion failed on expression: 'pred(*previous, *i)'
2026-03-26T07:01:30.615Z|0x1ac|Native extension for Android target not found
2026-03-26T07:01:30.623Z|0x1ac|Native extension for WindowsStandalone target not found
2026-03-26T07:01:30.623Z|0x1ac|Native extension for WebGL target not found
2026-03-26T07:01:30.796Z|0x1ac|Assembly reference Packages/com.unity.cinemachine/Editor/Samples/ExposeHDRPInternals/HDRP-Editor-ref.asmref has no target assembly definition
[MODES] ModeService[none].Initialize
[MODES] ModeService[none].LoadModes
[Package Manager] Failed to launch server process. Reason: Unity was launched with the -noUpm command-line argument
2026-03-26T07:01:31.131Z|0x1ac|[Package Manager] Unable to send message (not connected to server process).
2026-03-26T07:01:31.131Z|0x1ac|[Package Manager] Cannot connect to Unity Package Manager local server
2026-03-26T07:01:31.146Z|0x1ac|[Package Manager] Failed to launch server process. Reason: Unity was launched with the -noUpm command-line argument
2026-03-26T07:01:31.146Z|0x1ac|[Package Manager] Unable to send message (not connected to server process).
2026-03-26T07:01:31.146Z|0x1ac|[Package Manager] Cannot connect to Unity Package Manager local server
2026-03-26T07:01:31.442Z|0x1ac|ScheduleIndexationOnStartup MainProcess:False IndexOnStartup:True
Mono: successfully reloaded assembly
2026-03-26T07:01:31.525Z|0x1ac|- Finished resetting the current domain, in  1.081 seconds
2026-03-26T07:01:31.526Z|0x1ac|Domain Reload Profiling: 2005ms
	BeginReloadAssembly (271ms)
		ExecutionOrderSort (0ms)
		DisableScriptedObjects (14ms)
		BackupInstance (0ms)
		ReleaseScriptingObjects (0ms)
		CreateAndSetChildDomain (69ms)
	RebuildCommonClasses (44ms)
	RebuildNativeTypeToScriptingClass (15ms)
	initialDomainReloadingComplete (31ms)
	LoadAllAssembliesAndSetupDomain (563ms)
		LoadAssemblies (432ms)
		RebuildTransferFunctionScriptingTraits (0ms)
		AnalyzeDomain (245ms)
			TypeCache.Refresh (12ms)
				TypeCache.ScanAssembly (1ms)
			BuildScriptInfoCaches (214ms)
			ResolveRequiredComponents (14ms)
	FinalizeReload (1081ms)
		ReleaseScriptCaches (0ms)
		RebuildScriptCaches (0ms)
		SetupLoadedEditorAssemblies (854ms)
			LogAssemblyErrors (0ms)
			InitializePlatformSupportModulesInManaged (12ms)
			SetLoadedEditorAssemblies (7ms)
			BeforeProcessingInitializeOnLoad (243ms)
			ProcessInitializeOnLoadAttributes (505ms)
			ProcessInitializeOnLoadMethodAttributes (81ms)
			AfterProcessingInitializeOnLoad (6ms)
			EditorAssembliesLoaded (1ms)
		ExecutionOrderSort2 (0ms)
		AwakeInstancesAfterBackupRestoration (34ms)
2026-03-26T07:01:32.191Z|0x1ac|Refreshing native plugins compatible for Editor in 2.20 ms, found 3 plugins.
2026-03-26T07:01:32.191Z|0x1ac|Preloading 0 native plugins for Editor in 0.00 ms.
2026-03-26T07:01:32.193Z|0xd04|Unloading 18 Unused Serialized files (Serialized files now loaded: 0)
2026-03-26T07:01:32.218Z|0x1ac|Unloading 5458 unused Assets / (4.4 MB). Loaded Objects now: 6435.
Memory consumption went from 156.7 MB to 152.3 MB.
2026-03-26T07:01:32.218Z|0x1ac|Total: 25.116500 ms (FindLiveObjects: 1.621100 ms CreateObjectMapping: 2.065200 ms MarkObjects: 15.335400 ms  DeleteObjects: 6.092100 ms)

2026-03-26T07:01:32.218Z|0x1ac|Prepare: number of updated asset objects reloaded= 0
2026-03-26T07:03:57.341Z|0x1ac|========================================================================
2026-03-26T07:03:57.341Z|0x1ac|Received Prepare
2026-03-26T07:03:57.423Z|0x1ac|Assembly reference Packages/com.unity.cinemachine/Editor/Samples/ExposeHDRPInternals/HDRP-Editor-ref.asmref has no target assembly definition
Assembly reference Packages/com.unity.cinemachine/Editor/Samples/ExposeHDRPInternals/HDRP-Editor-ref.asmref has no target assembly definition
Begin MonoManager ReloadAssembly
2026-03-26T07:03:57.625Z|0x1ac|[Licensing::Client] Successfully resolved entitlement details
2026-03-26T07:03:58.541Z|0x1ac|- Loaded All Assemblies, in  0.918 seconds
2026-03-26T07:03:58.722Z|0x1ac|Assembly reference Packages/com.unity.cinemachine/Editor/Samples/ExposeHDRPInternals/HDRP-Editor-ref.asmref has no target assembly definition
'Packages/com.unity.cinemachine/Editor/Obsolete/CinemachineVirtualCameraBaseEditor.cs' contains partial class of Unity.Object, exactly 1 of the partial classes needs to be in a file with the same filename. This is to know the one that can be referenced from ie. GameObjects
2026-03-26T07:03:58.873Z|0x1ac|'Packages/com.unity.cinemachine/Editor/Editors/CinemachineVirtualCameraBaseEditor.cs' contains partial class of Unity.Object, exactly 1 of the partial classes needs to be in a file with the same filename. This is to know the one that can be referenced from ie. GameObjects
2026-03-26T07:03:58.913Z|0x1ac|Refreshing native plugins compatible for Editor in 1.08 ms, found 3 plugins.
2026-03-26T07:03:58.978Z|0x1ac|Assertion failed on expression: 'pred(*previous, *i)'
2026-03-26T07:03:58.978Z|0x1ac|Assertion failed on expression: 'pred(*previous, *i)'
2026-03-26T07:03:58.978Z|0x1ac|Assertion failed on expression: 'pred(*previous, *i)'
2026-03-26T07:03:59.078Z|0x1ac|Native extension for Android target not found
2026-03-26T07:03:59.086Z|0x1ac|Native extension for WindowsStandalone target not found
2026-03-26T07:03:59.086Z|0x1ac|Native extension for WebGL target not found
2026-03-26T07:03:59.261Z|0x1ac|Assembly reference Packages/com.unity.cinemachine/Editor/Samples/ExposeHDRPInternals/HDRP-Editor-ref.asmref has no target assembly definition
[MODES] ModeService[none].Initialize
[MODES] ModeService[none].LoadModes
[Package Manager] Failed to launch server process. Reason: Unity was launched with the -noUpm command-line argument
2026-03-26T07:03:59.592Z|0x1ac|[Package Manager] Unable to send message (not connected to server process).
2026-03-26T07:03:59.592Z|0x1ac|[Package Manager] Cannot connect to Unity Package Manager local server
2026-03-26T07:03:59.610Z|0x1ac|[Package Manager] Failed to launch server process. Reason: Unity was launched with the -noUpm command-line argument
2026-03-26T07:03:59.610Z|0x1ac|[Package Manager] Unable to send message (not connected to server process).
2026-03-26T07:03:59.610Z|0x1ac|[Package Manager] Cannot connect to Unity Package Manager local server
2026-03-26T07:03:59.907Z|0x1ac|ScheduleIndexationOnStartup MainProcess:False IndexOnStartup:True
Mono: successfully reloaded assembly
2026-03-26T07:03:59.998Z|0x1ac|- Finished resetting the current domain, in  1.083 seconds
2026-03-26T07:03:59.998Z|0x1ac|Domain Reload Profiling: 2002ms
	BeginReloadAssembly (274ms)
		ExecutionOrderSort (0ms)
		DisableScriptedObjects (15ms)
		BackupInstance (0ms)
		ReleaseScriptingObjects (0ms)
		CreateAndSetChildDomain (64ms)
	RebuildCommonClasses (46ms)
	RebuildNativeTypeToScriptingClass (16ms)
	initialDomainReloadingComplete (34ms)
	LoadAllAssembliesAndSetupDomain (549ms)
		LoadAssemblies (432ms)
		RebuildTransferFunctionScriptingTraits (0ms)
		AnalyzeDomain (245ms)
			TypeCache.Refresh (14ms)
				TypeCache.ScanAssembly (1ms)
			BuildScriptInfoCaches (215ms)
			ResolveRequiredComponents (11ms)
	FinalizeReload (1084ms)
		ReleaseScriptCaches (0ms)
		RebuildScriptCaches (0ms)
		SetupLoadedEditorAssemblies (858ms)
			LogAssemblyErrors (0ms)
			InitializePlatformSupportModulesInManaged (12ms)
			SetLoadedEditorAssemblies (7ms)
			BeforeProcessingInitializeOnLoad (247ms)
			ProcessInitializeOnLoadAttributes (494ms)
			ProcessInitializeOnLoadMethodAttributes (93ms)
			AfterProcessingInitializeOnLoad (6ms)
			EditorAssembliesLoaded (0ms)
		ExecutionOrderSort2 (0ms)
		AwakeInstancesAfterBackupRestoration (37ms)
2026-03-26T07:04:00.856Z|0x1ac|Refreshing native plugins compatible for Editor in 2.60 ms, found 3 plugins.
2026-03-26T07:04:00.856Z|0x1ac|Preloading 0 native plugins for Editor in 0.00 ms.
2026-03-26T07:04:00.870Z|0x156bc|Unloading 18 Unused Serialized files (Serialized files now loaded: 0)
2026-03-26T07:04:00.911Z|0x1ac|Unloading 5458 unused Assets / (5.6 MB). Loaded Objects now: 6439.
Memory consumption went from 156.7 MB to 151.1 MB.
2026-03-26T07:04:00.911Z|0x1ac|Total: 36.260500 ms (FindLiveObjects: 3.292400 ms CreateObjectMapping: 3.023500 ms MarkObjects: 20.210100 ms  DeleteObjects: 9.728800 ms)

2026-03-26T07:04:00.911Z|0x1ac|Prepare: number of updated asset objects reloaded= 0
2026-03-26T07:06:54.285Z|0x1ac|========================================================================
2026-03-26T07:06:54.285Z|0x1ac|Received Prepare
2026-03-26T07:06:54.367Z|0x1ac|Assembly reference Packages/com.unity.cinemachine/Editor/Samples/ExposeHDRPInternals/HDRP-Editor-ref.asmref has no target assembly definition
Assembly reference Packages/com.unity.cinemachine/Editor/Samples/ExposeHDRPInternals/HDRP-Editor-ref.asmref has no target assembly definition
Begin MonoManager ReloadAssembly
2026-03-26T07:06:54.568Z|0x1ac|[Licensing::Client] Successfully resolved entitlement details
2026-03-26T07:06:55.480Z|0x1ac|- Loaded All Assemblies, in  0.914 seconds
2026-03-26T07:06:55.652Z|0x1ac|Assembly reference Packages/com.unity.cinemachine/Editor/Samples/ExposeHDRPInternals/HDRP-Editor-ref.asmref has no target assembly definition
'Packages/com.unity.cinemachine/Editor/Obsolete/CinemachineVirtualCameraBaseEditor.cs' contains partial class of Unity.Object, exactly 1 of the partial classes needs to be in a file with the same filename. This is to know the one that can be referenced from ie. GameObjects
2026-03-26T07:06:55.800Z|0x1ac|'Packages/com.unity.cinemachine/Editor/Editors/CinemachineVirtualCameraBaseEditor.cs' contains partial class of Unity.Object, exactly 1 of the partial classes needs to be in a file with the same filename. This is to know the one that can be referenced from ie. GameObjects
2026-03-26T07:06:55.840Z|0x1ac|Refreshing native plugins compatible for Editor in 1.13 ms, found 3 plugins.
2026-03-26T07:06:55.904Z|0x1ac|Assertion failed on expression: 'pred(*previous, *i)'
2026-03-26T07:06:55.904Z|0x1ac|Assertion failed on expression: 'pred(*previous, *i)'
2026-03-26T07:06:55.904Z|0x1ac|Assertion failed on expression: 'pred(*previous, *i)'
2026-03-26T07:06:56.007Z|0x1ac|Native extension for Android target not found
2026-03-26T07:06:56.015Z|0x1ac|Native extension for WindowsStandalone target not found
2026-03-26T07:06:56.015Z|0x1ac|Native extension for WebGL target not found
2026-03-26T07:06:56.192Z|0x1ac|Assembly reference Packages/com.unity.cinemachine/Editor/Samples/ExposeHDRPInternals/HDRP-Editor-ref.asmref has no target assembly definition
[MODES] ModeService[none].Initialize
[MODES] ModeService[none].LoadModes
[Package Manager] Failed to launch server process. Reason: Unity was launched with the -noUpm command-line argument
2026-03-26T07:06:56.533Z|0x1ac|[Package Manager] Unable to send message (not connected to server process).
2026-03-26T07:06:56.533Z|0x1ac|[Package Manager] Cannot connect to Unity Package Manager local server
2026-03-26T07:06:56.548Z|0x1ac|[Package Manager] Failed to launch server process. Reason: Unity was launched with the -noUpm command-line argument
2026-03-26T07:06:56.548Z|0x1ac|[Package Manager] Unable to send message (not connected to server process).
2026-03-26T07:06:56.548Z|0x1ac|[Package Manager] Cannot connect to Unity Package Manager local server
2026-03-26T07:06:56.856Z|0x1ac|ScheduleIndexationOnStartup MainProcess:False IndexOnStartup:True
Mono: successfully reloaded assembly
2026-03-26T07:06:56.950Z|0x1ac|- Finished resetting the current domain, in  1.109 seconds
2026-03-26T07:06:56.951Z|0x1ac|Domain Reload Profiling: 2025ms
	BeginReloadAssembly (263ms)
		ExecutionOrderSort (0ms)
		DisableScriptedObjects (18ms)
		BackupInstance (0ms)
		ReleaseScriptingObjects (0ms)
		CreateAndSetChildDomain (63ms)
	RebuildCommonClasses (44ms)
	RebuildNativeTypeToScriptingClass (16ms)
	initialDomainReloadingComplete (32ms)
	LoadAllAssembliesAndSetupDomain (561ms)
		LoadAssemblies (446ms)
		RebuildTransferFunctionScriptingTraits (0ms)
		AnalyzeDomain (228ms)
			TypeCache.Refresh (12ms)
				TypeCache.ScanAssembly (1ms)
			BuildScriptInfoCaches (199ms)
			ResolveRequiredComponents (12ms)
	FinalizeReload (1110ms)
		ReleaseScriptCaches (0ms)
		RebuildScriptCaches (0ms)
		SetupLoadedEditorAssemblies (877ms)
			LogAssemblyErrors (0ms)
			InitializePlatformSupportModulesInManaged (11ms)
			SetLoadedEditorAssemblies (6ms)
			BeforeProcessingInitializeOnLoad (247ms)
			ProcessInitializeOnLoadAttributes (515ms)
			ProcessInitializeOnLoadMethodAttributes (91ms)
			AfterProcessingInitializeOnLoad (6ms)
			EditorAssembliesLoaded (0ms)
		ExecutionOrderSort2 (0ms)
		AwakeInstancesAfterBackupRestoration (39ms)
2026-03-26T07:06:57.577Z|0x1ac|Refreshing native plugins compatible for Editor in 2.58 ms, found 3 plugins.
2026-03-26T07:06:57.577Z|0x1ac|Preloading 0 native plugins for Editor in 0.00 ms.
2026-03-26T07:06:57.578Z|0x470c|Unloading 18 Unused Serialized files (Serialized files now loaded: 0)
2026-03-26T07:06:57.605Z|0x1ac|Unloading 5458 unused Assets / (5.3 MB). Loaded Objects now: 6443.
Memory consumption went from 156.8 MB to 151.5 MB.
2026-03-26T07:06:57.605Z|0x1ac|Total: 26.230100 ms (FindLiveObjects: 1.770100 ms CreateObjectMapping: 2.080800 ms MarkObjects: 13.956000 ms  DeleteObjects: 8.420300 ms)

2026-03-26T07:06:57.606Z|0x1ac|Prepare: number of updated asset objects reloaded= 0
2026-03-26T07:09:37.183Z|0x1ac|========================================================================
2026-03-26T07:09:37.183Z|0x1ac|Received Prepare
2026-03-26T07:09:37.259Z|0x1ac|'Packages/com.unity.cinemachine/Editor/Obsolete/CinemachineVirtualCameraBaseEditor.cs' contains partial class of Unity.Object, exactly 1 of the partial classes needs to be in a file with the same filename. This is to know the one that can be referenced from ie. GameObjects
2026-03-26T07:09:37.279Z|0x1ac|'Packages/com.unity.cinemachine/Editor/Editors/CinemachineVirtualCameraBaseEditor.cs' contains partial class of Unity.Object, exactly 1 of the partial classes needs to be in a file with the same filename. This is to know the one that can be referenced from ie. GameObjects
2026-03-26T07:09:38.016Z|0x1ac|Refreshing native plugins compatible for Editor in 2.54 ms, found 3 plugins.
2026-03-26T07:09:38.017Z|0x1ac|Preloading 0 native plugins for Editor in 0.00 ms.
2026-03-26T07:09:38.017Z|0x470c|Unloading 18 Unused Serialized files (Serialized files now loaded: 0)
2026-03-26T07:09:38.044Z|0x1ac|Unloading 5451 unused Assets / (4.3 MB). Loaded Objects now: 6443.
Memory consumption went from 157.0 MB to 152.6 MB.
2026-03-26T07:09:38.044Z|0x1ac|Total: 26.871600 ms (FindLiveObjects: 1.796800 ms CreateObjectMapping: 2.462100 ms MarkObjects: 15.800800 ms  DeleteObjects: 6.808100 ms)

2026-03-26T07:09:38.045Z|0x1ac|Prepare: number of updated asset objects reloaded= 0
2026-03-26T07:09:46.060Z|0x1ac|========================================================================
2026-03-26T07:09:46.060Z|0x1ac|Received Prepare
2026-03-26T07:09:46.133Z|0x1ac|Assembly reference Packages/com.unity.cinemachine/Editor/Samples/ExposeHDRPInternals/HDRP-Editor-ref.asmref has no target assembly definition
Assembly reference Packages/com.unity.cinemachine/Editor/Samples/ExposeHDRPInternals/HDRP-Editor-ref.asmref has no target assembly definition
Begin MonoManager ReloadAssembly
2026-03-26T07:09:46.341Z|0x1ac|[Licensing::Client] Successfully resolved entitlement details
2026-03-26T07:09:47.233Z|0x1ac|- Loaded All Assemblies, in  0.894 seconds
2026-03-26T07:09:47.403Z|0x1ac|Assembly reference Packages/com.unity.cinemachine/Editor/Samples/ExposeHDRPInternals/HDRP-Editor-ref.asmref has no target assembly definition
'Packages/com.unity.cinemachine/Editor/Obsolete/CinemachineVirtualCameraBaseEditor.cs' contains partial class of Unity.Object, exactly 1 of the partial classes needs to be in a file with the same filename. This is to know the one that can be referenced from ie. GameObjects
2026-03-26T07:09:47.556Z|0x1ac|'Packages/com.unity.cinemachine/Editor/Editors/CinemachineVirtualCameraBaseEditor.cs' contains partial class of Unity.Object, exactly 1 of the partial classes needs to be in a file with the same filename. This is to know the one that can be referenced from ie. GameObjects
2026-03-26T07:09:47.596Z|0x1ac|Refreshing native plugins compatible for Editor in 1.10 ms, found 3 plugins.
2026-03-26T07:09:47.661Z|0x1ac|Assertion failed on expression: 'pred(*previous, *i)'
2026-03-26T07:09:47.661Z|0x1ac|Assertion failed on expression: 'pred(*previous, *i)'
2026-03-26T07:09:47.661Z|0x1ac|Assertion failed on expression: 'pred(*previous, *i)'
2026-03-26T07:09:47.773Z|0x1ac|Native extension for Android target not found
2026-03-26T07:09:47.782Z|0x1ac|Native extension for WindowsStandalone target not found
2026-03-26T07:09:47.782Z|0x1ac|Native extension for WebGL target not found
2026-03-26T07:09:47.958Z|0x1ac|Assembly reference Packages/com.unity.cinemachine/Editor/Samples/ExposeHDRPInternals/HDRP-Editor-ref.asmref has no target assembly definition
[MODES] ModeService[none].Initialize
[MODES] ModeService[none].LoadModes
[Package Manager] Failed to launch server process. Reason: Unity was launched with the -noUpm command-line argument
2026-03-26T07:09:48.299Z|0x1ac|[Package Manager] Unable to send message (not connected to server process).
2026-03-26T07:09:48.299Z|0x1ac|[Package Manager] Cannot connect to Unity Package Manager local server
2026-03-26T07:09:48.314Z|0x1ac|[Package Manager] Failed to launch server process. Reason: Unity was launched with the -noUpm command-line argument
2026-03-26T07:09:48.314Z|0x1ac|[Package Manager] Unable to send message (not connected to server process).
2026-03-26T07:09:48.315Z|0x1ac|[Package Manager] Cannot connect to Unity Package Manager local server
2026-03-26T07:09:48.625Z|0x1ac|ScheduleIndexationOnStartup MainProcess:False IndexOnStartup:True
Mono: successfully reloaded assembly
2026-03-26T07:09:48.716Z|0x1ac|- Finished resetting the current domain, in  1.118 seconds
2026-03-26T07:09:48.717Z|0x1ac|Domain Reload Profiling: 2013ms
	BeginReloadAssembly (257ms)
		ExecutionOrderSort (0ms)
		DisableScriptedObjects (14ms)
		BackupInstance (0ms)
		ReleaseScriptingObjects (0ms)
		CreateAndSetChildDomain (58ms)
	RebuildCommonClasses (44ms)
	RebuildNativeTypeToScriptingClass (16ms)
	initialDomainReloadingComplete (32ms)
	LoadAllAssembliesAndSetupDomain (547ms)
		LoadAssemblies (419ms)
		RebuildTransferFunctionScriptingTraits (0ms)
		AnalyzeDomain (240ms)
			TypeCache.Refresh (12ms)
				TypeCache.ScanAssembly (1ms)
			BuildScriptInfoCaches (210ms)
			ResolveRequiredComponents (12ms)
	FinalizeReload (1119ms)
		ReleaseScriptCaches (0ms)
		RebuildScriptCaches (0ms)
		SetupLoadedEditorAssemblies (879ms)
			LogAssemblyErrors (0ms)
			InitializePlatformSupportModulesInManaged (13ms)
			SetLoadedEditorAssemblies (7ms)
			BeforeProcessingInitializeOnLoad (247ms)
			ProcessInitializeOnLoadAttributes (519ms)
			ProcessInitializeOnLoadMethodAttributes (87ms)
			AfterProcessingInitializeOnLoad (6ms)
			EditorAssembliesLoaded (0ms)
		ExecutionOrderSort2 (0ms)
		AwakeInstancesAfterBackupRestoration (41ms)
2026-03-26T07:09:49.366Z|0x1ac|Refreshing native plugins compatible for Editor in 1.95 ms, found 3 plugins.
2026-03-26T07:09:49.366Z|0x1ac|Preloading 0 native plugins for Editor in 0.00 ms.
2026-03-26T07:09:49.367Z|0x73d0|Unloading 18 Unused Serialized files (Serialized files now loaded: 0)
2026-03-26T07:09:49.391Z|0x1ac|Unloading 5458 unused Assets / (4.4 MB). Loaded Objects now: 6447.
Memory consumption went from 156.8 MB to 152.5 MB.
2026-03-26T07:09:49.392Z|0x1ac|Total: 23.974500 ms (FindLiveObjects: 1.483500 ms CreateObjectMapping: 2.174700 ms MarkObjects: 14.264200 ms  DeleteObjects: 6.049600 ms)

2026-03-26T07:09:49.392Z|0x1ac|Prepare: number of updated asset objects reloaded= 0
2026-03-26T08:03:44.249Z|0x1ac|========================================================================
2026-03-26T08:03:44.250Z|0x1ac|Received Prepare
2026-03-26T08:03:44.709Z|0x1ac|Assembly reference Packages/com.unity.cinemachine/Editor/Samples/ExposeHDRPInternals/HDRP-Editor-ref.asmref has no target assembly definition
Assembly reference Packages/com.unity.cinemachine/Editor/Samples/ExposeHDRPInternals/HDRP-Editor-ref.asmref has no target assembly definition
Begin MonoManager ReloadAssembly
2026-03-26T08:03:44.937Z|0x1ac|[Licensing::Client] Successfully resolved entitlement details
2026-03-26T08:03:49.012Z|0x1ac|- Loaded All Assemblies, in  4.079 seconds
2026-03-26T08:03:49.228Z|0x1ac|Assembly reference Packages/com.unity.cinemachine/Editor/Samples/ExposeHDRPInternals/HDRP-Editor-ref.asmref has no target assembly definition
'Packages/com.unity.cinemachine/Editor/Obsolete/CinemachineVirtualCameraBaseEditor.cs' contains partial class of Unity.Object, exactly 1 of the partial classes needs to be in a file with the same filename. This is to know the one that can be referenced from ie. GameObjects
2026-03-26T08:03:49.403Z|0x1ac|'Packages/com.unity.cinemachine/Editor/Editors/CinemachineVirtualCameraBaseEditor.cs' contains partial class of Unity.Object, exactly 1 of the partial classes needs to be in a file with the same filename. This is to know the one that can be referenced from ie. GameObjects
2026-03-26T08:03:49.450Z|0x1ac|Refreshing native plugins compatible for Editor in 1.40 ms, found 3 plugins.
2026-03-26T08:03:49.534Z|0x1ac|Assertion failed on expression: 'pred(*previous, *i)'
2026-03-26T08:03:49.534Z|0x1ac|Assertion failed on expression: 'pred(*previous, *i)'
2026-03-26T08:03:49.534Z|0x1ac|Assertion failed on expression: 'pred(*previous, *i)'
2026-03-26T08:03:49.671Z|0x1ac|Native extension for Android target not found
2026-03-26T08:03:49.681Z|0x1ac|Native extension for WindowsStandalone target not found
2026-03-26T08:03:49.682Z|0x1ac|Native extension for WebGL target not found
2026-03-26T08:03:49.911Z|0x1ac|Assembly reference Packages/com.unity.cinemachine/Editor/Samples/ExposeHDRPInternals/HDRP-Editor-ref.asmref has no target assembly definition
[MODES] ModeService[none].Initialize
[MODES] ModeService[none].LoadModes
[Package Manager] Failed to launch server process. Reason: Unity was launched with the -noUpm command-line argument
2026-03-26T08:03:50.311Z|0x1ac|[Package Manager] Unable to send message (not connected to server process).
2026-03-26T08:03:50.311Z|0x1ac|[Package Manager] Cannot connect to Unity Package Manager local server
2026-03-26T08:03:50.329Z|0x1ac|[Package Manager] Failed to launch server process. Reason: Unity was launched with the -noUpm command-line argument
2026-03-26T08:03:50.329Z|0x1ac|[Package Manager] Unable to send message (not connected to server process).
2026-03-26T08:03:50.329Z|0x1ac|[Package Manager] Cannot connect to Unity Package Manager local server
2026-03-26T08:03:50.705Z|0x1ac|ScheduleIndexationOnStartup MainProcess:False IndexOnStartup:True
Mono: successfully reloaded assembly
2026-03-26T08:03:50.823Z|0x1ac|- Finished resetting the current domain, in  1.371 seconds
2026-03-26T08:03:50.824Z|0x1ac|Domain Reload Profiling: 5454ms
	BeginReloadAssembly (702ms)
		ExecutionOrderSort (0ms)
		DisableScriptedObjects (21ms)
		BackupInstance (0ms)
		ReleaseScriptingObjects (1ms)
		CreateAndSetChildDomain (112ms)
	RebuildCommonClasses (189ms)
	RebuildNativeTypeToScriptingClass (16ms)
	initialDomainReloadingComplete (41ms)
	LoadAllAssembliesAndSetupDomain (3134ms)
		LoadAssemblies (3042ms)
		RebuildTransferFunctionScriptingTraits (0ms)
		AnalyzeDomain (567ms)
			TypeCache.Refresh (19ms)
				TypeCache.ScanAssembly (1ms)
			BuildScriptInfoCaches (524ms)
			ResolveRequiredComponents (16ms)
	FinalizeReload (1372ms)
		ReleaseScriptCaches (0ms)
		RebuildScriptCaches (0ms)
		SetupLoadedEditorAssemblies (1071ms)
			LogAssemblyErrors (0ms)
			InitializePlatformSupportModulesInManaged (15ms)
			SetLoadedEditorAssemblies (10ms)
			BeforeProcessingInitializeOnLoad (306ms)
			ProcessInitializeOnLoadAttributes (615ms)
			ProcessInitializeOnLoadMethodAttributes (117ms)
			AfterProcessingInitializeOnLoad (7ms)
			EditorAssembliesLoaded (1ms)
		ExecutionOrderSort2 (0ms)
		AwakeInstancesAfterBackupRestoration (49ms)
2026-03-26T08:03:56.030Z|0x1ac|Refreshing native plugins compatible for Editor in 2.29 ms, found 3 plugins.
2026-03-26T08:03:56.030Z|0x1ac|Preloading 0 native plugins for Editor in 0.00 ms.
2026-03-26T08:03:56.031Z|0xe838|Unloading 18 Unused Serialized files (Serialized files now loaded: 0)
2026-03-26T08:03:56.046Z|0x1ac|Unloading 5458 unused Assets / (4.2 MB). Loaded Objects now: 6451.
Memory consumption went from 156.9 MB to 152.7 MB.
2026-03-26T08:03:56.046Z|0x1ac|Total: 14.785300 ms (FindLiveObjects: 0.842000 ms CreateObjectMapping: 1.177700 ms MarkObjects: 9.171000 ms  DeleteObjects: 3.593000 ms)

2026-03-26T08:03:56.046Z|0x1ac|Prepare: number of updated asset objects reloaded= 0
2026-03-26T08:07:58.503Z|0x1ac|========================================================================
2026-03-26T08:07:58.503Z|0x1ac|Received Prepare
2026-03-26T08:07:58.592Z|0x1ac|Assembly reference Packages/com.unity.cinemachine/Editor/Samples/ExposeHDRPInternals/HDRP-Editor-ref.asmref has no target assembly definition
Assembly reference Packages/com.unity.cinemachine/Editor/Samples/ExposeHDRPInternals/HDRP-Editor-ref.asmref has no target assembly definition
Begin MonoManager ReloadAssembly
2026-03-26T08:07:58.801Z|0x1ac|[Licensing::Client] Successfully resolved entitlement details
2026-03-26T08:07:59.728Z|0x1ac|- Loaded All Assemblies, in  0.930 seconds
2026-03-26T08:07:59.906Z|0x1ac|Assembly reference Packages/com.unity.cinemachine/Editor/Samples/ExposeHDRPInternals/HDRP-Editor-ref.asmref has no target assembly definition
'Packages/com.unity.cinemachine/Editor/Obsolete/CinemachineVirtualCameraBaseEditor.cs' contains partial class of Unity.Object, exactly 1 of the partial classes needs to be in a file with the same filename. This is to know the one that can be referenced from ie. GameObjects
2026-03-26T08:08:00.060Z|0x1ac|'Packages/com.unity.cinemachine/Editor/Editors/CinemachineVirtualCameraBaseEditor.cs' contains partial class of Unity.Object, exactly 1 of the partial classes needs to be in a file with the same filename. This is to know the one that can be referenced from ie. GameObjects
2026-03-26T08:08:00.107Z|0x1ac|Refreshing native plugins compatible for Editor in 1.39 ms, found 3 plugins.
2026-03-26T08:08:00.177Z|0x1ac|Assertion failed on expression: 'pred(*previous, *i)'
2026-03-26T08:08:00.177Z|0x1ac|Assertion failed on expression: 'pred(*previous, *i)'
2026-03-26T08:08:00.177Z|0x1ac|Assertion failed on expression: 'pred(*previous, *i)'
2026-03-26T08:08:00.283Z|0x1ac|Native extension for Android target not found
2026-03-26T08:08:00.292Z|0x1ac|Native extension for WindowsStandalone target not found
2026-03-26T08:08:00.292Z|0x1ac|Native extension for WebGL target not found
2026-03-26T08:08:00.467Z|0x1ac|Assembly reference Packages/com.unity.cinemachine/Editor/Samples/ExposeHDRPInternals/HDRP-Editor-ref.asmref has no target assembly definition
[MODES] ModeService[none].Initialize
[MODES] ModeService[none].LoadModes
[Package Manager] Failed to launch server process. Reason: Unity was launched with the -noUpm command-line argument
2026-03-26T08:08:00.809Z|0x1ac|[Package Manager] Unable to send message (not connected to server process).
2026-03-26T08:08:00.809Z|0x1ac|[Package Manager] Cannot connect to Unity Package Manager local server
2026-03-26T08:08:00.823Z|0x1ac|[Package Manager] Failed to launch server process. Reason: Unity was launched with the -noUpm command-line argument
2026-03-26T08:08:00.823Z|0x1ac|[Package Manager] Unable to send message (not connected to server process).
2026-03-26T08:08:00.823Z|0x1ac|[Package Manager] Cannot connect to Unity Package Manager local server
2026-03-26T08:08:01.136Z|0x1ac|ScheduleIndexationOnStartup MainProcess:False IndexOnStartup:True
Mono: successfully reloaded assembly
2026-03-26T08:08:01.230Z|0x1ac|- Finished resetting the current domain, in  1.121 seconds
2026-03-26T08:08:01.230Z|0x1ac|Domain Reload Profiling: 2052ms
	BeginReloadAssembly (272ms)
		ExecutionOrderSort (0ms)
		DisableScriptedObjects (14ms)
		BackupInstance (0ms)
		ReleaseScriptingObjects (0ms)
		CreateAndSetChildDomain (63ms)
	RebuildCommonClasses (46ms)
	RebuildNativeTypeToScriptingClass (16ms)
	initialDomainReloadingComplete (33ms)
	LoadAllAssembliesAndSetupDomain (565ms)
		LoadAssemblies (432ms)
		RebuildTransferFunctionScriptingTraits (0ms)
		AnalyzeDomain (252ms)
			TypeCache.Refresh (13ms)
				TypeCache.ScanAssembly (1ms)
			BuildScriptInfoCaches (220ms)
			ResolveRequiredComponents (13ms)
	FinalizeReload (1121ms)
		ReleaseScriptCaches (0ms)
		RebuildScriptCaches (0ms)
		SetupLoadedEditorAssemblies (881ms)
			LogAssemblyErrors (0ms)
			InitializePlatformSupportModulesInManaged (13ms)
			SetLoadedEditorAssemblies (7ms)
			BeforeProcessingInitializeOnLoad (254ms)
			ProcessInitializeOnLoadAttributes (510ms)
			ProcessInitializeOnLoadMethodAttributes (92ms)
			AfterProcessingInitializeOnLoad (6ms)
			EditorAssembliesLoaded (0ms)
		ExecutionOrderSort2 (0ms)
		AwakeInstancesAfterBackupRestoration (40ms)
2026-03-26T08:08:01.909Z|0x1ac|Refreshing native plugins compatible for Editor in 2.51 ms, found 3 plugins.
2026-03-26T08:08:01.909Z|0x1ac|Preloading 0 native plugins for Editor in 0.00 ms.
2026-03-26T08:08:01.911Z|0x32c|Unloading 18 Unused Serialized files (Serialized files now loaded: 0)
2026-03-26T08:08:01.942Z|0x1ac|Unloading 5458 unused Assets / (5.4 MB). Loaded Objects now: 6455.
Memory consumption went from 156.9 MB to 151.6 MB.
2026-03-26T08:08:01.942Z|0x1ac|Total: 30.522700 ms (FindLiveObjects: 1.901800 ms CreateObjectMapping: 1.965300 ms MarkObjects: 16.444000 ms  DeleteObjects: 10.207400 ms)

2026-03-26T08:08:01.942Z|0x1ac|Prepare: number of updated asset objects reloaded= 0
2026-03-26T08:08:26.006Z|0x1ac|========================================================================
2026-03-26T08:08:26.007Z|0x1ac|Received Prepare
2026-03-26T08:08:26.082Z|0x1ac|'Packages/com.unity.cinemachine/Editor/Obsolete/CinemachineVirtualCameraBaseEditor.cs' contains partial class of Unity.Object, exactly 1 of the partial classes needs to be in a file with the same filename. This is to know the one that can be referenced from ie. GameObjects
2026-03-26T08:08:26.107Z|0x1ac|'Packages/com.unity.cinemachine/Editor/Editors/CinemachineVirtualCameraBaseEditor.cs' contains partial class of Unity.Object, exactly 1 of the partial classes needs to be in a file with the same filename. This is to know the one that can be referenced from ie. GameObjects
2026-03-26T08:08:27.004Z|0x1ac|Refreshing native plugins compatible for Editor in 2.73 ms, found 3 plugins.
2026-03-26T08:08:27.004Z|0x1ac|Preloading 0 native plugins for Editor in 0.00 ms.
2026-03-26T08:08:27.005Z|0x32c|Unloading 18 Unused Serialized files (Serialized files now loaded: 0)
2026-03-26T08:08:27.033Z|0x1ac|Unloading 5451 unused Assets / (4.5 MB). Loaded Objects now: 6455.
Memory consumption went from 157.1 MB to 152.6 MB.
2026-03-26T08:08:27.034Z|0x1ac|Total: 28.134600 ms (FindLiveObjects: 2.468200 ms CreateObjectMapping: 2.658600 ms MarkObjects: 15.265600 ms  DeleteObjects: 7.738600 ms)

2026-03-26T08:08:27.034Z|0x1ac|Prepare: number of updated asset objects reloaded= 0
2026-03-26T08:08:34.182Z|0x1ac|========================================================================
2026-03-26T08:08:34.182Z|0x1ac|Received Prepare
2026-03-26T08:08:34.256Z|0x1ac|Assembly reference Packages/com.unity.cinemachine/Editor/Samples/ExposeHDRPInternals/HDRP-Editor-ref.asmref has no target assembly definition
Assembly reference Packages/com.unity.cinemachine/Editor/Samples/ExposeHDRPInternals/HDRP-Editor-ref.asmref has no target assembly definition
Begin MonoManager ReloadAssembly
2026-03-26T08:08:35.359Z|0x1ac|- Loaded All Assemblies, in  0.888 seconds
2026-03-26T08:08:35.530Z|0x1ac|Assembly reference Packages/com.unity.cinemachine/Editor/Samples/ExposeHDRPInternals/HDRP-Editor-ref.asmref has no target assembly definition
'Packages/com.unity.cinemachine/Editor/Obsolete/CinemachineVirtualCameraBaseEditor.cs' contains partial class of Unity.Object, exactly 1 of the partial classes needs to be in a file with the same filename. This is to know the one that can be referenced from ie. GameObjects
2026-03-26T08:08:35.672Z|0x1ac|'Packages/com.unity.cinemachine/Editor/Editors/CinemachineVirtualCameraBaseEditor.cs' contains partial class of Unity.Object, exactly 1 of the partial classes needs to be in a file with the same filename. This is to know the one that can be referenced from ie. GameObjects
2026-03-26T08:08:35.714Z|0x1ac|Refreshing native plugins compatible for Editor in 1.07 ms, found 3 plugins.
2026-03-26T08:08:35.773Z|0x1ac|Assertion failed on expression: 'pred(*previous, *i)'
2026-03-26T08:08:35.774Z|0x1ac|Assertion failed on expression: 'pred(*previous, *i)'
2026-03-26T08:08:35.774Z|0x1ac|Assertion failed on expression: 'pred(*previous, *i)'
2026-03-26T08:08:35.876Z|0x1ac|Native extension for Android target not found
2026-03-26T08:08:35.885Z|0x1ac|Native extension for WindowsStandalone target not found
2026-03-26T08:08:35.885Z|0x1ac|Native extension for WebGL target not found
2026-03-26T08:08:36.054Z|0x1ac|Assembly reference Packages/com.unity.cinemachine/Editor/Samples/ExposeHDRPInternals/HDRP-Editor-ref.asmref has no target assembly definition
[MODES] ModeService[none].Initialize
[MODES] ModeService[none].LoadModes
[Package Manager] Failed to launch server process. Reason: Unity was launched with the -noUpm command-line argument
2026-03-26T08:08:36.396Z|0x1ac|[Package Manager] Unable to send message (not connected to server process).
2026-03-26T08:08:36.396Z|0x1ac|[Package Manager] Cannot connect to Unity Package Manager local server
2026-03-26T08:08:36.411Z|0x1ac|[Package Manager] Failed to launch server process. Reason: Unity was launched with the -noUpm command-line argument
2026-03-26T08:08:36.411Z|0x1ac|[Package Manager] Unable to send message (not connected to server process).
2026-03-26T08:08:36.411Z|0x1ac|[Package Manager] Cannot connect to Unity Package Manager local server
2026-03-26T08:08:36.721Z|0x1ac|ScheduleIndexationOnStartup MainProcess:False IndexOnStartup:True
Mono: successfully reloaded assembly
2026-03-26T08:08:36.817Z|0x1ac|- Finished resetting the current domain, in  1.101 seconds
2026-03-26T08:08:36.817Z|0x1ac|Domain Reload Profiling: 1989ms
	BeginReloadAssembly (239ms)
		ExecutionOrderSort (0ms)
		DisableScriptedObjects (11ms)
		BackupInstance (0ms)
		ReleaseScriptingObjects (0ms)
		CreateAndSetChildDomain (59ms)
	RebuildCommonClasses (43ms)
	RebuildNativeTypeToScriptingClass (15ms)
	initialDomainReloadingComplete (32ms)
	LoadAllAssembliesAndSetupDomain (557ms)
		LoadAssemblies (424ms)
		RebuildTransferFunctionScriptingTraits (0ms)
		AnalyzeDomain (238ms)
			TypeCache.Refresh (14ms)
				TypeCache.ScanAssembly (1ms)
			BuildScriptInfoCaches (207ms)
			ResolveRequiredComponents (11ms)
	FinalizeReload (1102ms)
		ReleaseScriptCaches (0ms)
		RebuildScriptCaches (0ms)
		SetupLoadedEditorAssemblies (874ms)
			LogAssemblyErrors (0ms)
			InitializePlatformSupportModulesInManaged (13ms)
			SetLoadedEditorAssemblies (7ms)
			BeforeProcessingInitializeOnLoad (238ms)
			ProcessInitializeOnLoadAttributes (520ms)
			ProcessInitializeOnLoadMethodAttributes (89ms)
			AfterProcessingInitializeOnLoad (6ms)
			EditorAssembliesLoaded (0ms)
		ExecutionOrderSort2 (0ms)
		AwakeInstancesAfterBackupRestoration (41ms)
2026-03-26T08:08:37.527Z|0x1ac|Refreshing native plugins compatible for Editor in 3.26 ms, found 3 plugins.
2026-03-26T08:08:37.527Z|0x1ac|Preloading 0 native plugins for Editor in 0.00 ms.
2026-03-26T08:08:37.529Z|0x7190|Unloading 18 Unused Serialized files (Serialized files now loaded: 0)
2026-03-26T08:08:37.558Z|0x1ac|Unloading 5458 unused Assets / (4.6 MB). Loaded Objects now: 6459.
Memory consumption went from 157.0 MB to 152.3 MB.
2026-03-26T08:08:37.559Z|0x1ac|Total: 29.037700 ms (FindLiveObjects: 1.987700 ms CreateObjectMapping: 2.653000 ms MarkObjects: 16.448300 ms  DeleteObjects: 7.944400 ms)

2026-03-26T08:08:37.559Z|0x1ac|Prepare: number of updated asset objects reloaded= 0
2026-03-26T08:18:01.114Z|0x1ac|========================================================================
2026-03-26T08:18:01.114Z|0x1ac|Received Prepare
2026-03-26T08:18:02.040Z|0x1ac|Assembly reference Packages/com.unity.cinemachine/Editor/Samples/ExposeHDRPInternals/HDRP-Editor-ref.asmref has no target assembly definition
Assembly reference Packages/com.unity.cinemachine/Editor/Samples/ExposeHDRPInternals/HDRP-Editor-ref.asmref has no target assembly definition
Begin MonoManager ReloadAssembly
2026-03-26T08:18:02.238Z|0x1ac|[Licensing::Client] Successfully resolved entitlement details
2026-03-26T08:18:05.746Z|0x1ac|- Loaded All Assemblies, in  3.510 seconds
2026-03-26T08:18:05.954Z|0x1ac|Assembly reference Packages/com.unity.cinemachine/Editor/Samples/ExposeHDRPInternals/HDRP-Editor-ref.asmref has no target assembly definition
'Packages/com.unity.cinemachine/Editor/Obsolete/CinemachineVirtualCameraBaseEditor.cs' contains partial class of Unity.Object, exactly 1 of the partial classes needs to be in a file with the same filename. This is to know the one that can be referenced from ie. GameObjects
2026-03-26T08:18:06.129Z|0x1ac|'Packages/com.unity.cinemachine/Editor/Editors/CinemachineVirtualCameraBaseEditor.cs' contains partial class of Unity.Object, exactly 1 of the partial classes needs to be in a file with the same filename. This is to know the one that can be referenced from ie. GameObjects
2026-03-26T08:18:06.179Z|0x1ac|Refreshing native plugins compatible for Editor in 1.62 ms, found 3 plugins.
2026-03-26T08:18:06.257Z|0x1ac|Assertion failed on expression: 'pred(*previous, *i)'
2026-03-26T08:18:06.257Z|0x1ac|Assertion failed on expression: 'pred(*previous, *i)'
2026-03-26T08:18:06.257Z|0x1ac|Assertion failed on expression: 'pred(*previous, *i)'
2026-03-26T08:18:06.376Z|0x1ac|Native extension for Android target not found
2026-03-26T08:18:06.387Z|0x1ac|Native extension for WindowsStandalone target not found
2026-03-26T08:18:06.387Z|0x1ac|Native extension for WebGL target not found
2026-03-26T08:18:06.590Z|0x1ac|Assembly reference Packages/com.unity.cinemachine/Editor/Samples/ExposeHDRPInternals/HDRP-Editor-ref.asmref has no target assembly definition
[MODES] ModeService[none].Initialize
[MODES] ModeService[none].LoadModes
[Package Manager] Failed to launch server process. Reason: Unity was launched with the -noUpm command-line argument
2026-03-26T08:18:06.954Z|0x1ac|[Package Manager] Unable to send message (not connected to server process).
2026-03-26T08:18:06.954Z|0x1ac|[Package Manager] Cannot connect to Unity Package Manager local server
2026-03-26T08:18:06.967Z|0x1ac|[Package Manager] Failed to launch server process. Reason: Unity was launched with the -noUpm command-line argument
2026-03-26T08:18:06.968Z|0x1ac|[Package Manager] Unable to send message (not connected to server process).
2026-03-26T08:18:06.968Z|0x1ac|[Package Manager] Cannot connect to Unity Package Manager local server
2026-03-26T08:18:07.315Z|0x1ac|ScheduleIndexationOnStartup MainProcess:False IndexOnStartup:True
Mono: successfully reloaded assembly
2026-03-26T08:18:07.428Z|0x1ac|- Finished resetting the current domain, in  1.248 seconds
2026-03-26T08:18:07.429Z|0x1ac|Domain Reload Profiling: 4761ms
	BeginReloadAssembly (557ms)
		ExecutionOrderSort (0ms)
		DisableScriptedObjects (18ms)
		BackupInstance (0ms)
		ReleaseScriptingObjects (0ms)
		CreateAndSetChildDomain (62ms)
	RebuildCommonClasses (162ms)
	RebuildNativeTypeToScriptingClass (17ms)
	initialDomainReloadingComplete (34ms)
	LoadAllAssembliesAndSetupDomain (2742ms)
		LoadAssemblies (2630ms)
		RebuildTransferFunctionScriptingTraits (0ms)
		AnalyzeDomain (516ms)
			TypeCache.Refresh (14ms)
				TypeCache.ScanAssembly (1ms)
			BuildScriptInfoCaches (481ms)
			ResolveRequiredComponents (13ms)
	FinalizeReload (1249ms)
		ReleaseScriptCaches (0ms)
		RebuildScriptCaches (0ms)
		SetupLoadedEditorAssemblies (972ms)
			LogAssemblyErrors (0ms)
			InitializePlatformSupportModulesInManaged (15ms)
			SetLoadedEditorAssemblies (9ms)
			BeforeProcessingInitializeOnLoad (285ms)
			ProcessInitializeOnLoadAttributes (550ms)
			ProcessInitializeOnLoadMethodAttributes (107ms)
			AfterProcessingInitializeOnLoad (6ms)
			EditorAssembliesLoaded (0ms)
		ExecutionOrderSort2 (0ms)
		AwakeInstancesAfterBackupRestoration (49ms)
2026-03-26T08:18:13.561Z|0x1ac|Refreshing native plugins compatible for Editor in 1.99 ms, found 3 plugins.
2026-03-26T08:18:13.561Z|0x1ac|Preloading 0 native plugins for Editor in 0.00 ms.
2026-03-26T08:18:13.561Z|0x4bc|Unloading 18 Unused Serialized files (Serialized files now loaded: 0)
2026-03-26T08:18:13.576Z|0x1ac|Unloading 5458 unused Assets / (4.3 MB). Loaded Objects now: 6463.
Memory consumption went from 157.0 MB to 152.7 MB.
2026-03-26T08:18:13.577Z|0x1ac|Total: 14.854100 ms (FindLiveObjects: 0.938100 ms CreateObjectMapping: 1.151000 ms MarkObjects: 8.146400 ms  DeleteObjects: 4.617200 ms)

2026-03-26T08:18:13.577Z|0x1ac|Prepare: number of updated asset objects reloaded= 0
2026-03-26T08:22:55.258Z|0x1ac|========================================================================
Received Import Request.
  Time since last request: 5378.888441 seconds.
  path: Assets/Mirza Beig/Cinematic Explosions FREE/Scripts/CustomImpulse.cs
  artifactKey: Guid(1fe0fb05fe5135c44bdc9ec77f6ec6f4) Importer(2089858483,b0f066a214c2f5e87bad3c948f4d605d)
2026-03-26T08:22:55.275Z|0x1ac|Start importing Assets/Mirza Beig/Cinematic Explosions FREE/Scripts/CustomImpulse.cs using Guid(1fe0fb05fe5135c44bdc9ec77f6ec6f4) Importer(2089858483,b0f066a214c2f5e87bad3c948f4d605d) (ScriptedImporter) -> (artifact id: '38d37d8269e961f49e3f1d5a2d254e4e') in 0.5732885 seconds
2026-03-26T08:22:55.881Z|0x1ac|Number of updated asset objects reloaded before import = 0Number of asset objects unloaded after import = 0

2026-03-26T08:22:55.881Z|0x1ac|========================================================================
Received Import Request.
  Time since last request: 0.000035 seconds.
  path: Assets/Scenes/MainMovement.unity
  artifactKey: Guid(9fc0d4010bbf28b4594072e72b8655ab) Importer(2089858483,b0f066a214c2f5e87bad3c948f4d605d)
2026-03-26T08:22:55.897Z|0x1ac|Start importing Assets/Scenes/MainMovement.unity using Guid(9fc0d4010bbf28b4594072e72b8655ab) Importer(2089858483,b0f066a214c2f5e87bad3c948f4d605d) (ScriptedImporter) -> (artifact id: '1c3d12855311531baa62a7696d916c21') in 0.0473286 seconds
2026-03-26T08:22:55.975Z|0x1ac|Number of updated asset objects reloaded before import = 0Number of asset objects unloaded after import = 1

2026-03-26T08:22:55.975Z|0x1ac|========================================================================
Received Import Request.
  Time since last request: 0.000046 seconds.
  path: Assets/Prefabs/Bullets/Bullet_HalfShotgun.prefab
  artifactKey: Guid(518d5eaa370c0cf4e93b4d03b6df306a) Importer(2089858483,b0f066a214c2f5e87bad3c948f4d605d)
2026-03-26T08:22:55.990Z|0x1ac|Start importing Assets/Prefabs/Bullets/Bullet_HalfShotgun.prefab using Guid(518d5eaa370c0cf4e93b4d03b6df306a) Importer(2089858483,b0f066a214c2f5e87bad3c948f4d605d) (ScriptedImporter) -> (artifact id: '4695c8cd91b1e2cd49186d25f24ac41d') in 0.1032807 seconds
2026-03-26T08:22:56.138Z|0x1ac|Number of updated asset objects reloaded before import = 0Number of asset objects unloaded after import = 15

2026-03-26T08:22:56.138Z|0x1ac|========================================================================
Received Import Request.
  Time since last request: 0.000026 seconds.
  path: Assets/Prefabs/Bullets/Bullet_Assault.prefab
  artifactKey: Guid(97961d6b05c1b6c48b53dd6b1bf6ef30) Importer(2089858483,b0f066a214c2f5e87bad3c948f4d605d)
2026-03-26T08:22:56.153Z|0x1ac|Start importing Assets/Prefabs/Bullets/Bullet_Assault.prefab using Guid(97961d6b05c1b6c48b53dd6b1bf6ef30) Importer(2089858483,b0f066a214c2f5e87bad3c948f4d605d) (ScriptedImporter) -> (artifact id: 'a0023bdf5ca7a1c039b87ac0ebed3f3a') in 0.0287178 seconds
2026-03-26T08:22:56.208Z|0x1ac|Number of updated asset objects reloaded before import = 0Number of asset objects unloaded after import = 15

2026-03-26T08:22:56.208Z|0x1ac|========================================================================
Received Import Request.
  Time since last request: 0.000034 seconds.
  path: Assets/Scripts/WallRun.cs
  artifactKey: Guid(02c4d4837e5dcbd4d96075834d433fad) Importer(2089858483,b0f066a214c2f5e87bad3c948f4d605d)
2026-03-26T08:22:56.222Z|0x1ac|Start importing Assets/Scripts/WallRun.cs using Guid(02c4d4837e5dcbd4d96075834d433fad) Importer(2089858483,b0f066a214c2f5e87bad3c948f4d605d) (ScriptedImporter) -> (artifact id: '6ec72bca990bf8c56975f3f1fef86185') in 0.0182299 seconds
2026-03-26T08:22:56.270Z|0x1ac|Number of updated asset objects reloaded before import = 0Number of asset objects unloaded after import = 0

2026-03-26T08:22:56.270Z|0x1ac|========================================================================
Received Import Request.
  Time since last request: 0.000054 seconds.
  path: Assets/Scripts/Gun.cs
  artifactKey: Guid(a3329c4b0d85c66468bc20470b14c10b) Importer(2089858483,b0f066a214c2f5e87bad3c948f4d605d)
2026-03-26T08:22:56.288Z|0x1ac|Start importing Assets/Scripts/Gun.cs using Guid(a3329c4b0d85c66468bc20470b14c10b) Importer(2089858483,b0f066a214c2f5e87bad3c948f4d605d) (ScriptedImporter) -> (artifact id: '35f955648c76c39d1ff171c4c28348d8') in 0.0158567 seconds
2026-03-26T08:22:56.344Z|0x1ac|Number of updated asset objects reloaded before import = 0Number of asset objects unloaded after import = 0

2026-03-26T08:22:56.344Z|0x1ac|========================================================================
Received Import Request.
  Time since last request: 0.000039 seconds.
  path: Assets/Zombie/Prefabs/Warzombie F Pedroso@Breathing Idle.prefab
  artifactKey: Guid(f0aa9172fa1675b44b6559e6050e34ee) Importer(2089858483,b0f066a214c2f5e87bad3c948f4d605d)
2026-03-26T08:22:56.360Z|0x1ac|Start importing Assets/Zombie/Prefabs/Warzombie F Pedroso@Breathing Idle.prefab using Guid(f0aa9172fa1675b44b6559e6050e34ee) Importer(2089858483,b0f066a214c2f5e87bad3c948f4d605d) (ScriptedImporter) -> (artifact id: '65b1abedfb82942e8539c91191adf351') in 0.2311292 seconds
2026-03-26T08:22:56.625Z|0x1ac|Number of updated asset objects reloaded before import = 0Number of asset objects unloaded after import = 333

2026-03-26T08:22:56.626Z|0x1ac|========================================================================
Received Import Request.
  Time since last request: 0.000052 seconds.
  path: Assets/Prefabs/Bullets/Bullet_Pistol.prefab
  artifactKey: Guid(a067f25cbd1028148beb4f09ba880e8f) Importer(2089858483,b0f066a214c2f5e87bad3c948f4d605d)
2026-03-26T08:22:56.646Z|0x1ac|Start importing Assets/Prefabs/Bullets/Bullet_Pistol.prefab using Guid(a067f25cbd1028148beb4f09ba880e8f) Importer(2089858483,b0f066a214c2f5e87bad3c948f4d605d) (ScriptedImporter) -> (artifact id: '7624c30e7416c89c82c0d9d973907880') in 0.0361347 seconds
2026-03-26T08:22:56.714Z|0x1ac|Number of updated asset objects reloaded before import = 0Number of asset objects unloaded after import = 15

2026-03-26T08:23:56.683Z|0xa358|Editor requested this worker to shutdown with reason: Scaling down because of idle timeout
2026-03-26T08:23:56.717Z|0x1ac|AssetImportWorker is now disconnected from the server
2026-03-26T08:23:56.717Z|0x1ac|Process exiting
2026-03-26T08:23:56.717Z|0x1ac|Exiting without the bug reporter. Application will terminate with return code 0